strike,moneyness,density,cdf,density_lognormal,cdf_lognormal,iv_smooth,as_of,ticker,expiry,dte,target_dte
656.46875,0.8466669858261464,0.00012502972097049405,0.008889219734044995,2.071179589193571e-06,1.2013849226332788e-05,0.2867326434688547,2026-10-05,SPY,2026-11-06,32,30
656.8,0.8470942086590001,0.00012863520904538752,0.008931232988078852,2.1855146073260766e-06,1.2718705929408893e-05,0.2862307287133433,2026-10-05,SPY,2026-11-06,32,30
657.13125,0.8475214314918539,0.00013222050968342795,0.00897443721649327,2.305717663135976e-06,1.3462400541611188e-05,0.2857283965091737,2026-10-05,SPY,2026-11-06,32,30
657.4625,0.8479486543247075,0.00013579192470037385,0.009018826775938016,2.4320646592676397e-06,1.4246922231908886e-05,0.2852256714058773,2026-10-05,SPY,2026-11-06,32,30
657.79375,0.8483758771575612,0.0001393337689589412,0.009064394468950465,2.56484311186855e-06,1.5074353474076767e-05,0.2847225772540347,2026-10-05,SPY,2026-11-06,32,30
658.125,0.8488030999904148,0.00014282154104416965,0.009111126442169604,2.7043525706826806e-06,1.5946873962915285e-05,0.2842191370796211,2026-10-05,SPY,2026-11-06,32,30
658.45625,0.8492303228232685,0.00014633794384006623,0.009159018481853631,2.8509050510707098e-06,1.6866764671609003e-05,0.2837153728864608,2026-10-05,SPY,2026-11-06,32,30
658.7875,0.8496575456561222,0.00014986544408568582,0.00920807716797889,3.004825478142103e-06,1.7836412054173412e-05,0.28321130638547326,2026-10-05,SPY,2026-11-06,32,30
659.11875,0.8500847684889759,0.00015346915005990115,0.009258316960134128,3.166452143191001e-06,1.885831239707308e-05,0.2827069588453048,2026-10-05,SPY,2026-11-06,32,30
659.45,0.8505119913218296,0.00015695648428798372,0.009309731205823013,3.3361371726125347e-06,1.9935076324081906e-05,0.28220235164989493,2026-10-05,SPY,2026-11-06,32,30
659.78125,0.8509392141546832,0.00016041856758428774,0.009362296448789276,3.5142470094801825e-06,2.1069433458576274e-05,0.28169750465990956,2026-10-05,SPY,2026-11-06,32,30
660.1125,0.8513664369875368,0.0001638157792707194,0.00941599776248725,3.701162907951913e-06,2.22642372474563e-05,0.2811924370113152,2026-10-05,SPY,2026-11-06,32,30
660.44375,0.8517936598203906,0.00016726222213821619,0.009470832556470521,3.897281440675402e-06,2.3522469951002124e-05,0.28068716679548283,2026-10-05,SPY,2026-11-06,32,30
660.775,0.8522208826532442,0.00017069840220086715,0.00952680728487676,4.103015019348213e-06,2.4847247802971964e-05,0.28018171202912784,2026-10-05,SPY,2026-11-06,32,30
661.10625,0.8526481054860979,0.00017412249719834494,0.00958391824633964,4.318792428588657e-06,2.6241826345343137e-05,0.27967609015687594,2026-10-05,SPY,2026-11-06,32,30
661.4375,0.8530753283189516,0.0001775431518525431,0.009642162869463733,4.545059373260996e-06,2.7709605942114805e-05,0.2791703180441049,2026-10-05,SPY,2026-11-06,32,30
661.76875,0.8535025511518052,0.00018096245069619036,0.009701540359885907,4.782279039396859e-06,2.9254137476675007e-05,0.2786644120561547,2026-10-05,SPY,2026-11-06,32,30
662.1,0.853929773984659,0.00018440461753579845,0.00976205428056176,5.030932668836332e-06,3.0879128237217124e-05,0.27815838808158544,2026-10-05,SPY,2026-11-06,32,30
662.43125,0.8543569968175125,0.00018781398044035287,0.009823702985851557,5.2915201477179955e-06,3.258844799482184e-05,0.2776522617343007,2026-10-05,SPY,2026-11-06,32,30
662.7625,0.8547842196503663,0.00019120916451938378,0.009886478694235534,5.564560608924409e-06,3.4386135278775634e-05,0.27714604790504055,2026-10-05,SPY,2026-11-06,32,30
663.09375,0.85521144248322,0.00019452054944696162,0.009950365178111209,5.850593048584965e-06,3.627640385376449e-05,0.27663976092292614,2026-10-05,SPY,2026-11-06,32,30
663.425,0.8556386653160736,0.0001979155409156363,0.010015362405577433,6.150176956732054e-06,3.826364940364529e-05,0.2761334140078681,2026-10-05,SPY,2026-11-06,32,30
663.75625,0.8560658881489274,0.00020132128776220013,0.010081486005327323,6.463892962185397e-06,4.0352456426457226e-05,0.275627020622751,2026-10-05,SPY,2026-11-06,32,30
664.0875,0.8564931109817809,0.00020481858912133605,0.01014875292243611,6.7923434917375e-06,4.254760534542597e-05,0.27512059388530163,2026-10-05,SPY,2026-11-06,32,30
664.41875,0.8569203338146347,0.0002082303280734836,0.01021716414934648,7.136153443698956e-06,4.485407984072212e-05,0.2746141472060098,2026-10-05,SPY,2026-11-06,32,30
664.75,0.8573475566474883,0.00021164779399955044,0.010286706463314754,7.495970875836216e-06,4.727707440666269e-05,0.2741076928892011,2026-10-05,SPY,2026-11-06,32,30
665.08125,0.857774779480342,0.00021507743869663847,0.01035738282998011,7.87246770774756e-06,4.982200213923285e-05,0.2736012428657192,2026-10-05,SPY,2026-11-06,32,30
665.4125,0.8582020023131958,0.00021850957706100416,0.010429195679464986,8.266340437682294e-06,5.249450275863992e-05,0.27309480874646097,2026-10-05,SPY,2026-11-06,32,30
665.74375,0.8586292251460493,0.00022195056367480578,0.0105021468902744,8.67831087380609e-06,5.530045087169481e-05,0.27258840175005494,2026-10-05,SPY,2026-11-06,32,30
666.075,0.8590564479789031,0.00022539515880854084,0.010576238525560555,9.109126879906736e-06,5.824596447886092e-05,0.27208203275583476,2026-10-05,SPY,2026-11-06,32,30
666.40625,0.8594836708117567,0.00022885838840939422,0.010651474269318562,9.559563135493895e-06,6.133741373064084e-05,0.27157571226673083,2026-10-05,SPY,2026-11-06,32,30
666.7375,0.8599108936446104,0.00023233302919910685,0.010727859097860004,1.0030421910262333e-05,6.458142993817272e-05,0.2710694505270932,2026-10-05,SPY,2026-11-06,32,30
667.06875,0.860338116477464,0.00023577670261040837,0.010805389772190921,1.052253385284703e-05,6.798491484273879e-05,0.27056325746913223,2026-10-05,SPY,2026-11-06,32,30
667.4,0.8607653393103177,0.00023927852212502664,0.010884070793787726,1.103675879377944e-05,7.155505014884554e-05,0.2700571423975003,2026-10-05,SPY,2026-11-06,32,30
667.73125,0.8611925621431714,0.0002427972674371588,0.010963914596433977,1.1573986562565627e-05,7.529930732572468e-05,0.2695511146645255,2026-10-05,SPY,2026-11-06,32,30
668.0625,0.8616197849760251,0.0002463415047689311,0.011044928205580562,1.2135137818736144e-05,7.922545768170273e-05,0.26904518335745836,2026-10-05,SPY,2026-11-06,32,30
668.39375,0.8620470078088787,0.00024989832350794843,0.01112711792713883,1.272116489675209e-05,8.33415827162308e-05,0.2685393573628683,2026-10-05,SPY,2026-11-06,32,30
668.725,0.8624742306417325,0.0002534758140689724,0.011210489268675072,1.333305266458948e-05,8.765608475402116e-05,0.26803364527139484,2026-10-05,SPY,2026-11-06,32,30
669.05625,0.8629014534745861,0.00025712334370799604,0.011295057254181784,1.3971819395827298e-05,9.217769786585998e-05,0.26752805543891794,2026-10-05,SPY,2026-11-06,32,30
669.3875,0.8633286763074398,0.00026075102772206746,0.01138083019694991,1.4638517655023057e-05,9.691549908045947e-05,0.26702259634540154,2026-10-05,SPY,2026-11-06,32,30
669.71875,0.8637558991402935,0.00026440359174352015,0.011467808930798906,1.5334235196162465e-05,0.00010187891989182755,0.2665172759367425,2026-10-05,SPY,2026-11-06,32,30
670.05,0.8641831219731471,0.00026800701361096176,0.011555989437310732,1.6060095873913672e-05,0.0001070777580663187,0.26601210195444996,2026-10-05,SPY,2026-11-06,32,30
670.38125,0.8646103448060009,0.00027170373388150183,0.011645379029864178,1.6817260567421875e-05,0.0001125221897536572,0.2655070814065027,2026-10-05,SPY,2026-11-06,32,30
670.7125,0.8650375676388544,0.00027542967789985956,0.011735998001190406,1.7606928116336908e-05,0.00011822278190599337,0.26500222159345377,2026-10-05,SPY,2026-11-06,32,30
671.04375,0.8654647904717082,0.0002792702820055162,0.011827870182049782,1.8430336268742813e-05,0.000124190505008969,0.26449752964223017,2026-10-05,SPY,2026-11-06,32,30
671.375,0.8658920133045618,0.00028306797351154494,0.011921007455619748,1.9288762640653316e-05,0.0001304367461288038,0.26399301310565837,2026-10-05,SPY,2026-11-06,32,30
671.70625,0.8663192361374155,0.0002868948723896121,0.012015407551972057,2.018352568665671e-05,0.00013697332227891274,0.26348867884356003,2026-10-05,SPY,2026-11-06,32,30
672.0375,0.8667464589702693,0.0002906951289145282,0.012111070895938103,2.1115985681353697e-05,0.00014381249411005766,0.2629845335370262,2026-10-05,SPY,2026-11-06,32,30
672.36875,0.8671736818031228,0.0002945801714265485,0.012208007117557096,2.2087545711091946e-05,0.00015096697992710104,0.262480583301217,2026-10-05,SPY,2026-11-06,32,30
672.7,0.8676009046359766,0.00029850372405290133,0.012306236637745882,2.309965267558113e-05,0.00015844997003606275,0.2619768344615089,2026-10-05,SPY,2026-11-06,32,30
673.03125,0.8680281274688302,0.000302518815595846,0.012405780995875193,2.4153798298873428e-05,0.00016627514142451572,0.26147329322562274,2026-10-05,SPY,2026-11-06,32,30
673.3625,0.8684553503016839,0.00030652659535334366,0.012506654142063534,2.5251520149177083e-05,0.00017445667277828545,0.26096996604191164,2026-10-05,SPY,2026-11-06,32,30
673.69375,0.8688825731345375,0.0003105694687957306,0.012608860677688294,2.639440266696031e-05,0.0001830092598373855,0.2604668589180883,2026-10-05,SPY,2026-11-06,32,30
674.025,0.8693097959673912,0.00031461922149504526,0.012712407554517746,2.75840782007592e-05,0.00019194813109384094,0.259963977712722,2026-10-05,SPY,2026-11-06,32,30
674.35625,0.869737018800245,0.0003187368603772507,0.012817307155577828,2.8822228050051607e-05,0.00020128906383369666,0.2594613279446831,2026-10-05,SPY,2026-11-06,32,30
674.6875,0.8701642416330986,0.000322899925541203,0.012923578248245526,3.0110583514587335e-05,0.0002110484005257644,0.2589589152027582,2026-10-05,SPY,2026-11-06,32,30
675.01875,0.8705914644659521,0.0003271219815907363,0.01303123812661422,3.145092694943448e-05,0.0002212430655586938,0.25845674498933197,2026-10-05,SPY,2026-11-06,32,30
675.35,0.8710186872988059,0.0003313765555190519,0.013140301946822919,3.284509282507824e-05,0.00023189058232854623,0.2579548228062668,2026-10-05,SPY,2026-11-06,32,30
675.68125,0.8714459101316596,0.00033567505240658343,0.013250782369385705,3.4294968791792334e-05,0.0002430090906781986,0.2574531539756546,2026-10-05,SPY,2026-11-06,32,30
676.0125,0.8718731329645133,0.00033996558273742994,0.013362685349581405,3.580249674751442e-05,0.00025461736468996915,0.256951743713216,2026-10-05,SPY,2026-11-06,32,30
676.34375,0.872300355797367,0.0003443446867991207,0.013476024237973339,3.736967390837904e-05,0.0002667348308322857,0.2564505967891084,2026-10-05,SPY,2026-11-06,32,30
676.675,0.8727275786302205,0.00034877982136940534,0.013590822984638762,3.8998553881112255e-05,0.0002793815864615655,0.2559497181562943,2026-10-05,SPY,2026-11-06,32,30
677.00625,0.8731548014630743,0.00035337013672311047,0.013707116571447742,4.0691247736334885e-05,0.00029257841867927543,0.2554491127311573,2026-10-05,SPY,2026-11-06,32,30
677.3375,0.8735820242959279,0.0003579354315756454,0.01382492655619727,4.2449925081881675e-05,0.00030634682354455534,0.2549487860202138,2026-10-05,SPY,2026-11-06,32,30
677.66875,0.8740092471287817,0.0003625364644869875,0.01394425471398264,4.427681513520708e-05,0.0003207090256424818,0.2544487429561709,2026-10-05,SPY,2026-11-06,32,30
678.0,0.8744364699616354,0.0003671367012235372,0.01406510683205342,4.617420779382297e-05,0.0003356879980070204,0.25394898829033674,2026-10-05,SPY,2026-11-06,32,30
678.33125,0.874863692794489,0.0003718296799765896,0.014187498138939714,4.814445470278228e-05,0.00035130748239819726,0.2534495263626759,2026-10-05,SPY,2026-11-06,32,30
678.6625,0.8752909156273427,0.0003765884341265705,0.014311454889088027,5.018997031812741e-05,0.0003675920099322141,0.252950361689933,2026-10-05,SPY,2026-11-06,32,30
678.99375,0.8757181384601963,0.00038138434725912707,0.014436994131004965,5.2313232965216486e-05,0.000384566922063088,0.2524514987875619,2026-10-05,SPY,2026-11-06,32,30
679.325,0.8761453612930501,0.00038625098764231253,0.014564133733348084,5.451678589076844e-05,0.00040225839191378095,0.2519529419874083,2026-10-05,SPY,2026-11-06,32,30
679.65625,0.8765725841259037,0.00039118047189800297,0.014692895818834373,5.6803238307460176e-05,0.0004206934459545787,0.25145469564224865,2026-10-05,SPY,2026-11-06,32,30
679.9875,0.8769998069587573,0.0003961406876429031,0.01482329588588327,5.917526642989062e-05,0.00043989998602625625,0.25095676407096756,2026-10-05,SPY,2026-11-06,32,30
680.31875,0.8774270297916111,0.00040118015748070795,0.014955352150856971,6.163561450061888e-05,0.0004599068117045686,0.2504591513588086,2026-10-05,SPY,2026-11-06,32,30
680.65,0.8778542526244647,0.0004062882205191756,0.015089089100963071,6.418709580504895e-05,0.00048074364300300235,0.24996186164982237,2026-10-05,SPY,2026-11-06,32,30
680.98125,0.8782814754573185,0.00041154296219242294,0.015224542390599671,6.683259367381458e-05,0.000502441143409617,0.24946489907512712,2026-10-05,SPY,2026-11-06,32,30
681.3125,0.8787086982901721,0.0004168112870547143,0.015361738563131278,6.957506247130935e-05,0.0005250309432535836,0.24896826821191492,2026-10-05,SPY,2026-11-06,32,30
681.64375,0.8791359211230257,0.0004221233173122969,0.015500687106979494,7.241752856900863e-05,0.0005485456633968578,0.2484719732762549,2026-10-05,SPY,2026-11-06,32,30
681.975,0.8795631439558794,0.00042745254785664605,0.015641398109648152,7.536309130212372e-05,0.0005730189392453781,0.24797601830401822,2026-10-05,SPY,2026-11-06,32,30
682.30625,0.8799903667887331,0.00043287847464832714,0.015783890435250525,7.841492390815872e-05,0.0005984854450742328,0.24748040699419524,2026-10-05,SPY,2026-11-06,32,30
682.6375,0.8804175896215869,0.0004383881127341058,0.015928193963785753,8.15762744459104e-05,0.0006249809186607706,0.24698514317475218,2026-10-05,SPY,2026-11-06,32,30
682.96875,0.8808448124544405,0.00044400709865637263,0.01607434067067226,8.485046669330531e-05,0.0006525421862181854,0.24649023071718046,2026-10-05,SPY,2026-11-06,32,30
683.3,0.881272035287294,0.00044967650729259675,0.01622235701790742,8.824090102263122e-05,0.0006812071876232448,0.24599567367623673,2026-10-05,SPY,2026-11-06,32,30
683.63125,0.8816992581201478,0.0004554061346079481,0.016372261330472204,9.175105525151548e-05,0.0007110150019298211,0.24550147594077623,2026-10-05,SPY,2026-11-06,32,30
683.9625,0.8821264809530015,0.0004611716863540708,0.016524069532068975,9.538448546804568e-05,0.0007420058731600231,0.24500764128739713,2026-10-05,SPY,2026-11-06,32,30
684.29375,0.8825537037858552,0.0004670317419425999,0.01667780322488066,9.91448268283849e-05,0.000774221236364016,0.24451417323941416,2026-10-05,SPY,2026-11-06,32,30
684.625,0.8829809266187089,0.00047298175137626,0.016833492959711593,0.00010303579432528374,0.0008077037439397908,0.24402107539665768,2026-10-05,SPY,2026-11-06,32,30
684.95625,0.8834081494515624,0.00047902749751456636,0.0169911694915591,0.00010706118352565275,0.0008424972922017448,0.24352835140107046,2026-10-05,SPY,2026-11-06,32,30
685.2875,0.8838353722844162,0.00048514358828211904,0.017150860327644124,0.00011122487127560954,0.0008786470481887636,0.24303600496062366,2026-10-05,SPY,2026-11-06,32,30
685.61875,0.8842625951172698,0.0004913327389390818,0.01731258921934009,0.00011553081637114675,0.0009161994766998386,0.24254403970011573,2026-10-05,SPY,2026-11-06,32,30
685.95,0.8846898179501236,0.0004975936548891264,0.017476380153317872,0.00011998306019271966,0.0009552023675461559,0.2420524591713392,2026-10-05,SPY,2026-11-06,32,30
686.28125,0.8851170407829773,0.000503941448637128,0.017642259404839433,0.00012458572730193667,0.0009957048630072764,0.24156126684100698,2026-10-05,SPY,2026-11-06,32,30
686.6125,0.8855442636158308,0.0005103773935948755,0.017810255963084165,0.00012934302599847155,0.001037757485477986,0.24107046616810818,2026-10-05,SPY,2026-11-06,32,30
686.94375,0.8859714864486846,0.0005169235010191466,0.01798040267375456,0.0001342592488354605,0.0010814121652932302,0.24058006060379644,2026-10-05,SPY,2026-11-06,32,30
687.275,0.8863987092815382,0.0005237879745171621,0.018152770511890126,0.00013933877309144817,0.0011267222687164082,0.24009005370243902,2026-10-05,SPY,2026-11-06,32,30
687.60625,0.886825932114392,0.0005304723513536216,0.01832738237836251,0.00014458606119703294,0.0011737426260765539,0.23960045022225912,2026-10-05,SPY,2026-11-06,32,30
687.9375,0.8872531549472455,0.0005372037752840766,0.018504216236836846,0.00015000566111435026,0.0012225295600393148,0.2391112534383029,2026-10-05,SPY,2026-11-06,32,30
688.26875,0.8876803777800992,0.0005440418492063673,0.01868329754339304,0.00015560220666740052,0.0012731409139950622,0.23862246637585965,2026-10-05,SPY,2026-11-06,32,30
688.6,0.888107600612953,0.0005509949759747267,0.01886466301756362,0.00016138041782143338,0.0013256360805486075,0.23813409212275666,2026-10-05,SPY,2026-11-06,32,30
688.93125,0.8885348234458066,0.0005580818747944321,0.019048353870972257,0.00016734510090936342,0.001380076030092552,0.2376461338638499,2026-10-05,SPY,2026-11-06,32,30
689.2625,0.8889620462786604,0.0005652530233594537,0.01923440621347905,0.00017350114880326412,0.0014365233394461295,0.23715859496758177,2026-10-05,SPY,2026-11-06,32,30
689.59375,0.889389269111514,0.0005724997860455532,0.019422846522536674,0.0001798535410291202,0.0014950422205422525,0.23667147871783484,2026-10-05,SPY,2026-11-06,32,30
689.925,0.8898164919443676,0.0005798349449282548,0.019613701962354124,0.00018640734382275773,0.0015556985491423374,0.23618478826444914,2026-10-05,SPY,2026-11-06,32,30
690.25625,0.8902437147772213,0.0005872727419968023,0.019807004173001186,0.0001931677101250983,0.001618559893560021,0.23569852668435606,2026-10-05,SPY,2026-11-06,32,30
690.5875,0.890670937610075,0.0005948182124134235,0.020002787987325243,0.00020013987951471177,0.001683695543372589,0.23521269704792488,2026-10-05,SPY,2026-11-06,32,30
690.91875,0.8910981604429288,0.0006024335759556627,0.02020108281477384,0.00020732917807583825,0.0017511765381001965,0.23472730243661466,2026-10-05,SPY,2026-11-06,32,30
691.25,0.8915253832757823,0.0006101592048978953,0.020401918494102778,0.00021474101819968794,0.0018210756958287363,0.23424234574576366,2026-10-05,SPY,2026-11-06,32,30
691.58125,0.8919526061086359,0.0006180114193937353,0.020605334253750995,0.00022238089831749103,0.0018934676417578953,0.2337578298827806,2026-10-05,SPY,2026-11-06,32,30
691.9125,0.8923798289414897,0.0006260501233434416,0.020811381946766794,0.00023025440256296917,0.001968428836647527,0.23327375783921853,2026-10-05,SPY,2026-11-06,32,30
692.24375,0.8928070517743434,0.0006342341607746298,0.02102011653132385,0.0002383672003624831,0.0020460376051403793,0.23279013297421994,2026-10-05,SPY,2026-11-06,32,30
692.575,0.8932342746071971,0.0006424288857411932,0.021231563848402968,0.00024672504595104293,0.002126374163937606,0.2323069587944224,2026-10-05,SPY,2026-11-06,32,30
692.90625,0.8936614974400507,0.0006506693424107835,0.0214457332424407,0.0002553337778121719,0.0022095206498010927,0.23182423828797044,2026-10-05,SPY,2026-11-06,32,30
693.2375,0.8940887202729043,0.0006590279854188103,0.02166265186236238,0.0002641993180397488,0.0022955611473568453,0.2313419741005856,2026-10-05,SPY,2026-11-06,32,30
693.56875,0.8945159431057581,0.0006675481292213264,0.02188236603134963,0.00027332767162011393,0.002384581716674575,0.2308601688845491,2026-10-05,SPY,2026-11-06,32,30
693.9,0.8949431659386117,0.0006761820255550562,0.022104921338234385,0.000282724925632507,0.002476670420595616,0.23037882549635214,2026-10-05,SPY,2026-11-06,32,30
694.23125,0.8953703887714655,0.000684934095360539,0.02233035619576096,0.00029239724836608157,0.0025719173517821468,0.22989794675609276,2026-10-05,SPY,2026-11-06,32,30
694.5625,0.8957976116043191,0.0006938082015021528,0.02255871038867885,0.00030235088835175024,0.002670414659459866,0.2294175354607003,2026-10-05,SPY,2026-11-06,32,30
694.89375,0.8962248344371727,0.0007028611961367183,0.022790033757662753,0.00031259217330722674,0.002772256575826555,0.228937594394047,2026-10-05,SPY,2026-11-06,32,30
695.225,0.8966520572700265,0.0007120416010923142,0.023024377033453836,0.0003231275089933037,0.0028775394420947342,0.22845812658275058,2026-10-05,SPY,2026-11-06,32,30
695.55625,0.8970792801028801,0.0007212974759061705,0.0232617738180817,0.0003339633779800453,0.0029863617341419845,0.22797913504213368,2026-10-05,SPY,2026-11-06,32,30
695.8875,0.8975065029357339,0.0007306108725942333,0.023502246138301985,0.00034510633832115616,0.0030988240877375052,0.2275006225292179,2026-10-05,SPY,2026-11-06,32,30
696.21875,0.8979337257685874,0.0007400428522784975,0.023745823161483992,0.0003565630221348379,0.0032150293233129024,0.22702259145967077,2026-10-05,SPY,2026-11-06,32,30
696.55,0.8983609486014411,0.0007496704345377953,0.023992556924612884,0.0003683401340898169,0.003335082470247953,0.22654504418607097,2026-10-05,SPY,2026-11-06,32,30
696.88125,0.8987881714342948,0.000759489197651789,0.024242511488694274,0.00038044444979511036,0.003459090790639949,0.22606798333792266,2026-10-05,SPY,2026-11-06,32,30
697.2125,0.8992153942671485,0.0007694258805429232,0.024495738048520233,0.00039288281409178123,0.0035871638025209355,0.22559141178425865,2026-10-05,SPY,2026-11-06,32,30
697.54375,0.8996426171000023,0.0007794624424310617,0.024752272677012854,0.0004056621392459004,0.0037194133024960065,0.22511533229101732,2026-10-05,SPY,2026-11-06,32,30
697.875,0.9000698399328558,0.0007896210804250809,0.0250121521354858,0.0004187894030407437,0.0038559533877625648,0.22463974743505588,2026-10-05,SPY,2026-11-06,32,30
698.20625,0.9004970627657095,0.0007999120455028748,0.025275418559467577,0.0004322716467678015,0.003996900477485285,0.22416465969809796,2026-10-05,SPY,2026-11-06,32,30
698.5375,0.9009242855985632,0.0008103697106850781,0.025542121475336188,0.0004461159731146101,0.004142373333484285,0.22369007150506517,2026-10-05,SPY,2026-11-06,32,30
698.86875,0.9013515084314169,0.0008209485418177473,0.025812308560906994,0.00046032954394905284,0.004292493080209906,0.22321598536553292,2026-10-05,SPY,2026-11-06,32,30
699.2,0.9017787312642705,0.0008316633225905071,0.026086022400949482,0.00047491957799854326,0.004447383223963418,0.22274240366521367,2026-10-05,SPY,2026-11-06,32,30
699.53125,0.9022059540971242,0.000842550977526363,0.02636331414440629,0.0004898933484236807,0.004607169671334346,0.2222693287235111,2026-10-05,SPY,2026-11-06,32,30
699.8625,0.9026331769299778,0.0008536057821207594,0.026644240107722816,0.0005052581802849262,0.004771980746812876,0.22179676294327166,2026-10-05,SPY,2026-11-06,32,30
700.19375,0.9030603997628316,0.00086482103803014,0.02692885454981031,0.0005210214479022869,0.004941947209549907,0.2213247087741638,2026-10-05,SPY,2026-11-06,32,30
700.525,0.9034876225956852,0.0008761660497660158,0.02721720553622642,0.0005371905721063688,0.005117202269218959,0.22085316867325458,2026-10-05,SPY,2026-11-06,32,30
700.85625,0.903914845428539,0.000887672514988574,0.0275093412985139,0.0005537730173812908,0.00529788160095559,0.22038214496656788,2026-10-05,SPY,2026-11-06,32,30
701.1875,0.9043420682613926,0.0008993403857401753,0.027805315310197032,0.0005707762888978473,0.005484123359326446,0.21991163997481147,2026-10-05,SPY,2026-11-06,32,30
701.51875,0.9047692910942462,0.0009111596791638193,0.0281051793834467,0.000588207929437573,0.0056760681913030865,0.21944165600337556,2026-10-05,SPY,2026-11-06,32,30
701.85,0.9051965139271,0.0009231568552696549,0.028408988059462348,0.0006060755162064095,0.005873859248193614,0.21897219529173853,2026-10-05,SPY,2026-11-06,32,30
702.18125,0.9056237367599536,0.0009353387063670194,0.028716801386858393,0.0006243866575385321,0.006077642196503988,0.21850326011320853,2026-10-05,SPY,2026-11-06,32,30
702.5125,0.9060509595928073,0.0009476584135830952,0.029028672784849996,0.0006431489894897982,0.006287565227687944,0.21803485279111007,2026-10-05,SPY,2026-11-06,32,30
702.84375,0.9064781824256609,0.0009601586531084426,0.029344654986520724,0.0006623701723209195,0.006503779066750038,0.21756697549859375,2026-10-05,SPY,2026-11-06,32,30
703.175,0.9069054052585146,0.0009728439661026149,0.029664808545327492,0.0006820578868705108,0.006726436979666047,0.21709963042350433,2026-10-05,SPY,2026-11-06,32,30
703.50625,0.9073326280913684,0.0009856802857460567,0.02998918912453996,0.0007022198308181449,0.006955694779583147,0.21663281977558765,2026-10-05,SPY,2026-11-06,32,30
703.8375,0.907759850924222,0.0009986497897323215,0.030317843793290944,0.0007228637148379452,0.007191710831765989,0.21616654564079466,2026-10-05,SPY,2026-11-06,32,30
704.16875,0.9081870737570757,0.0010117521497660254,0.030650816614520404,0.0007439972586426313,0.00743464605724641,0.21570080990482646,2026-10-05,SPY,2026-11-06,32,30
704.5,0.9086142965899293,0.0010251130955713581,0.030988172420779336,0.000765628186919338,0.00768466393514932,0.21523561424765159,2026-10-05,SPY,2026-11-06,32,30
704.83125,0.909041519422783,0.0010386846999211714,0.03132998893065775,0.0007877642251571979,0.00794193050365115,0.21477096062610856,2026-10-05,SPY,2026-11-06,32,30
705.1625,0.9094687422556367,0.00105247604669417,0.03167633742931586,0.0008104130953680732,0.008206614359541824,0.2143068510701558,2026-10-05,SPY,2026-11-06,32,30
705.49375,0.9098959650884904,0.0010664052051373358,0.03202727713665032,0.0008335825117005482,0.008478886656345698,0.21384328770442573,2026-10-05,SPY,2026-11-06,32,30
705.825,0.9103231879213441,0.0010804952418354454,0.03238285752318015,0.0008572801759493811,0.008758921100979577,0.2133802724232587,2026-10-05,SPY,2026-11-06,32,30
706.15625,0.9107504107541977,0.0010947351774783258,0.03274313006137897,0.0008815137729605438,0.009046893948901142,0.21291780697411603,2026-10-05,SPY,2026-11-06,32,30
706.4875,0.9111776335870513,0.0011092382169183516,0.0331081631548259,0.0009062909659334858,0.009342983997717363,0.21245589291022324,2026-10-05,SPY,2026-11-06,32,30
706.81875,0.9116048564199051,0.0011240105390229694,0.0334780449800286,0.0009316193916226729,0.009647372579226193,0.21199453200728682,2026-10-05,SPY,2026-11-06,32,30
707.15,0.9120320792527588,0.001139080781261106,0.0338528694799507,0.0009575066554387692,0.009960243549844346,0.21153372626813213,2026-10-05,SPY,2026-11-06,32,30
707.48125,0.9124593020856124,0.001154208563698726,0.03423269552770958,0.0009839603264522997,0.010281783279401744,0.21107347800938242,2026-10-05,SPY,2026-11-06,32,30
707.8125,0.9128865249184661,0.001169507551269621,0.034617561009251174,0.001010987932300931,0.010612180638262058,0.2106137889624354,2026-10-05,SPY,2026-11-06,32,30
708.14375,0.9133137477513197,0.0011849198010081177,0.03500751303947214,0.0010385969540026984,0.010951626982742407,0.21015466069315614,2026-10-05,SPY,2026-11-06,32,30
708.475,0.9137409705841735,0.0012006805045854827,0.035402628090085875,0.001066794820677069,0.01130031613879842,0.2096960943871952,2026-10-05,SPY,2026-11-06,32,30
708.80625,0.914168193417027,0.0012166731865423147,0.035803002295178854,0.001095588904176221,0.01165844438394639,0.20923809169281238,2026-10-05,SPY,2026-11-06,32,30
709.1375,0.9145954162498808,0.0012329172333319144,0.03620871570847062,0.0011249865136286883,0.012026210427390356,0.20878065428039977,2026-10-05,SPY,2026-11-06,32,30
709.46875,0.9150226390827345,0.0012493495056679165,0.03661984113711736,0.0011549948898985328,0.012403815388333241,0.20832378389862521,2026-10-05,SPY,2026-11-06,32,30
709.8,0.9154498619155881,0.0012660125695292876,0.03703644798082184,0.001185621199961599,0.012791462772431119,0.2078674821386956,2026-10-05,SPY,2026-11-06,32,30
710.13125,0.9158770847484419,0.0012829127276415518,0.037458613733165724,0.001216872531202735,0.01318935844637704,0.20741175057618172,2026-10-05,SPY,2026-11-06,32,30
710.4625,0.9163043075812954,0.0013000429597341265,0.03788641576888718,0.0012487558856364084,0.013597710610582415,0.2069565907816102,2026-10-05,SPY,2026-11-06,32,30
710.79375,0.9167315304141492,0.001317423815590473,0.038319933703550246,0.0012812781740536424,0.014016729769929617,0.20650200428467433,2026-10-05,SPY,2026-11-06,32,30
711.125,0.9171587532470028,0.0013350808227110863,0.03875925478426889,0.0013144462100986524,0.014446628702573565,0.20604799263394372,2026-10-05,SPY,2026-11-06,32,30
711.45625,0.9175859760798565,0.0013529460375978483,0.03920445923300764,0.00134826670427878,0.014887622426773505,0.2055945574709952,2026-10-05,SPY,2026-11-06,32,30
711.7875,0.9180131989127103,0.0013710304750417864,0.03965561784291349,0.0013827462579109723,0.015339928165730122,0.20514170028617568,2026-10-05,SPY,2026-11-06,32,30
712.11875,0.9184404217455638,0.0013892704868077135,0.04011279268971968,0.0014178913570077247,0.0158037653103988,0.2046894224483934,2026-10-05,SPY,2026-11-06,32,30
712.45,0.9188676445784176,0.0014078888921457877,0.04057607221185877,0.0014537083661078716,0.01627935538028092,0.20423772498524786,2026-10-05,SPY,2026-11-06,32,30
712.78125,0.9192948674112712,0.0014267769951314957,0.04104556374943902,0.001490203522054336,0.016766921982152634,0.2037866093188135,2026-10-05,SPY,2026-11-06,32,30
713.1125,0.9197220902441249,0.001446003085103818,0.04152136795023864,0.001527382927724163,0.017266690766731516,0.20333607688356903,2026-10-05,SPY,2026-11-06,32,30
713.44375,0.9201493130769786,0.0014654179022282584,0.04200357205127625,0.001565252545713996,0.01777888938325319,0.20288612933646477,2026-10-05,SPY,2026-11-06,32,30
713.775,0.9205765359098322,0.001485117051098513,0.042492254402920926,0.0016038181919859112,0.018303747431952573,0.2024367680535399,2026-10-05,SPY,2026-11-06,32,30
714.10625,0.921003758742686,0.0015051457331542804,0.042987516676562754,0.0016430855294778772,0.018841496414436096,0.20198799443445842,2026-10-05,SPY,2026-11-06,32,30
714.4375,0.9214309815755396,0.0015254011403434964,0.0434894510024858,0.0016830600616827246,0.01939236968192534,0.20153981003376922,2026-10-05,SPY,2026-11-06,32,30
714.76875,0.9218582044083932,0.001545919247523935,0.043998138441726176,0.0017237471262013817,0.01995660238137798,0.20109221621672618,2026-10-05,SPY,2026-11-06,32,30
715.1,0.922285427241247,0.0015665918164481205,0.044513648086696445,0.0017651518882740428,0.02053443139946395,0.20064521426644705,2026-10-05,SPY,2026-11-06,32,30
715.43125,0.9227126500741006,0.0015876995885372443,0.045036077600647095,0.0018072793342944226,0.02112609530439409,0.20019880503486562,2026-10-05,SPY,2026-11-06,32,30
715.7625,0.9231398729069543,0.0016091328211165845,0.04556555296849596,0.0018501342653128915,0.02173183428560861,0.1997529898182725,2026-10-05,SPY,2026-11-06,32,30
716.09375,0.923567095739808,0.001631062180348332,0.046102210265613564,0.0018937212905316225,0.02235189009129527,0.19930776999064514,2026-10-05,SPY,2026-11-06,32,30
716.425,0.9239943185726616,0.0016531034486664262,0.04664615019791907,0.0019380448207994962,0.022986505963771817,0.1988631475122522,2026-10-05,SPY,2026-11-06,32,30
716.75625,0.9244215414055154,0.0016754501851825873,0.04719744189352526,0.001983109062109496,0.023635926572697873,0.1984191237253395,2026-10-05,SPY,2026-11-06,32,30
717.0875,0.9248487642383689,0.0016980535067010593,0.04775617844249336,0.002028918009105594,0.024300397946141073,0.19797569994796904,2026-10-05,SPY,2026-11-06,32,30
717.41875,0.9252759870712227,0.001721049537276979,0.048322467384152135,0.002075475438604351,0.024980167399498418,0.1975328773148555,2026-10-05,SPY,2026-11-06,32,30
717.75,0.9257032099040764,0.0017443602124658194,0.048896425873953264,0.0021227849031359805,0.0256754834622675,0.19709065717726662,2026-10-05,SPY,2026-11-06,32,30
718.08125,0.92613043273693,0.0017679899439804973,0.04947815886861462,0.002170849724511087,0.026386595802683196,0.1966490408510641,2026-10-05,SPY,2026-11-06,32,30
718.4125,0.9265576555697838,0.0017919682407153362,0.05006777694295472,0.0022196729874193466,0.027113755150237832,0.19620802961777048,2026-10-05,SPY,2026-11-06,32,30
718.74375,0.9269848784026373,0.0018162869195894585,0.050665394203880165,0.002269257533064131,0.027857213216070768,0.19576762479893212,2026-10-05,SPY,2026-11-06,32,30
719.075,0.9274121012354911,0.0018409377874495825,0.051271122045983386,0.002319605952841056,0.0286172226112712,0.19532782771783017,2026-10-05,SPY,2026-11-06,32,30
719.40625,0.9278393240683447,0.0018659531741129622,0.05188507586149216,0.002370720582064763,0.02939403676308683,0.1948886396624324,2026-10-05,SPY,2026-11-06,32,30
719.7375,0.9282665469011984,0.00189133067506934,0.052507375999012895,0.0024226034937505285,0.030187909829064694,0.19445006196606865,2026-10-05,SPY,2026-11-06,32,30
720.06875,0.9286937697340522,0.0019172153079166142,0.05313816642744473,0.002475256492457044,0.030999096609148125,0.19401209598571442,2026-10-05,SPY,2026-11-06,32,30
720.4,0.9291209925669057,0.0019433322264491503,0.053777569612824094,0.002528681108195068,0.03182785245573124,0.1935747434982184,2026-10-05,SPY,2026-11-06,32,30
720.73125,0.9295482153997595,0.001969818256996079,0.05442568516164448,0.002582878590410013,0.03267443318172302,0.19313800589998825,2026-10-05,SPY,2026-11-06,32,30
721.0625,0.9299754382326131,0.001996457675893413,0.055082599613029304,0.0026378499020427077,0.033539094966618416,0.19270188458819967,2026-10-05,SPY,2026-11-06,32,30
721.39375,0.9304026610654668,0.0020236857938533714,0.05574843587520606,0.0026935957136763086,0.034422094260630816,0.1922663803490231,2026-10-05,SPY,2026-11-06,32,30
721.725,0.9308298838983204,0.0020513016632985512,0.05642335567279666,0.0027501163977733845,0.035323687686882266,0.19183149456379223,2026-10-05,SPY,2026-11-06,32,30
722.05625,0.9312571067311741,0.0020793628234536867,0.057107496978414996,0.0028074120230112826,0.03624413194171241,0.19139722862572114,2026-10-05,SPY,2026-11-06,32,30
722.3875,0.9316843295640278,0.002107759256699921,0.05780098907294029,0.0028654823487213837,0.0371836836931299,0.1909635840822295,2026-10-05,SPY,2026-11-06,32,30
722.71875,0.9321115523968815,0.0021365807271962758,0.05850395788277296,0.002924326819437633,0.03814259947742935,0.19053056231913773,2026-10-05,SPY,2026-11-06,32,30
723.05,0.932538775229735,0.0021659388353586547,0.05921656268532105,0.0029839445595620114,0.039121135594033976,0.19009816479296981,2026-10-05,SPY,2026-11-06,32,30
723.38125,0.9329659980625888,0.002195603715023184,0.059938943170227965,0.003044334368151817,0.04011954799858251,0.18966639331193136,2026-10-05,SPY,2026-11-06,32,30
723.7125,0.9333932208954425,0.0022256900260822126,0.060671219946098476,0.0031054947138352963,0.04113809219430781,0.1892352494024136,2026-10-05,SPY,2026-11-06,32,30
724.04375,0.9338204437282962,0.002256189046938662,0.061413531167567426,0.003167423729862827,0.04217702312176756,0.1888047346057568,2026-10-05,SPY,2026-11-06,32,30
724.375,0.9342476665611499,0.002287138309903884,0.06216601976104441,0.003230119209298033,0.043236595046945,0.18837485044112232,2026-10-05,SPY,2026-11-06,32,30
724.70625,0.9346748893940034,0.0023185299926190297,0.06292883357364965,0.0032935786003562765,0.04431706144778872,0.1879455984896313,2026-10-05,SPY,2026-11-06,32,30
725.0375,0.9351021122268572,0.0023503737171540868,0.06370212075058068,0.0033577990018954372,0.0454186748992232,0.18751698035828368,2026-10-05,SPY,2026-11-06,32,30
725.36875,0.9355293350597108,0.0023826685655556528,0.06448603087865445,0.003422777159066846,0.04654168695671302,0.18708899768975426,2026-10-05,SPY,2026-11-06,32,30
725.7,0.9359565578925646,0.0024154240511767362,0.06528071496830068,0.0034885094591292722,0.04768634803838342,0.18666165214495184,2026-10-05,SPY,2026-11-06,32,30
726.03125,0.9363837807254182,0.0024485419195366285,0.06608630933219994,0.0035549919274351317,0.04885290730580847,0.18623494541247196,2026-10-05,SPY,2026-11-06,32,30
726.3625,0.9368110035582718,0.0024822184859466614,0.0669029665243579,0.0036222202235927856,0.05004161254349238,0.18580887894775217,2026-10-05,SPY,2026-11-06,32,30
726.69375,0.9372382263911256,0.0025163822240571667,0.06773085976695226,0.0036901896378103796,0.05125271003709831,0.1853834544551667,2026-10-05,SPY,2026-11-06,32,30
727.025,0.9376654492239792,0.0025512399584657936,0.06857018469093246,0.003758895087427708,0.052486444450500915,0.18495867368908317,2026-10-05,SPY,2026-11-06,32,30
727.35625,0.938092672056833,0.0025864452354531593,0.0694211138011751,0.003828331113642785,0.05374305870174625,0.18453453894546268,2026-10-05,SPY,2026-11-06,32,30
727.6875,0.9385198948896866,0.0026221121331165657,0.07028378111534439,0.0038984918784345677,0.05502279383791457,0.1841110521856438,2026-10-05,SPY,2026-11-06,32,30
728.01875,0.9389471177225402,0.0026581607995171982,0.07115832631981167,0.003969371161692063,0.05632588890903819,0.1836882153095901,2026-10-05,SPY,2026-11-06,32,30
728.35,0.9393743405553939,0.002694822232697197,0.07204491413452208,0.004040962358551882,0.057652580841088825,0.18326602995212388,2026-10-05,SPY,2026-11-06,32,30
728.68125,0.9398015633882476,0.0027320200798058867,0.07294373489253025,0.004113258476949131,0.059003104308100206,0.18284449802923455,2026-10-05,SPY,2026-11-06,32,30
729.0125,0.9402287862211014,0.0027697515817843915,0.0738549658239811,0.0041862521353897,0.06037769160355403,0.1824236215337895,2026-10-05,SPY,2026-11-06,32,30
729.34375,0.940656009053955,0.0028080156444447303,0.07477878352082512,0.004259935560944654,0.061776572511029075,0.18200340251259178,2026-10-05,SPY,2026-11-06,32,30
729.675,0.9410832318868085,0.002846822489912233,0.07571536608682794,0.004334300587474371,0.06319997417424161,0.1815838430481152,2026-10-05,SPY,2026-11-06,32,30
730.00625,0.9415104547196623,0.002886280742174954,0.07666491130964226,0.004409338654085643,0.06464812096653073,0.18116494526721422,2026-10-05,SPY,2026-11-06,32,30
730.3375,0.941937677552516,0.0029262257473860777,0.07762760769697563,0.0044850408038268645,0.06612123435988068,0.18074671157630637,2026-10-05,SPY,2026-11-06,32,30
730.66875,0.9423649003853697,0.002966721550633506,0.07860362709321,0.004561397682623973,0.06761953279353056,0.18032914426101926,2026-10-05,SPY,2026-11-06,32,30
731.0,0.9427921232182234,0.0030077793862216882,0.0795931538108765,0.004638399538463592,0.06914323154229846,0.17991224562215677,2026-10-05,SPY,2026-11-06,32,30
731.33125,0.9432193460510769,0.003049428329086797,0.08059637883872428,0.004716036220824953,0.07069254258465833,0.17949601798687234,2026-10-05,SPY,2026-11-06,32,30
731.6625,0.9436465688839307,0.0030916697674660256,0.08161349821096575,0.004794297180365154,0.07226767447067114,0.17908046375940354,2026-10-05,SPY,2026-11-06,32,30
731.99375,0.9440737917167843,0.0031344933797446866,0.08264470648222233,0.004873171468861421,0.07386883218985615,0.1786655854079743,2026-10-05,SPY,2026-11-06,32,30
732.325,0.9445010145496381,0.0031779155333192164,0.08369019920844845,0.0049526477394145774,0.075496217039109,0.17825138542627672,2026-10-05,SPY,2026-11-06,32,30
732.65625,0.9449282373824918,0.0032219747270618455,0.08475018103282395,0.005032714246913193,0.0771500264906797,0.1778378663551386,2026-10-05,SPY,2026-11-06,32,30
732.9875,0.9453554602153453,0.0032666435575355855,0.08582485843621013,0.005113358848766335,0.07883045406039924,0.1774250308516367,2026-10-05,SPY,2026-11-06,32,30
733.31875,0.9457826830481991,0.0033119501793838074,0.08691443802388732,0.005194569005903999,0.08053768917617143,0.17701288161247355,2026-10-05,SPY,2026-11-06,32,30
733.65,0.9462099058810527,0.0033578978543108338,0.08801913160446784,0.005276331784048217,0.08227191704683062,0.17660142142001606,2026-10-05,SPY,2026-11-06,32,30
733.98125,0.9466371287139065,0.003404584267154195,0.0891391677058353,0.005358633855258763,0.08403331853148904,0.17619065313332502,2026-10-05,SPY,2026-11-06,32,30
734.3125,0.94706435154676,0.003451870434400757,0.09027476801578027,0.005441461499753324,0.08582207000942127,0.17578057988015333,2026-10-05,SPY,2026-11-06,32,30
734.64375,0.9474915743796137,0.003499796410296864,0.0914261378369331,0.005524800608006086,0.08763834325062259,0.1753712047415097,2026-10-05,SPY,2026-11-06,32,30
734.975,0.9479187972124675,0.003548282860300348,0.09259347596612555,0.0056086366831232335,0.08948230528706902,0.17496253082433116,2026-10-05,SPY,2026-11-06,32,30
735.30625,0.9483460200453211,0.0035975138959979495,0.09377699855388733,0.0056929548435002445,0.09135411828484619,0.1745545610825504,2026-10-05,SPY,2026-11-06,32,30
735.6375,0.9487732428781749,0.00364746643514393,0.0949769484212325,0.005777739825759819,0.0932539394171949,0.17414729869062054,2026-10-05,SPY,2026-11-06,32,30
735.96875,0.9492004657110285,0.003698187378619969,0.09619357233413706,0.005862975987971841,0.09518192073857618,0.17374074697629957,2026-10-05,SPY,2026-11-06,32,30
736.3,0.9496276885438821,0.003749575960277719,0.09742710813714184,0.005948647313155339,0.09713820905983872,0.17333490949898422,2026-10-05,SPY,2026-11-06,32,30
736.63125,0.9500549113767358,0.003801656236006972,0.0986777809696513,0.006034737413063895,0.09912294582460379,0.1729297898254057,2026-10-05,SPY,2026-11-06,32,30
736.9625,0.9504821342095895,0.0038544825893158208,0.09994582896259518,0.00612122953225435,0.10113626698695993,0.1725253915657575,2026-10-05,SPY,2026-11-06,32,30
737.29375,0.9509093570424433,0.003908016308836805,0.10123149284260158,0.006208106552437237,0.10317830289052726,0.17212171846917743,2026-10-05,SPY,2026-11-06,32,30
737.625,0.9513365798752969,0.003962297812072645,0.10253501361887696,0.0062953509971106535,0.10524917814903506,0.17171877433046862,2026-10-05,SPY,2026-11-06,32,30
737.95625,0.9517638027081504,0.004017298288049131,0.10385663422295943,0.00638294503647537,0.10734901152847187,0.1713165630568478,2026-10-05,SPY,2026-11-06,32,30
738.2875,0.9521910255410042,0.004073071002627425,0.10519660163672762,0.006470870492630131,0.10947791583089839,0.17091508859634574,2026-10-05,SPY,2026-11-06,32,30
738.61875,0.9526182483738579,0.004129622160278374,0.10655517269183368,0.006559108845047113,0.11163599778004424,0.17051435502911877,2026-10-05,SPY,2026-11-06,32,30
738.95,0.9530454712067116,0.004186946238790283,0.10793260433292928,0.0066476412363248,0.11382335790875142,0.1701143665641786,2026-10-05,SPY,2026-11-06,32,30
739.28125,0.9534726940395652,0.0042450545652636855,0.10932915446610048,0.006736448478218014,0.11604009044839131,0.16971512751381376,2026-10-05,SPY,2026-11-06,32,30
739.6125,0.9538999168724188,0.004303955543917461,0.11074508426543339,0.00682551105794083,0.11828628322029366,0.1693166423013373,2026-10-05,SPY,2026-11-06,32,30
739.94375,0.9543271397052726,0.004363687255066721,0.11218066260401505,0.006914809144742196,0.12056201752932716,0.16891891546314813,2026-10-05,SPY,2026-11-06,32,30
740.275,0.9547543625381262,0.0044242159241865715,0.11363615906807867,0.00700432259675142,0.12286736805971443,0.168521951706845,2026-10-05,SPY,2026-11-06,32,30
740.60625,0.95518158537098,0.004485547350252375,0.1151118386104073,0.007094030968088221,0.12520240277311073,0.16812575583262862,2026-10-05,SPY,2026-11-06,32,30
740.9375,0.9556088082038336,0.004547708163010533,0.11660797155479141,0.0071839135162394116,0.12756718280915885,0.1677303327315636,2026-10-05,SPY,2026-11-06,32,30
741.26875,0.9560360310366872,0.004610700667741876,0.11812483301738452,0.007273949209692368,0.12996176238844698,0.16733568742269841,2026-10-05,SPY,2026-11-06,32,30
741.6,0.956463253869541,0.004674532050749195,0.11966269968638432,0.00736411673582787,0.13238618871810864,0.1669418250442855,2026-10-05,SPY,2026-11-06,32,30
741.93125,0.9568904767023946,0.004739251855782991,0.12122185764590354,0.007454394509063567,0.13484050190002722,0.16654875085444582,2026-10-05,SPY,2026-11-06,32,30
742.2625,0.9573176995352484,0.004804859054353351,0.12280260101539475,0.007544760679246974,0.1373247348418017,0.16615647030898675,2026-10-05,SPY,2026-11-06,32,30
742.59375,0.9577449223681019,0.004871265610270882,0.12440520916297282,0.007635193140293401,0.13983891317055408,0.16576498904527048,2026-10-05,SPY,2026-11-06,32,30
742.925,0.9581721452009556,0.00493848749310456,0.1260299495207191,0.007725669539061279,0.14238305514957944,0.16537431271113245,2026-10-05,SPY,2026-11-06,32,30
743.25625,0.9585993680338094,0.005006600962454095,0.12767710479617078,0.007816167284464964,0.144957171598047,0.16498444698573692,2026-10-05,SPY,2026-11-06,32,30
743.5875,0.959026590866663,0.005075631937928917,0.12934697462029654,0.00790666355681478,0.14756126581369572,0.16459539770663736,2026-10-05,SPY,2026-11-06,32,30
743.91875,0.9594538136995168,0.005145669364119288,0.13103987764844804,0.007997135317382748,0.15019533349869946,0.16420717090392511,2026-10-05,SPY,2026-11-06,32,30
744.25,0.9598810365323703,0.005216584245437765,0.1327561259025306,0.008087559318186286,0.15285936268871747,0.16381977294355077,2026-10-05,SPY,2026-11-06,32,30
744.58125,0.960308259365224,0.0052883309740393986,0.13449600248575633,0.00817791211198583,0.1555533336852532,0.16343321028728547,2026-10-05,SPY,2026-11-06,32,30
744.9125,0.9607354821980777,0.0053609056657453035,0.13625978230422042,0.008268170062486813,0.15827721899128877,0.16304748940591343,2026-10-05,SPY,2026-11-06,32,30
745.24375,0.9611627050309314,0.0054344078651486745,0.13804775610777453,0.008358309354745129,0.1610309832504191,0.1626626167675496,2026-10-05,SPY,2026-11-06,32,30
745.575,0.9615899278637852,0.005508889695965049,0.13986023976633377,0.008448306005764893,0.16381458318941694,0.16227859900313396,2026-10-05,SPY,2026-11-06,32,30
745.90625,0.9620171506966387,0.005584279835632235,0.1416975459700044,0.008538135875282947,0.16662796756432108,0.1618954429859633,2026-10-05,SPY,2026-11-06,32,30
746.2375,0.9624443735294923,0.005660601941302794,0.14355997951430888,0.008627774676735554,0.16947107711018455,0.16151315570105,2026-10-05,SPY,2026-11-06,32,30
746.56875,0.9628715963623461,0.005737872384272159,0.14544785182448206,0.008717197988397207,0.17234384449445023,0.16113174427863508,2026-10-05,SPY,2026-11-06,32,30
746.9,0.9632988191951998,0.005816253615454935,0.1473615039431866,0.008806381264684245,0.175246194274009,0.16075121601485343,2026-10-05,SPY,2026-11-06,32,30
747.23125,0.9637260420280535,0.005895482873710656,0.14930126029920432,0.008895299847619616,0.17817804285611555,0.16037157863362295,2026-10-05,SPY,2026-11-06,32,30
747.5625,0.9641532648609071,0.005975607359038912,0.1512674096190032,0.008983928978445754,0.1811392984630455,0.1599928398412395,2026-10-05,SPY,2026-11-06,32,30
747.89375,0.9645804876937607,0.006056385519207816,0.1532602084394571,0.009072243809381743,0.18412986110067053,0.1596150074036154,2026-10-05,SPY,2026-11-06,32,30
748.225,0.9650077105266145,0.00613809262811027,0.15527991888260106,0.009160219415514715,0.18714962253093254,0.15923808875280648,2026-10-05,SPY,2026-11-06,32,30
748.55625,0.9654349333594681,0.00622102128781298,0.15732689712492565,0.00924783080681724,0.19019846624825942,0.1588620914418931,2026-10-05,SPY,2026-11-06,32,30
748.8875,0.9658621561923219,0.0063052750348302575,0.1594015649533631,0.009335052940284808,0.193276267460043,0.15848702361228253,2026-10-05,SPY,2026-11-06,32,30
749.21875,0.9662893790251755,0.006390535833365731,0.1615043086284077,0.009421860732180947,0.19638289307108836,0.1581128941438039,2026-10-05,SPY,2026-11-06,32,30
749.55,0.9667166018580291,0.006476400073843971,0.16363539488803902,0.009508229070384153,0.19951820167216078,0.15773971213209959,2026-10-05,SPY,2026-11-06,32,30
749.88125,0.9671438246908829,0.006562943395079691,0.1657950361500793,0.00959413282682784,0.20268204353266306,0.15736748625015026,2026-10-05,SPY,2026-11-06,32,30
750.2125,0.9675710475237365,0.006650377976225448,0.16798349250220135,0.009679546870022196,0.20587426059739738,0.15699622488346412,2026-10-05,SPY,2026-11-06,32,30
750.54375,0.9679982703565903,0.006739044039041863,0.17020111552347972,0.009764446077652039,0.2090946864875451,0.15662593647410797,2026-10-05,SPY,2026-11-06,32,30
750.875,0.9684254931894438,0.006828770397208309,0.17244828478948337,0.009848805349238326,0.21234314650577263,0.15625663005208248,2026-10-05,SPY,2026-11-06,32,30
751.20625,0.9688527160222975,0.00691947690889569,0.1747253382495565,0.009932599618857433,0.21561945764560553,0.15588831496193456,2026-10-05,SPY,2026-11-06,32,30
751.5375,0.9692799388551512,0.007011001076628903,0.17703257366590874,0.010015803867904911,0.21892342860493946,0.15552100073894662,2026-10-05,SPY,2026-11-06,32,30
751.86875,0.9697071616880049,0.007103506957351111,0.1793702890590363,0.01009839313789921,0.22225485980388382,0.1551546968649671,2026-10-05,SPY,2026-11-06,32,30
752.2,0.9701343845208587,0.0071970188182126525,0.18173881364061373,0.01018034254331119,0.22561354340677264,0.15478941302784455,2026-10-05,SPY,2026-11-06,32,30
752.53125,0.9705616073537122,0.007291363943869498,0.1841384520355832,0.010261627284412565,0.2289992633484471,0.15442515916271765,2026-10-05,SPY,2026-11-06,32,30
752.8625,0.9709888301865659,0.007386594444585653,0.18656948889367075,0.010342222660134697,0.23241179536485868,0.15406194519791955,2026-10-05,SPY,2026-11-06,32,30
753.19375,0.9714160530194196,0.007482729269314678,0.18903222063378522,0.010422104080923547,0.2358509070278076,0.15369978114513252,2026-10-05,SPY,2026-11-06,32,30
753.525,0.9718432758522733,0.007579793684226926,0.19152695099796524,0.010501247081587603,0.2393163577840764,0.15333867713849086,2026-10-05,SPY,2026-11-06,32,30
753.85625,0.9722704986851269,0.007677754565604764,0.19405398242684313,0.010579627334122852,0.24280789899869792,0.1529786434828397,2026-10-05,SPY,2026-11-06,32,30
754.1875,0.9726977215179806,0.007776601966819352,0.19661361022752566,0.010657220660510535,0.24632527400257243,0.15261969061596786,2026-10-05,SPY,2026-11-06,32,30
754.51875,0.9731249443508342,0.007876325055520144,0.1992061262656002,0.010734003045472472,0.24986821814419047,0.15226182910697825,2026-10-05,SPY,2026-11-06,32,30
754.85,0.973552167183688,0.00797691206798414,0.20183181866418032,0.010809950649181116,0.25343645884573573,0.15190506965457906,2026-10-05,SPY,2026-11-06,32,30
755.18125,0.9739793900165415,0.008078350307978693,0.2044909714951988,0.010885039819907068,0.25702971566322597,0.15154942308529754,2026-10-05,SPY,2026-11-06,32,30
755.5125,0.9744066128493953,0.008180626116511793,0.20718386446550463,0.010959247106600851,0.2606477003509457,0.15119490035161764,2026-10-05,SPY,2026-11-06,32,30
755.84375,0.974833835682249,0.00828372483001536,0.20991077259102275,0.011032549271395421,0.26429011692997695,0.1508415125300438,2026-10-05,SPY,2026-11-06,32,30
756.175,0.9752610585151026,0.008387630792951977,0.21267196586607628,0.01110492330202196,0.26795666176089344,0.1504892708190938,2026-10-05,SPY,2026-11-06,32,30
756.50625,0.9756882813479564,0.008492327299427452,0.21546770892512634,0.011176346424127593,0.2716470236205006,0.1501381865372213,2026-10-05,SPY,2026-11-06,32,30
756.8375,0.97611550418081,0.008597796592898391,0.2182982606947924,0.011246796113488224,0.27536088378271173,0.1497882711206716,2026-10-05,SPY,2026-11-06,32,30
757.16875,0.9765427270136637,0.008704015812062108,0.2211638733743636,0.011316250108104194,0.27909791610338486,0.149439536121271,2026-10-05,SPY,2026-11-06,32,30
757.5,0.9769699498465173,0.00881097143156465,0.2240647931365889,0.011384686420171207,0.28285778710915954,0.14909199319854555,2026-10-05,SPY,2026-11-06,32,30
757.83125,0.977397172679371,0.008918695326015599,0.22700126919331265,0.011452083347918219,0.28664015609029847,0.1487456541264138,2026-10-05,SPY,2026-11-06,32,30
758.1625,0.9778243955122248,0.009027175544897601,0.22997355405630737,0.011518419487299626,0.29044467519730477,0.14840053086378432,2026-10-05,SPY,2026-11-06,32,30
758.49375,0.9782516183450783,0.009136221848378423,0.23298186674956822,0.011583673743537875,0.2942709895415252,0.14805663556441304,2026-10-05,SPY,2026-11-06,32,30
758.825,0.9786788411779321,0.00924591244886945,0.23602640774254946,0.011647825342502681,0.29811873729943494,0.14771398034417116,2026-10-05,SPY,2026-11-06,32,30
759.15625,0.9791060640107857,0.009356221687571532,0.23910738620889715,0.011710853841922194,0.3019875498207566,0.14737257742165222,2026-10-05,SPY,2026-11-06,32,30
759.4875,0.9795332868436394,0.009467122716849425,0.24222500262587898,0.011772739142414404,0.3058770517401942,0.1470324391156825,2026-10-05,SPY,2026-11-06,32,30
759.81875,0.9799605096764931,0.009578587427320595,0.24537944836850667,0.011833461498332004,0.3097868610928054,0.1466935778427873,2026-10-05,SPY,2026-11-06,32,30
760.15,0.9803877325093467,0.009690586482263843,0.2485709052972811,0.011893001528412897,0.31371658943298125,0.14635600611461266,2026-10-05,SPY,2026-11-06,32,30
760.48125,0.9808149553422005,0.009803089262903403,0.251799545342574,0.011951340226226327,0.31766584195685843,0.1460197365353054,2026-10-05,SPY,2026-11-06,32,30
760.8125,0.9812421781750541,0.009916063873737583,0.25506553008082977,0.012008458970408352,0.3216342176281871,0.14568478179885255,2026-10-05,SPY,2026-11-06,32,30
761.14375,0.9816694010079077,0.01002947713178403,0.2583690103098688,0.012064339534678406,0.3256213093075624,0.14535115468638019,2026-10-05,SPY,2026-11-06,32,30
761.475,0.9820966238407615,0.01014329452703741,0.2617101256158607,0.012118964097628753,0.32962670388490384,0.14501886806341377,2026-10-05,SPY,2026-11-06,32,30
761.80625,0.9825238466736151,0.010257480248332762,0.2650890039380309,0.012172315252280616,0.33364998241518007,0.1446879348771003,2026-10-05,SPY,2026-11-06,32,30
762.1375,0.9829510695064688,0.010371959138088836,0.2685057548364064,0.012224376015398424,0.33769072025721747,0.1443583681533936,2026-10-05,SPY,2026-11-06,32,30
762.46875,0.9833782923393225,0.010486744338258401,0.2719604775996759,0.012275129836556448,0.3417484872155874,0.14403018094458447,2026-10-05,SPY,2026-11-06,32,30
762.8,0.9838055151721761,0.010601812521576374,0.2754532698295856,0.012324560606949945,0.34582284768542015,0.1437033863945247,2026-10-05,SPY,2026-11-06,32,30
763.13125,0.9842327380050299,0.010717095354742601,0.27898421394660056,0.012372652667945835,0.3499133608001706,0.14337799775669788,2026-10-05,SPY,2026-11-06,32,30
763.4625,0.9846599608378834,0.010832542977765586,0.2825533727954217,0.012419390819363729,0.3540195805820381,0.14305402835549136,2026-10-05,SPY,2026-11-06,32,30
763.79375,0.9850871836707372,0.010948115565562423,0.28616079436665987,0.012464760327484881,0.358141056095226,0.14273149157373863,2026-10-05,SPY,2026-11-06,32,30
764.125,0.9855144065035909,0.011063767864479369,0.28980651255976,0.012508746932780075,0.3622773316017085,0.1424104008550373,2026-10-05,SPY,2026-11-06,32,30
764.45625,0.9859416293364445,0.011179453251080735,0.2934905460570242,0.012551336857352654,0.36642794671955914,0.14209076970072,2026-10-05,SPY,2026-11-06,32,30
764.7875,0.9863688521692983,0.011295123739654446,0.29721289787111416,0.012592516812090901,0.3705924365837069,0.14177261166678595,2026-10-05,SPY,2026-11-06,32,30
765.11875,0.9867960750021518,0.011410729995728558,0.3009735548960365,0.012632274003523694,0.3747703320089435,0.14145594036079676,2026-10-05,SPY,2026-11-06,32,30
765.45,0.9872232978350056,0.011526221323269562,0.30477248745824503,0.012670596140376281,0.3789611596552294,0.1411407694387317,2026-10-05,SPY,2026-11-06,32,30
765.78125,0.9876505206678592,0.011641545693339991,0.30860964887037046,0.012707471439820301,0.38316444219508616,0.14082711260180628,2026-10-05,SPY,2026-11-06,32,30
766.1125,0.9880777435007129,0.011756649738379896,0.3124849749887485,0.012742888633414095,0.38737969848300835,0.1405149835932512,2026-10-05,SPY,2026-11-06,32,30
766.44375,0.9885049663335667,0.011871478778200151,0.3163983837743065,0.012776836972729296,0.39160644372679154,0.14020439619505273,2026-10-05,SPY,2026-11-06,32,30
766.775,0.9889321891664202,0.011985976828982628,0.32034977485924565,0.012809306234660093,0.39584418966069684,0.13989536422465323,2026-10-05,SPY,2026-11-06,32,30
767.10625,0.989359411999274,0.012100080948665128,0.324339028178668,0.012840286726410717,0.40009244472024363,0.1395879015316118,2026-10-05,SPY,2026-11-06,32,30
767.4375,0.9897866348321276,0.012213738472254125,0.3283660045202573,0.012869769290159936,0.40435071421873964,0.13928202198717338,2026-10-05,SPY,2026-11-06,32,30
767.76875,0.9902138576649813,0.012326913750327965,0.33243055004462185,0.012897745307396779,0.40861850052513654,0.1389777394882097,2026-10-05,SPY,2026-11-06,32,30
768.1,0.990641080497835,0.01243962365510547,0.3365325078023962,0.012924206702927566,0.412895303243398,0.13867506798355367,2026-10-05,SPY,2026-11-06,32,30
768.43125,0.9910683033306886,0.012551596874560101,0.3406716787026214,0.012949145948550064,0.41718061939307916,0.13837402156610087,2026-10-05,SPY,2026-11-06,32,30
768.7625,0.9914955261635424,0.012662878100402937,0.34484782612034914,0.012972556066393429,0.42147394359108514,0.13807461421055722,2026-10-05,SPY,2026-11-06,32,30
769.09375,0.991922748996396,0.012773402974781684,0.349060710173426,0.012994430631921716,0.4257747682344449,0.13777685990402042,2026-10-05,SPY,2026-11-06,32,30
769.425,0.9923499718292496,0.01288310608248533,0.35331006948603527,0.013014763776600304,0.43008258368412183,0.13748077264245076,2026-10-05,SPY,2026-11-06,32,30
769.75625,0.9927771946621033,0.012991920970569079,0.3575956208416968,0.013033550190222414,0.4343968784495007,0.13718636642710433,2026-10-05,SPY,2026-11-06,32,30
770.0875,0.993204417494957,0.01309978020505224,0.36191705884890846,0.013050785122896614,0.43871713937372153,0.1368936552609307,2026-10-05,SPY,2026-11-06,32,30
770.41875,0.9936316403278107,0.01320661541411584,0.3662740556233326,0.013066464386693458,0.443042851819572,0.1366026531449342,2026-10-05,SPY,2026-11-06,32,30
770.75,0.9940588631606644,0.013312357338708334,0.37066626048551854,0.013080584356951079,0.4473734998558324,0.13631337407450012,2026-10-05,SPY,2026-11-06,32,30
771.08125,0.994486085993518,0.013416935888155021,0.3750932996762171,0.013093141973240064,0.4517085664440509,0.13602583203568602,2026-10-05,SPY,2026-11-06,32,30
771.4125,0.9949133088263717,0.013520280210388692,0.37955477609253785,0.013104134739987455,0.4560475336255542,0.1357400410014789,2026-10-05,SPY,2026-11-06,32,30
771.74375,0.9953405316592253,0.013622318724847404,0.3840502690411858,0.013113560726760436,0.46038988270859166,0.13545601492802054,2026-10-05,SPY,2026-11-06,32,30
772.075,0.9957677544920791,0.013722974819803453,0.3885793332845179,0.013121418568210762,0.46473509445557903,0.13517376775079948,2026-10-05,SPY,2026-11-06,32,30
772.40625,0.9961949773249328,0.013822178129069397,0.3931414992416743,0.013127707463680454,0.4690826492701695,0.13489331337550334,2026-10-05,SPY,2026-11-06,32,30
772.7375,0.9966222001577864,0.01391987085314634,0.39773627610435325,0.013132427176470833,0.473432027384273,0.134614665677118,2026-10-05,SPY,2026-11-06,32,30
773.06875,0.9970494229906401,0.014016120837960043,0.40236317472819205,0.013135578032775673,0.4777827090446155,0.13433783851468917,2026-10-05,SPY,2026-11-06,32,30
773.4,0.9974766458234937,0.014110552688200587,0.40702165503096177,0.013137160920281214,0.48213417469903425,0.13406284589752712,2026-10-05,SPY,2026-11-06,32,30
773.73125,0.9979038686563475,0.014203239355007906,0.4117111268381175,0.01313717728643455,0.48648590518218177,0.13378970161855697,2026-10-05,SPY,2026-11-06,32,30
774.0625,0.9983310914892011,0.014294106371962616,0.4164309997241463,0.013135629136383154,0.4908373819005929,0.13351841942803486,2026-10-05,SPY,2026-11-06,32,30
774.39375,0.9987583143220548,0.014383079173448393,0.42118065858010445,0.01313251903058821,0.4951880870170512,0.13324901302968167,2026-10-05,SPY,2026-11-06,32,30
774.725,0.9991855371549085,0.014470083191525764,0.4259594635968026,0.013127850082114643,0.49953750363412025,0.13298149607680762,2026-10-05,SPY,2026-11-06,32,30
775.05625,0.9996127599877621,0.014555043933148456,0.4307667502768261,0.01312162595360109,0.5038851159766521,0.13271588216843164,2026-10-05,SPY,2026-11-06,32,30
775.3875,1.000039982820616,0.01463788710481751,0.4356018294799885,0.013113850853913311,0.5082304095733204,0.1324521848453967,2026-10-05,SPY,2026-11-06,32,30
775.71875,1.0004672056534696,0.014718538676216135,0.4404639874999716,0.01310452953448476,0.5125728714369572,0.13219041758648734,2026-10-05,SPY,2026-11-06,32,30
776.05,1.000894428486323,0.014796925004490175,0.4453524861720879,0.013093667285348214,0.5169119902436263,0.13193059380455102,2026-10-05,SPY,2026-11-06,32,30
776.38125,1.001321651319177,0.014872972938400017,0.45026656301887846,0.013081269930862744,0.5212472565103313,0.1316727268426288,2026-10-05,SPY,2026-11-06,32,30
776.7125,1.0017488741520304,0.014946609898168754,0.4552054314261844,0.013067343825140394,0.5255781627712767,0.13141682997009838,2026-10-05,SPY,2026-11-06,32,30
777.04375,1.0021760969848843,0.01501778835455916,0.46016828488679185,0.013051895847177314,0.5299042037525106,0.13116291637883445,2026-10-05,SPY,2026-11-06,32,30
777.375,1.0026033198177378,0.015086442753604733,0.4651542981640807,0.013034933395693995,0.5342248765450147,0.1309109992085745,2026-10-05,SPY,2026-11-06,32,30
777.70625,1.0030305426505914,0.015152412249087272,0.4701626085239009,0.01301646438369011,0.5385396807759025,0.13066109154984126,2026-10-05,SPY,2026-11-06,32,30
778.0375,1.0034577654834453,0.01521548066052678,0.47519229078705516,0.01299649723271889,0.542848118777848,0.13041320633141937,2026-10-05,SPY,2026-11-06,32,30
778.36875,1.0038849883162988,0.015275781269172357,0.4802424060441608,0.012975040866886505,0.5471496957566085,0.1301673561396426,2026-10-05,SPY,2026-11-06,32,30
778.7,1.0043122111491527,0.015333481223106694,0.4853120651444439,0.012952104706582706,0.5514439199563889,0.129923553455637,2026-10-05,SPY,2026-11-06,32,30
779.03125,1.0047394339820062,0.015388322173877,0.49040036383206853,0.012927698661947852,0.555730302823211,0.12968181093300724,2026-10-05,SPY,2026-11-06,32,30
779.3625,1.0051666568148598,0.01544026562069404,0.4955063486855438,0.012901833126082885,0.560008359166023,0.12944214116285707,2026-10-05,SPY,2026-11-06,32,30
779.69375,1.0055938796477135,0.01548907752283739,0.5006290211436903,0.012874518968008593,0.5642776073154814,0.1292045567011966,2026-10-05,SPY,2026-11-06,32,30
780.025,1.0060211024805672,0.015534815962548085,0.5057673535022067,0.012845767525379895,0.5685375692804582,0.12896906985833426,2026-10-05,SPY,2026-11-06,32,30
780.35625,1.006448325313421,0.01557742985329201,0.5109203192154544,0.012815590596962675,0.5727877709019895,0.1287356928382781,2026-10-05,SPY,2026-11-06,32,30
780.6875,1.0068755481462746,0.015616820618563952,0.5160868669498548,0.012784000434879155,0.5770277420047537,0.12850443774475054,2026-10-05,SPY,2026-11-06,32,30
781.01875,1.0073027709791282,0.015652966795858196,0.5212659254903678,0.012751009736628807,0.5812570165459549,0.12827531652731383,2026-10-05,SPY,2026-11-06,32,30
781.35,1.007729993811982,0.015685824964471077,0.5264564128756717,0.012716631636892487,0.5854751327614447,0.12804834101844623,2026-10-05,SPY,2026-11-06,32,30
781.68125,1.0081572166448356,0.01571530238128138,0.5316572245923112,0.012680879699125515,0.5896816333092298,0.12782352294172292,2026-10-05,SPY,2026-11-06,32,30
782.0125,1.0085844394776893,0.015741460859575975,0.5368672510040775,0.012643767906948775,0.5938760654100167,0.12760087385712485,2026-10-05,SPY,2026-11-06,32,30
782.34375,1.009011662310543,0.015764398518735397,0.5420854089636096,0.012605310655343826,0.5980579809849538,0.12738040529244593,2026-10-05,SPY,2026-11-06,32,30
782.675,1.0094388851433966,0.01578349808828358,0.5473105293391464,0.012565522741659585,0.6022269367904589,0.1271621289184884,2026-10-05,SPY,2026-11-06,32,30
783.00625,1.0098661079762503,0.015799115019277152,0.5525413996350854,0.012524419356439609,0.6063824945499166,0.12694605584174048,2026-10-05,SPY,2026-11-06,32,30
783.3375,1.010293330809104,0.015810468235002265,0.5577767368615734,0.012482016074075772,0.6105242210824117,0.12673219708568953,2026-10-05,SPY,2026-11-06,32,30
783.66875,1.0107205536419577,0.015818971881555562,0.5630153628808776,0.012438328843296903,0.6146516884283402,0.12652056266623604,2026-10-05,SPY,2026-11-06,32,30
784.0,1.0111477764748114,0.015823920571944153,0.568256216943489,0.012393373977501041,0.6187644739717558,0.1263111633793854,2026-10-05,SPY,2026-11-06,32,30
784.33125,1.011574999307665,0.015825516846606772,0.5734981550159358,0.012347168144937616,0.6228621605595849,0.1261040099717021,2026-10-05,SPY,2026-11-06,32,30
784.6625,1.0120022221405187,0.01582297920083362,0.5787399371737925,0.012299728358748893,0.6269443366175049,0.12589911342988203,2026-10-05,SPY,2026-11-06,32,30
784.99375,1.0124294449733724,0.015816735392601703,0.5839802649033294,0.012251071966878042,0.631010596262519,0.12569648403492367,2026-10-05,SPY,2026-11-06,32,30
785.325,1.012856667806226,0.015806782511993522,0.5892179100562773,0.012201216641851621,0.6350605394122016,0.1254961319190597,2026-10-05,SPY,2026-11-06,32,30
785.65625,1.0132838906390798,0.015793055347423084,0.5944516332017424,0.012150180370445844,0.6390937718904618,0.12529806708472058,2026-10-05,SPY,2026-11-06,32,30
785.9875,1.0137111134719334,0.015775541364206103,0.5996801820321054,0.012097981443242827,0.6431099055299598,0.12510229934062655,2026-10-05,SPY,2026-11-06,32,30
786.31875,1.0141383363047871,0.015754104050987264,0.604902279553996,0.012044638444087022,0.6471085582709625,0.12490883829952512,2026-10-05,SPY,2026-11-06,32,30
786.65,1.0145655591376408,0.015729098946956746,0.6101166850505297,0.01199017023944854,0.6510893542567321,0.124717693212364,2026-10-05,SPY,2026-11-06,32,30
786.98125,1.0149927819704945,0.015700384592893878,0.6153221932618168,0.011934595967701883,0.655051923925387,0.1245288734284344,2026-10-05,SPY,2026-11-06,32,30
787.3125,1.0154200048033482,0.01566834632288258,0.6205176393197416,0.011877935028328365,0.6589959040981969,0.12434238821951046,2026-10-05,SPY,2026-11-06,32,30
787.64375,1.0158472276362018,0.015631962423591113,0.6257017529558756,0.011820207071051364,0.6629209380642153,0.12415824728120363,2026-10-05,SPY,2026-11-06,32,30
787.975,1.0162744504690555,0.015591670423317631,0.6308731671461442,0.011761431984909722,0.6668266756614445,0.12397645940293502,2026-10-05,SPY,2026-11-06,32,30
788.30625,1.0167016733019092,0.015547212201400007,0.6360305445808623,0.011701629887281139,0.6707127733542315,0.12379703301352289,2026-10-05,SPY,2026-11-06,32,30
788.6375,1.0171288961347629,0.01549964483486839,0.6411726802774935,0.011640821112860354,0.6745788943071181,0.12361997581782615,2026-10-05,SPY,2026-11-06,32,30
788.96875,1.0175561189676166,0.01544835918017393,0.6462984434424842,0.011579026202602765,0.6784247084549543,0.12344529616614629,2026-10-05,SPY,2026-11-06,32,30
789.3,1.01798334180047,0.015393351789004778,0.6514066018217537,0.01151626589263871,0.6822498925694479,0.12327300223515679,2026-10-05,SPY,2026-11-06,32,30
789.63125,1.018410564633324,0.015334713398912195,0.6564959376185018,0.011452561103169818,0.6860541303219106,0.12310310199219562,2026-10-05,SPY,2026-11-06,32,30
789.9625,1.0188377874661776,0.015272441017149412,0.6615652475686613,0.01138793292735146,0.6898371123424522,0.12293560328108159,2026-10-05,SPY,2026-11-06,32,30
790.29375,1.0192650102990313,0.015206601386462156,0.6666133389667588,0.011322402620172515,0.6935985362753938,0.12277051377864429,2026-10-05,SPY,2026-11-06,32,30
790.625,1.019692233131885,0.015137154448908162,0.6716390235269913,0.011255991587338534,0.6973381068310164,0.12260784104058792,2026-10-05,SPY,2026-11-06,32,30
790.95625,1.0201194559647384,0.015064191963957174,0.6766411215266215,0.01118872137416494,0.7010555358336977,0.12244759239708898,2026-10-05,SPY,2026-11-06,32,30
791.2875,1.0205466787975923,0.014987970902384575,0.6816185110013586,0.011120613654490371,0.7047505422662949,0.12228977502273924,2026-10-05,SPY,2026-11-06,32,30
791.61875,1.0209739016304458,0.014908060115955923,0.6865700411387705,0.01105169021961647,0.7084228523108509,0.1221343962355698,2026-10-05,SPY,2026-11-06,32,30
791.95,1.0214011244632997,0.014824767429974262,0.6914945407010646,0.010981972967279329,0.7120721993857599,0.12198146283515297,2026-10-05,SPY,2026-11-06,32,30
792.28125,1.0218283472961533,0.014738112004093223,0.6963908926073313,0.010911483890665171,0.7156983241790994,0.12183098145622981,2026-10-05,SPY,2026-11-06,32,30
792.6125,1.0222555701290068,0.014648225134047402,0.7012580046958352,0.01084024506747059,0.7193009746785324,0.12168295852039099,2026-10-05,SPY,2026-11-06,32,30
792.94375,1.0226827929618607,0.014555239876316954,0.7060948285881761,0.01076827864902101,0.7228799061974258,0.12153740034250222,2026-10-05,SPY,2026-11-06,32,30
793.275,1.0231100157947142,0.014458838239432208,0.7109002852760964,0.010695606849449191,0.7264348813974891,0.12139431324009255,2026-10-05,SPY,2026-11-06,32,30
793.60625,1.023537238627568,0.014359542201235762,0.7156733295365814,0.010622251934944076,0.729965670307764,0.12125370298464519,2026-10-05,SPY,2026-11-06,32,30
793.9375,1.0239644614604215,0.014257229993414904,0.7204129824313197,0.01054823621307408,0.7334720503401246,0.12111557545981848,2026-10-05,SPY,2026-11-06,32,30
794.26875,1.0243916842932752,0.014152302672263776,0.7251183112790721,0.01047358202219311,0.7369538063012252,0.12097993639126778,2026-10-05,SPY,2026-11-06,32,30
794.6,1.0248189071261289,0.014044145194257947,0.7297883479569642,0.010398311720935461,0.7404107304009373,0.1208467918420631,2026-10-05,SPY,2026-11-06,32,30
794.93125,1.0252461299589826,0.013933188363699878,0.7344220938274997,0.010322447677804934,0.7438426222573539,0.12071614719558175,2026-10-05,SPY,2026-11-06,32,30
795.2625,1.0256733527918365,0.0138191578052282,0.7390185761617263,0.010246012260865474,0.7472492888983305,0.12058800767511786,2026-10-05,SPY,2026-11-06,32,30
795.59375,1.02610057562469,0.013702878096478204,0.7435769133579452,0.010169027827537367,0.7506305447596952,0.12046237780354982,2026-10-05,SPY,2026-11-06,32,30
795.925,1.0265277984575436,0.0135840595849039,0.7480963124114235,0.010091516714508728,0.7539862116799737,0.12033926253321434,2026-10-05,SPY,2026-11-06,32,30
796.25625,1.0269550212903973,0.013463013258262924,0.7525759838510724,0.010013501227762296,0.7573161188919366,0.12021866669136835,2026-10-05,SPY,2026-11-06,32,30
796.5875,1.027382244123251,0.013339329705218327,0.7570151219043983,0.009935003632728218,0.7606201030107624,0.12010059534016297,2026-10-05,SPY,2026-11-06,32,30
796.91875,1.0278094669561046,0.013213337336707062,0.7614129073832167,0.009856046144565743,0.7638980080189747,0.11998505300676926,2026-10-05,SPY,2026-11-06,32,30
797.25,1.0282366897889583,0.013084929479258033,0.7657685578246103,0.009776650918577991,0.7671496852482387,0.11987204405316759,2026-10-05,SPY,2026-11-06,32,30
797.58125,1.028663912621812,0.012954628127540438,0.7700813595532356,0.009696840040767594,0.7703749933579354,0.11976157235822933,2026-10-05,SPY,2026-11-06,32,30
797.9125,1.0290911354546657,0.012822199368432536,0.7743506466072556,0.009616635518535763,0.7735737983106653,0.11965364200895641,2026-10-05,SPY,2026-11-06,32,30
798.24375,1.0295183582875194,0.012687987836013022,0.7785757713629913,0.009536059271529763,0.7767459733447115,0.11954825677936122,2026-10-05,SPY,2026-11-06,32,30
798.575,1.029945581120373,0.012551906951825221,0.7827561289372265,0.009455133122644815,0.7798913989434451,0.1194454205432967,2026-10-05,SPY,2026-11-06,32,30
798.90625,1.0303728039532267,0.01241407370542728,0.7868911194835833,0.009373878789182251,0.7830099628018334,0.11934513698241933,2026-10-05,SPY,2026-11-06,32,30
799.2375,1.0308000267860804,0.012274543510677357,0.7909801717100001,0.009292317874169958,0.7861015597900173,0.1192474096218982,2026-10-05,SPY,2026-11-06,32,30
799.56875,1.031227249618934,0.012133521622100586,0.7950227574976159,0.009210471857848939,0.789166091914021,0.1191522417607588,2026-10-05,SPY,2026-11-06,32,30
799.9,1.0316544724517878,0.011991058095109343,0.7990183910132782,0.009128362089328056,0.7922034682737166,0.11905963665786214,2026-10-05,SPY,2026-11-06,32,30
800.23125,1.0320816952846414,0.01184742531371825,0.8029666398278648,0.009046009778412486,0.7952136050180196,0.1189695974555042,2026-10-05,SPY,2026-11-06,32,30
800.5625,1.0325089181174951,0.011702361347825145,0.8068670732436823,0.008963435987608329,0.7981964252974132,0.11888212749358007,2026-10-05,SPY,2026-11-06,32,30
800.89375,1.0329361409503488,0.011556111068778945,0.8107192577376818,0.00888066162430651,0.8011518592138602,0.11879722968150452,2026-10-05,SPY,2026-11-06,32,30
801.225,1.0333633637832025,0.011408467376761683,0.814522766042724,0.00879770743314937,0.8040798437681493,0.11871490675096867,2026-10-05,SPY,2026-11-06,32,30
801.55625,1.0337905866160562,0.011260177507699714,0.8182772603517123,0.008714593988582583,0.8069803228047447,0.11863516069281234,2026-10-05,SPY,2026-11-06,32,30
801.8875,1.0342178094489098,0.011111085163974972,0.8219825007317081,0.008631341687594858,0.8098532469542041,0.11855799393478901,2026-10-05,SPY,2026-11-06,32,30
802.21875,1.0346450322817635,0.010961385041296859,0.8256382536094556,0.008547970742648446,0.8126985735732122,0.11848340889808288,2026-10-05,SPY,2026-11-06,32,30
802.55,1.0350722551146172,0.010810857083787345,0.8292442812114222,0.008464501174801816,0.8155162666823222,0.11841140819324057,2026-10-05,SPY,2026-11-06,32,30
802.88125,1.0354994779474709,0.010659735445826622,0.832800348099139,0.008380952807027333,0.8183062969014447,0.11834199402978178,2026-10-05,SPY,2026-11-06,32,30
803.2125,1.0359267007803246,0.010508187129155102,0.83630628527562,0.008297345257726471,0.821068641383127,0.11827516847235417,2026-10-05,SPY,2026-11-06,32,30
803.54375,1.0363539236131782,0.010356170603712132,0.8397619445251256,0.00821369793444179,0.8238032837437745,0.11821093358450722,2026-10-05,SPY,2026-11-06,32,30
803.875,1.036781146446032,0.010203838708881795,0.8431671960675235,0.008130030027770598,0.8265102139927667,0.11814929116689428,2026-10-05,SPY,2026-11-06,32,30
804.20625,1.0372083692788854,0.010051375004737982,0.8465219658388413,0.008046360505478762,0.8291894284596268,0.11809024287236942,2026-10-05,SPY,2026-11-06,32,30
804.5375,1.0376355921117393,0.009898722336155711,0.8498262007109264,0.007962708106818124,0.8318409297192448,0.11803379039545332,2026-10-05,SPY,2026-11-06,32,30
804.86875,1.038062814944593,0.00974601420619222,0.8530798602007523,0.0078790913370461,0.8344647265152948,0.11797993517762759,2026-10-05,SPY,2026-11-06,32,30
805.2,1.0384900377774466,0.009593145261129383,0.856282908487527,0.0077955284621510365,0.8370608336818264,0.11792867849467982,2026-10-05,SPY,2026-11-06,32,30
805.53125,1.0389172606103003,0.009440593078203378,0.8594353713999786,0.00771203750378181,0.8396292720631704,0.11788002104334516,2026-10-05,SPY,2026-11-06,32,30
805.8625,1.0393444834431538,0.009288329258137327,0.8625373491619346,0.007628636234383683,0.8421700684321779,0.11783396376138135,2026-10-05,SPY,2026-11-06,32,30
806.19375,1.0397717062760077,0.009136485734445974,0.8655889591450807,0.007545342172539345,0.8446832554069033,0.11779050760662331,2026-10-05,SPY,2026-11-06,32,30
806.525,1.0401989291088611,0.008984924676429213,0.8685903177443816,0.0074621725785162275,0.8471688713657721,0.11774965367845742,2026-10-05,SPY,2026-11-06,32,30
806.85625,1.040626151941715,0.008833778391003674,0.8715415404399247,0.007379144450020015,0.8496269603613046,0.11771140274456236,2026-10-05,SPY,2026-11-06,32,30
807.1875,1.0410533747745687,0.008683077005509276,0.8744427696149718,0.007296274518154607,0.8520575720324489,0.11767575535032922,2026-10-05,SPY,2026-11-06,32,30
807.51875,1.0414805976074222,0.008533052141748178,0.8772941910049858,0.007213579243585917,0.8544607615156634,0.11764271170512224,2026-10-05,SPY,2026-11-06,32,30
807.85,1.041907820440276,0.008383776159350277,0.8800960406923549,0.007131074812913028,0.8568365893546948,0.11761227203765941,2026-10-05,SPY,2026-11-06,32,30
808.18125,1.0423350432731295,0.008235353356809265,0.8828485840184684,0.007048777135242442,0.8591851214092288,0.11758443660691541,2026-10-05,SPY,2026-11-06,32,30
808.5125,1.0427622661059834,0.008087630550344043,0.8855520782280903,0.006966701838965686,0.8615064287624505,0.11755920579621755,2026-10-05,SPY,2026-11-06,32,30
808.84375,1.043189488938837,0.007940752818640828,0.8882067792235782,0.006884864268741599,0.8638005876275154,0.11753657958865414,2026-10-05,SPY,2026-11-06,32,30
809.175,1.0436167117716906,0.007794782426435297,0.8908129772485436,0.006803279482677381,0.8660676792531385,0.11751655774456231,2026-10-05,SPY,2026-11-06,32,30
809.50625,1.0440439346045445,0.007649842531164786,0.8933709932571456,0.006721962249713599,0.8683077898281846,0.11749913979144527,2026-10-05,SPY,2026-11-06,32,30
809.8375,1.044471157437398,0.007505982827830343,0.8958811768322289,0.0066409270472051,0.8705210103855183,0.11748432517511971,2026-10-05,SPY,2026-11-06,32,30
810.16875,1.0448983802702518,0.0073632599036297375,0.8983438951596266,0.006560188058702128,0.8727074367050125,0.11747211323945501,2026-10-05,SPY,2026-11-06,32,30
810.5,1.0453256031031053,0.0072216966616580084,0.9007595285907521,0.006479759171925858,0.8748671692159029,0.11746250322854794,2026-10-05,SPY,2026-11-06,32,30
810.83125,1.045752825935959,0.0070813471334678696,0.9031284702193195,0.006399653976939106,0.8770003128984802,0.11745549420516385,2026-10-05,SPY,2026-11-06,32,30
811.1625,1.0461800487688127,0.006942225678522038,0.905451124466305,0.006319885764509002,0.8791069771852222,0.11745108505285586,2026-10-05,SPY,2026-11-06,32,30
811.49375,1.0466072716016663,0.0068044507111486244,0.9077279177433439,0.006240467524661209,0.8811872758613865,0.11744927437538581,2026-10-05,SPY,2026-11-06,32,30
811.825,1.0470344944345202,0.006668063732549627,0.9099593029480811,0.006161411945420865,0.8832413269652035,0.11745006068556096,2026-10-05,SPY,2026-11-06,32,30
812.15625,1.0474617172673737,0.006533154377902467,0.9121457546976245,0.006082731411741789,0.8852692526876276,0.11745344239964903,2026-10-05,SPY,2026-11-06,32,30
812.4875,1.0478889401002274,0.006399646638446844,0.914287749865957,0.006004438004617235,0.8872711792718262,0.11745941797734988,2026-10-05,SPY,2026-11-06,32,30
812.81875,1.048316162933081,0.0062675685490355985,0.9163857573813835,0.005926543500374678,0.8892472369123392,0.11746798559527405,2026-10-05,SPY,2026-11-06,32,30
813.15,1.0487433857659347,0.00613693507121345,0.918440253293487,0.005849059370147931,0.8911975596540778,0.11747914310672382,2026-10-05,SPY,2026-11-06,32,30
813.48125,1.0491706085987884,0.006007901310070517,0.9204517418191368,0.005771996779525323,0.8931222852911856,0.1174928879655809,2026-10-05,SPY,2026-11-06,32,30
813.8125,1.049597831431642,0.005880488929830679,0.9224207564526202,0.0056953665883742195,0.8950215552657468,0.11750921758205464,2026-10-05,SPY,2026-11-06,32,30
814.14375,1.0500250542644958,0.005754699070923593,0.9243478344652447,0.0056191793508322,0.8968955145665687,0.1175281293030773,2026-10-05,SPY,2026-11-06,32,30
814.475,1.0504522770973495,0.005630535024346812,0.9262335138622733,0.005543445315470999,0.8987443116278742,0.11754962033263647,2026-10-05,SPY,2026-11-06,32,30
814.80625,1.0508794999302031,0.005508017024737368,0.9280783365454024,0.005468174425621678,0.9005680982281719,0.1175736876585047,2026-10-05,SPY,2026-11-06,32,30
815.1375,1.0513067227630568,0.0053872234560918796,0.9298828607500395,0.005393376319863811,0.9023670293892113,0.1176003280347613,2026-10-05,SPY,2026-11-06,32,30
815.46875,1.0517339455959105,0.0052681088114285395,0.9316476501568474,0.00531906033267382,0.9041412632751249,0.11762953816408461,2026-10-05,SPY,2026-11-06,32,30
815.8,1.0521611684287642,0.005150674875933715,0.9333732612050665,0.005245235495228025,0.9058909610918366,0.11766131448560775,2026-10-05,SPY,2026-11-06,32,30
816.13125,1.0525883912616179,0.005034870682353096,0.9350602421881575,0.0051719105363589426,0.9076162869867472,0.11769565311187424,2026-10-05,SPY,2026-11-06,32,30
816.4625,1.0530156140944715,0.0049208508091058275,0.9367091585601801,0.005099093883661227,0.9093174079487528,0.11773254958251063,2026-10-05,SPY,2026-11-06,32,30
816.79375,1.0534428369273252,0.00480867435955436,0.9383206111662392,0.00502679366474297,0.9109944937086696,0.11777199933279109,2026-10-05,SPY,2026-11-06,32,30
817.125,1.053870059760179,0.004698337071085782,0.9398952099344389,0.004955017708619915,0.9126477166400893,0.11781399787188734,2026-10-05,SPY,2026-11-06,32,30
817.45625,1.0542972825930326,0.004589748892198339,0.9414335491721075,0.004883773547248845,0.9142772516607196,0.11785854075284395,2026-10-05,SPY,2026-11-06,32,30
817.7875,1.0547245054258862,0.0044828413491123055,0.9429361969308244,0.004813068417196343,0.9158832761342622,0.11790562322509456,2026-10-05,SPY,2026-11-06,32,30
818.11875,1.05515172825874,0.004377621848199296,0.9444037111478789,0.004742909261440477,0.917465969772848,0.11795523994042766,2026-10-05,SPY,2026-11-06,32,30
818.45,1.0555789510915936,0.00427431367750575,0.9458366879693236,0.00467330273130021,0.9190255145401106,0.11800738493006487,2026-10-05,SPY,2026-11-06,32,30
818.78125,1.0560061739244473,0.004172790468159636,0.9472357395934493,0.004604255188490266,0.9205620945549113,0.11806205243615608,2026-10-05,SPY,2026-11-06,32,30
819.1125,1.056433396757301,0.00407299443167062,0.9486014477174834,0.0045357727072977035,0.9220758959957568,0.11811923643836889,2026-10-05,SPY,2026-11-06,32,30
819.44375,1.0568606195901546,0.003974994963029116,0.9499343959609805,0.004467861076875542,0.9235671070059738,0.11817893041635863,2026-10-05,SPY,2026-11-06,32,30
819.775,1.0572878424230083,0.0038788412682646254,0.9512351875867883,0.004400525803650786,0.9250359175996574,0.11824112762047542,2026-10-05,SPY,2026-11-06,32,30
820.10625,1.057715065255862,0.0037845315530596188,0.9525044337103199,0.004333772113843602,0.9264825195684175,0.11830582129272739,2026-10-05,SPY,2026-11-06,32,30
820.4375,1.0581422880887157,0.003691983523393536,0.9537427315198573,0.004267604956092081,0.927907106389005,0.11837300469863812,2026-10-05,SPY,2026-11-06,32,30
820.76875,1.0585695109215691,0.0036011189632413087,0.9549506516192061,0.004202029004180767,0.9293098731318067,0.11844267081782166,2026-10-05,SPY,2026-11-06,32,30
821.1,1.058996733754423,0.0035119545666356562,0.9561287544225918,0.0041370486598680985,0.9306910163702719,0.11851481202593213,2026-10-05,SPY,2026-11-06,32,30
821.43125,1.0594239565872767,0.003424536505861986,0.957277610756474,0.004072668055810433,0.9320507340912685,0.11858942017689933,2026-10-05,SPY,2026-11-06,32,30
821.7625,1.0598511794201304,0.0033389192350814327,0.9583978081135677,0.00400889105857604,0.9333892256064665,0.11866648683561049,2026-10-05,SPY,2026-11-06,32,30
822.09375,1.060278402252984,0.003255041491710724,0.9594899328589425,0.003945721271749789,0.9347066914646806,0.11874600357971178,2026-10-05,SPY,2026-11-06,32,30
822.425,1.0607056250858375,0.0031728714966666742,0.9605545559476423,0.003883162039119981,0.936003333365304,0.11882796179051626,2026-10-05,SPY,2026-11-06,32,30
822.75625,1.0611328479186914,0.003092386161021438,0.9615922392471967,0.0038212164479479015,0.9372793540727736,0.11891235256833672,2026-10-05,SPY,2026-11-06,32,30
823.0875,1.061560070751545,0.0030137526094962327,0.9626035684810637,0.003759887332312878,0.9385349573321624,0.11899916668641368,2026-10-05,SPY,2026-11-06,32,30
823.41875,1.0619872935843988,0.002936616367029034,0.9635890983428005,0.003699177276532243,0.939770347785863,0.11908839549216912,2026-10-05,SPY,2026-11-06,32,30
823.75,1.0624145164172523,0.002861100841597052,0.964549345255479,0.003639088618649793,0.9409857308914431,0.1191800292643927,2026-10-05,SPY,2026-11-06,32,30
824.08125,1.062841739250106,0.002787200729829336,0.9654848452032462,0.0035796234539916083,0.9421813128406424,0.11927405786380745,2026-10-05,SPY,2026-11-06,32,30
824.4125,1.0632689620829598,0.002714908015351923,0.9663961319641667,0.003520783638783396,0.9433573004795802,0.11937047078397812,2026-10-05,SPY,2026-11-06,32,30
824.74375,1.0636961849158133,0.0026442285076319245,0.9672837389507858,0.003462570793827608,0.9445139012301548,0.11946925719768652,2026-10-05,SPY,2026-11-06,32,30
825.075,1.0641234077486672,0.0025751169549518976,0.9681481930430261,0.003404986308235624,0.9456513230126773,0.11957040608725442,2026-10-05,SPY,2026-11-06,32,30
825.40625,1.0645506305815207,0.0025075560797955276,0.968990010764406,0.0033480313432119866,0.94676977416975,0.11967390611043399,2026-10-05,SPY,2026-11-06,32,30
825.7375,1.0649778534143743,0.002441534043188706,0.9698097038160253,0.0032917068358870832,0.9478694633914034,0.11977974561234417,2026-10-05,SPY,2026-11-06,32,30
826.06875,1.065405076247228,0.0023770125203077023,0.9706077755906042,0.0032360135031945735,0.9489505996415187,0.11988791267303077,2026-10-05,SPY,2026-11-06,32,30
826.4,1.0658322990800817,0.0023139753832762196,0.9713847204621352,0.003180951845790787,0.950013392085531,0.11999839500915496,2026-10-05,SPY,2026-11-06,32,30
826.73125,1.0662595219129356,0.002252424523577994,0.9721410304467079,0.003126522152012303,0.9510580500194393,0.12011117999925339,2026-10-05,SPY,2026-11-06,32,30
827.0625,1.066686744745789,0.002192310213318773,0.9728771896375062,0.00307272450186797,0.9520847828001427,0.1202262548226157,2026-10-05,SPY,2026-11-06,32,30
827.39375,1.0671139675786427,0.002133613413947814,0.9735936707382722,0.003019558771063212,0.9530937997770897,0.12034360629953111,2026-10-05,SPY,2026-11-06,32,30
827.725,1.0675411904114964,0.0020763343731249172,0.974290943340506,0.002967024635051665,0.9540853102252859,0.1204632209073769,2026-10-05,SPY,2026-11-06,32,30
828.05625,1.06796841324435,0.002020276442746323,0.9749694445068846,0.002915121573113719,0.9550595232796143,0.12058508492237681,2026-10-05,SPY,2026-11-06,32,30
828.3875,1.0683956360772038,0.0019657663015569633,0.9756296328364097,0.0028638488724547838,0.9560166478705558,0.12070918331171127,2026-10-05,SPY,2026-11-06,32,30
828.71875,1.0688228589100575,0.0019125340120484094,0.9762719763258505,0.002813205632324682,0.9569568926612273,0.12083550193524246,2026-10-05,SPY,2026-11-06,32,30
829.05,1.0692500817429111,0.0018605960715582163,0.9768969009959478,0.0027631907681516747,0.9578804659858118,0.12096402601036899,2026-10-05,SPY,2026-11-06,32,30
829.38125,1.0696773045757648,0.0018099297489385506,0.9775048318349675,0.002713803015689545,0.9587875757893577,0.12109474035266429,2026-10-05,SPY,2026-11-06,32,30
829.7125,1.0701045274086185,0.001760558006255736,0.9780961938694215,0.0026650409351750013,0.9596784295689476,0.12122762937354523,2026-10-05,SPY,2026-11-06,32,30
830.04375,1.0705317502414722,0.001712439101300635,0.9786714090153604,0.0026169029154922943,0.9605532343162425,0.12136267739830182,2026-10-05,SPY,2026-11-06,32,30
830.375,1.0709589730743259,0.001665551793695516,0.9792308887573441,0.0025693871783412955,0.9614121964614238,0.12149986855682855,2026-10-05,SPY,2026-11-06,32,30
830.70625,1.0713861959071795,0.0016198158888332038,0.9797750277797628,0.002522491782408596,0.9622555218184877,0.1216391868105591,2026-10-05,SPY,2026-11-06,32,30
831.0375,1.0718134187400332,0.0015752164183553815,0.9803042050056409,0.002476214627535591,0.9630834155319561,0.12178061554767791,2026-10-05,SPY,2026-11-06,32,30
831.36875,1.072240641572887,0.0015317186735288016,0.9808187911302341,0.002430553458884836,0.96389608202493,0.12192413762437788,2026-10-05,SPY,2026-11-06,32,30
831.7,1.0726678644057406,0.0014894306384727668,0.9813191689850342,0.0023855058710980227,0.9646937249485594,0.12206973526081562,2026-10-05,SPY,2026-11-06,32,30
832.03125,1.0730950872385943,0.0014482617302068008,0.9818057242835968,0.002341069312446797,0.9654765471328572,0.12221739103072154,2026-10-05,SPY,2026-11-06,32,30
832.3625,1.073522310071448,0.0014082027087588763,0.9822788262063004,0.0022972410889712616,0.9662447505389051,0.12236708738927489,2026-10-05,SPY,2026-11-06,32,30
832.69375,1.0739495329043016,0.0013691262126240918,0.9827388213089043,0.0022540183686048055,0.9669985362124278,0.1225188067997704,2026-10-05,SPY,2026-11-06,32,30
833.025,1.0743767557371553,0.001331074301286217,0.9831860420190207,0.0022113981852836815,0.967738104238717,0.1226725309104126,2026-10-05,SPY,2026-11-06,32,30
833.35625,1.074803978570009,0.0012940198023536744,0.983620823229936,0.0021693774430375356,0.9684636536989277,0.12282824104626221,2026-10-05,SPY,2026-11-06,32,30
833.6875,1.0752312014028627,0.0012579685620075884,0.9840434963027832,0.002127952920059779,0.9691753826277211,0.1229859181692619,2026-10-05,SPY,2026-11-06,32,30
834.01875,1.0756584242357163,0.0012228795993353765,0.9844543867795056,0.002087121272755091,0.969873487972256,0.1231455431145245,2026-10-05,SPY,2026-11-06,32,30
834.35,1.07608564706857,0.0011887303420026862,0.9848538096760396,0.0020468790397631096,0.9705581655525047,0.12330709644175882,2026-10-05,SPY,2026-11-06,32,30
834.68125,1.0765128699014237,0.0011555034629183436,0.9852420733999796,0.0020072226459544673,0.9712296100229121,0.12347055843144304,2026-10-05,SPY,2026-11-06,32,30
835.0125,1.0769400927342774,0.0011231712311731822,0.9856194788961885,0.001968148406398577,0.9718880148353711,0.12363590912522458,2026-10-05,SPY,2026-11-06,32,30
835.34375,1.077367315567131,0.0010917064068651345,0.9859863180049885,0.0019296525303017435,0.9725335722034928,0.12380312827287947,2026-10-05,SPY,2026-11-06,32,30
835.675,1.0777945383999845,0.0010611148659013547,0.9863428790282904,0.0018917311249118595,0.973166473068197,0.12397219527575525,2026-10-05,SPY,2026-11-06,32,30
836.00625,1.0782217612328384,0.0010313697946666026,0.986689446800197,0.001854380199389855,0.9737869070645793,0.12414308943366476,2026-10-05,SPY,2026-11-06,32,30
836.3375,1.078648984065692,0.0010024725082066232,0.9870263019316102,0.0018175956686457611,0.9743950624900488,0.1243157899004267,2026-10-05,SPY,2026-11-06,32,30
836.66875,1.0790762068985458,0.0009743233342709105,0.9873537087430205,0.0017813733571365997,0.9749911262737498,0.12449027590460969,2026-10-05,SPY,2026-11-06,32,30
837.0,1.0795034297313995,0.0009469464330080278,0.9876719190482262,0.0017457090026269085,0.9755752839472098,0.12466652599032851,2026-10-05,SPY,2026-11-06,32,30
837.33125,1.079930652564253,0.0009203079159299759,0.9879811830497689,0.0017105982599076922,0.9761477196162499,0.12484451842280403,2026-10-05,SPY,2026-11-06,32,30
837.6625,1.0803578753971068,0.0008944387161532544,0.9882817504607077,0.001676036704474652,0.9767086159341064,0.12502423103953958,2026-10-05,SPY,2026-11-06,32,30
837.99375,1.0807850982299603,0.0008692871703635826,0.988573867560662,0.0016420198361632313,0.9772581540757667,0.12520564175517257,2026-10-05,SPY,2026-11-06,32,30
838.325,1.0812123210628142,0.0008448246571934112,0.9888577673321011,0.0016085430827394373,0.9777965137135026,0.12538872824245978,2026-10-05,SPY,2026-11-06,32,30
838.65625,1.0816395438956679,0.0008210659090318961,0.9891336804571321,0.001575601803445082,0.9783238729935885,0.12557346782395604,2026-10-05,SPY,2026-11-06,32,30
838.9875,1.0820667667285213,0.0007979803191490393,0.9894018349886745,0.0015431912924965471,0.9788404085141832,0.12575983782027064,2026-10-05,SPY,2026-11-06,32,30
839.31875,1.0824939895613752,0.0007755778820297813,0.9896624555657447,0.0015113067825362973,0.9793462953043581,0.1259478154276946,2026-10-05,SPY,2026-11-06,32,30
839.65,1.0829212123942287,0.0007537628086005906,0.9899157526176303,0.001479943448034923,0.9798417068042721,0.1261373780339371,2026-10-05,SPY,2026-11-06,32,30
839.98125,1.0833484352270826,0.0007325579015040771,0.9901619244852414,0.00144909640864411,0.9803268148464555,0.12632850235570067,2026-10-05,SPY,2026-11-06,32,30
840.3125,1.083775658059936,0.000711908838990857,0.9904011642891358,0.001418760732498855,0.9808017896382016,0.1265211648596269,2026-10-05,SPY,2026-11-06,32,30
840.64375,1.0842028808927897,0.0006919037785702435,0.9906336707539194,0.0013889314394685344,0.9812667997450375,0.12671534131562043,2026-10-05,SPY,2026-11-06,32,30
840.975,1.0846301037256436,0.0006724690623901498,0.9908596450057034,0.0013596035043552108,0.9817220120752731,0.1269110080013728,2026-10-05,SPY,2026-11-06,32,30
841.30625,1.085057326558497,0.0006536028492991603,0.9910792756660769,0.0013307718600396882,0.9821675918655914,0.1271081410590629,2026-10-05,SPY,2026-11-06,32,30
841.6375,1.085484549391351,0.0006352558213722005,0.9912927428834069,0.0013024314005737265,0.9826037026676749,0.1273067166670445,2026-10-05,SPY,2026-11-06,32,30
841.96875,1.0859117722242044,0.0006174332677136054,0.9915002195137866,0.0012745769842178048,0.9830305063358522,0.12750671063084734,2026-10-05,SPY,2026-11-06,32,30
842.3,1.086338995057058,0.0006001233179778401,0.9917018773232917,0.0012472034364246411,0.9834481630157332,0.1277080986223209,2026-10-05,SPY,2026-11-06,32,30
842.63125,1.0867662178899118,0.0005833062627918073,0.9918978828476067,0.0012203055527670228,0.9838568311338312,0.1279108562163631,2026-10-05,SPY,2026-11-06,32,30
842.9625,1.0871934407227655,0.0005669719414431562,0.9920883976751831,0.0011938781018101018,0.9842566673881414,0.12811495882403665,2026-10-05,SPY,2026-11-06,32,30
843.29375,1.0876206635556194,0.0005511096288059855,0.9922735799352556,0.0011679158279277102,0.9846478267396616,0.12832038174106913,2026-10-05,SPY,2026-11-06,32,30
843.625,1.0880478863884728,0.0005357003132531799,0.9924535828319091,0.0011424134540619032,0.985030462404839,0.12852710018846622,2026-10-05,SPY,2026-11-06,32,30
843.95625,1.0884751092213265,0.0005207335561864917,0.992628554691535,0.001117365684425998,0.9854047258489198,0.12873508923904262,2026-10-05,SPY,2026-11-06,32,30
844.2875,1.0889023320541802,0.0005061713869475092,0.9927986358227415,0.001092767207150419,0.9857707667801857,0.12894432385092747,2026-10-05,SPY,2026-11-06,32,30
844.61875,1.0893295548870339,0.0004920598756847231,0.992963967875615,0.001068612696871718,0.9861287331450532,0.12915477851318607,2026-10-05,SPY,2026-11-06,32,30
844.95,1.0897567777198875,0.00047835622800075465,0.9931246930427879,0.0010448968172635212,0.9864787711240308,0.12936642805168497,2026-10-05,SPY,2026-11-06,32,30
845.28125,1.0901840005527412,0.0004650872068213697,0.9932809508616803,0.0010216142235108057,0.9868210251284928,0.12957924721886224,2026-10-05,SPY,2026-11-06,32,30
845.6125,1.090611223385595,0.00045215783038382633,0.9934328695709674,0.0009987595647259874,0.9871556377982731,0.12979321126021495,2026-10-05,SPY,2026-11-06,32,30
845.94375,1.0910384462184486,0.00043960251252331755,0.9935805673777613,0.0009763274863077694,0.9874827500000447,0.13000829471558176,2026-10-05,SPY,2026-11-06,32,30
846.275,1.0914656690513023,0.00042740051982107625,0.9937241647549934,0.0009543126322424817,0.9878025008264713,0.13022447206060245,2026-10-05,SPY,2026-11-06,32,30
846.60625,1.091892891884156,0.0004155628159605797,0.9938637805574821,0.0009327096473475939,0.988115027596115,0.1304417175578148,2026-10-05,SPY,2026-11-06,32,30
846.9375,1.0923201147170096,0.0004040678409652983,0.9939995318850354,0.0009115131794583307,0.988420465854073,0.13066000558183674,2026-10-05,SPY,2026-11-06,32,30
847.26875,1.0927473375498633,0.000392886439830302,0.9941315274377922,0.0008907178815566536,0.9887189493733319,0.13087931045646678,2026-10-05,SPY,2026-11-06,32,30
847.6,1.093174560382717,0.00038204961057398555,0.9942598762211404,0.0008703184138431883,0.9890106101568202,0.13109960615131455,2026-10-05,SPY,2026-11-06,32,30
847.93125,1.0936017832155707,0.00037152687213977013,0.9943846873260899,0.0008503094457527947,0.9892955784401289,0.13132086692133507,2026-10-05,SPY,2026-11-06,32,30
848.2625,1.0940290060484243,0.00036131116987281033,0.9945060636267982,0.0008306856579127593,0.9895739826949023,0.13154306698804175,2026-10-05,SPY,2026-11-06,32,30
848.59375,1.094456228881278,0.00035138856946635683,0.9946241045211262,0.0008114417440452575,0.9898459496328587,0.13176618057774997,2026-10-05,SPY,2026-11-06,32,30
848.925,1.0948834517141317,0.0003417530346307844,0.9947389060993047,0.0007925724128135822,0.9901116042104366,0.1319901818423386,2026-10-05,SPY,2026-11-06,32,30
849.25625,1.0953106745469854,0.0003323957558540359,0.9948505619927288,0.0007740723896128057,0.9903710696340413,0.1322150449037648,2026-10-05,SPY,2026-11-06,32,30
849.5875,1.095737897379839,0.0003233096828124252,0.9949591632060079,0.0007559364183049819,0.9906244673658773,0.13244074384982027,2026-10-05,SPY,2026-11-06,32,30
849.91875,1.0961651202126927,0.00031448634133183974,0.9950647981725068,0.0007381592628997047,0.9908719171303445,0.1326672527559804,2026-10-05,SPY,2026-11-06,32,30
850.25,1.0965923430455464,0.0003059313297418265,0.9951675548492783,0.0007207357091801626,0.9911135369209818,0.13289454567925355,2026-10-05,SPY,2026-11-06,32,30
850.58125,1.0970195658784,0.00029760988852498054,0.9952675163635538,0.0007036605662749625,0.9913494430079451,0.13312259690132872,2026-10-05,SPY,2026-11-06,32,30
850.9125,1.0974467887112538,0.00028952757255228416,0.9953647610055447,0.0006869286681769384,0.9915797499459899,0.1333513804482533,2026-10-05,SPY,2026-11-06,32,30
851.24375,1.0978740115441075,0.00028165436449918826,0.9954593630138688,0.0006705348752087051,0.9918045705829517,0.13358087031407476,2026-10-05,SPY,2026-11-06,32,30
851.575,1.0983012343769611,0.0002740320432310959,0.9955513985751492,0.0006544740754356022,0.9920240160687069,0.13381104003015945,2026-10-05,SPY,2026-11-06,32,30
851.90625,1.0987284572098148,0.00026663181357526475,0.9956409460264327,0.0006387411860272569,0.9922381958645856,0.1340418635641717,2026-10-05,SPY,2026-11-06,32,30
852.2375,1.0991556800426683,0.0002594586846494735,0.9957280797652012,0.0006233311545674689,0.9924472177532317,0.13427331492553018,2026-10-05,SPY,2026-11-06,32,30
852.56875,1.0995829028755222,0.00025247777297695813,0.9958128692409955,0.0006082389603133934,0.9926511878488903,0.13450536839530822,2026-10-05,SPY,2026-11-06,32,30
852.9,1.1000101257083756,0.00024569533332509565,0.9958953791617268,0.000593459615405067,0.992850210608096,0.13473799797899957,2026-10-05,SPY,2026-11-06,32,30
853.23125,1.1004373485412295,0.00023910692200755944,0.9959756745352663,0.000578988166024893,0.9930443888407645,0.13497117763771255,2026-10-05,SPY,2026-11-06,32,30
853.5625,1.1008645713740832,0.00023270773302124117,0.9960538188375053,0.0005648196935089608,0.9932338237216499,0.13520488131684236,2026-10-05,SPY,2026-11-06,32,30
853.89375,1.1012917942069367,0.00022649171314393642,0.9961298737457764,0.0005509493154099056,0.9934186148021689,0.13543908296585458,2026-10-05,SPY,2026-11-06,32,30
854.225,1.1017190170397906,0.00022044324655467516,0.9962038973484766,0.0005373721865122984,0.9935988600225676,0.13567375652980432,2026-10-05,SPY,2026-11-06,32,30
854.55625,1.102146239872644,0.0002145765703429385,0.9962759475056502,0.0005240834998017745,0.9937746557244143,0.13590887573395863,2026-10-05,SPY,2026-11-06,32,30
854.8875,1.102573462705498,0.00020887888936852245,0.996346082316165,0.0005110784873876391,0.993946096663409,0.1361444144883504,2026-10-05,SPY,2026-11-06,32,30
855.21875,1.1030006855383514,0.0002033444054974209,0.9964143567993771,0.0004983524213805276,0.9941132760224907,0.13638034673353058,2026-10-05,SPY,2026-11-06,32,30
855.55,1.103427908371205,0.00019796599013235252,0.9964808238336532,0.0004859006147255619,0.9942762854252238,0.1366166464242186,2026-10-05,SPY,2026-11-06,32,30
855.88125,1.103855131204059,0.00019273978202374745,0.9965455344771665,0.00047371842199145294,0.9944352149494609,0.13685328747842532,2026-10-05,SPY,2026-11-06,32,30
856.2125,1.1042823540369124,0.00018766260351854946,0.996608538622272,0.0004618012401170418,0.9945901531412505,0.13709024379302456,2026-10-05,SPY,2026-11-06,32,30
856.54375,1.1047095768697663,0.00018272794017757947,0.9966698845560716,0.00045014450911503776,0.9947411870289946,0.13732748927289137,2026-10-05,SPY,2026-11-06,32,30
856.875,1.1051367997026198,0.00017793221970944715,0.996729618895053,0.0004387437127348937,0.9948884021378237,0.1375649977817539,2026-10-05,SPY,2026-11-06,32,30
857.20625,1.1055640225354735,0.00017327260308374107,0.9967877871938281,0.0004275943790843742,0.9950318825041924,0.13780274315506696,2026-10-05,SPY,2026-11-06,32,30
857.5375,1.1059912453683272,0.0001687431506504493,0.9968444335530403,0.00041669208121185693,0.9951717106906669,0.13804069922823112,2026-10-05,SPY,2026-11-06,32,30
857.86875,1.1064184682011808,0.0001643405591053074,0.9968996005424686,0.00040603243764891436,0.995307967800906,0.13827883978930083,2026-10-05,SPY,2026-11-06,32,30
858.2,1.1068456910340347,0.00016005404935750487,0.9969533283994952,0.00039561111291513685,0.9954407334948092,0.13851713858932013,2026-10-05,SPY,2026-11-06,32,30
858.53125,1.1072729138668882,0.0001558933183961204,0.9970056571822794,0.0003854238179850331,0.9955700860038303,0.13875556916605966,2026-10-05,SPY,2026-11-06,32,30
655.82,0.8438389983707478,0.0002729974216511824,0.019750931366732227,6.251390882046818e-05,0.0006097417960664035,0.2578698217148979,2026-10-05,SPY,2026-11-30,56,60
656.19,0.8443150747779894,0.00028004282496974767,0.019853243812357202,6.470213125462875e-05,0.0006332747102760483,0.25743659480547526,2026-10-05,SPY,2026-11-30,56,60
656.56,0.8447911511852308,0.00028704670588258676,0.01995815537556478,6.695780353617792e-05,0.0006576296918737697,0.25700305028203035,2026-10-05,SPY,2026-11-30,56,60
656.93,0.8452672275924724,0.00029402567228666504,0.02006565376552616,6.928266547636697e-05,0.0006828320181473898,0.25656921362027263,2026-10-05,SPY,2026-11-30,56,60
657.3,0.845743303999714,0.0003009009916396522,0.020175715198352484,7.1678490127878e-05,0.000708907616256291,0.25613510957902674,2026-10-05,SPY,2026-11-30,56,60
657.67,0.8462193804069555,0.00030769470259460593,0.020288305401785833,7.414708404574514e-05,0.0007358830755794307,0.2557007618230056,2026-10-05,SPY,2026-11-30,56,60
658.04,0.8466954568141972,0.0003144325495694723,0.020403398943436124,7.6690287537797e-05,0.0007637856601578948,0.25526619305053333,2026-10-05,SPY,2026-11-30,56,60
658.41,0.8471715332214388,0.00032113292279198027,0.020520978555823022,7.93099749041318e-05,0.0007926433212278813,0.25483142513586937,2026-10-05,SPY,2026-11-30,56,60
658.78,0.8476476096286804,0.00032780331003576626,0.0206410317588962,8.200805466521885e-05,0.0008224847098407262,0.25439647923183584,2026-10-05,SPY,2026-11-30,56,60
659.15,0.8481236860359219,0.00033440475089766073,0.02076354025016891,8.47864697780279e-05,0.0008533391895644284,0.25396137581697054,2026-10-05,SPY,2026-11-30,56,60
659.52,0.8485997624431636,0.00034094351700952386,0.02088847967973173,8.764719783983612e-05,0.0008852368492636249,0.253526134518253,2026-10-05,SPY,2026-11-30,56,60
659.89,0.8490758388504052,0.0003473880161538517,0.021015821013366853,9.05922512790831e-05,0.0009182085159518733,0.253090774155464,2026-10-05,SPY,2026-11-30,56,60
660.26,0.8495519152576467,0.000353833603914268,0.02114554701307947,9.362367753289685e-05,0.0009522857677126514,0.252655312604262,2026-10-05,SPY,2026-11-30,56,60
660.63,0.8500279916648883,0.00036027795673305237,0.02127765765179923,9.67435592107225e-05,0.0009875009466832662,0.2522197672645133,2026-10-05,SPY,2026-11-30,56,60
661.0,0.85050406807213,0.0003666987187618042,0.021412148336765857,9.995401424356363e-05,0.0010238871720965942,0.2517841550548965,2026-10-05,SPY,2026-11-30,56,60
661.37,0.8509801444793715,0.0003730291706704264,0.021548997996310715,0.00010325719601835413,0.0010614783533754528,0.25134849231381856,2026-10-05,SPY,2026-11-30,56,60
661.74,0.8514562208866131,0.0003792640024396778,0.02168817223333619,0.0001066552934969189,0.0011003092032736551,0.2509127944964333,2026-10-05,SPY,2026-11-30,56,60
662.11,0.8519322972938547,0.0003854950393536133,0.021829652656067955,0.0001101505313190634,0.0011404152510584888,0.25047707616578135,2026-10-05,SPY,2026-11-30,56,60
662.48,0.8524083737010962,0.0003917141023261253,0.021973436347278663,0.00011374516988922812,0.0011818328557280315,0.25004135143304557,2026-10-05,SPY,2026-11-30,56,60
662.85,0.8528844501083379,0.00039792997370980196,0.022119520501345358,0.00011744150544621533,0.0012245992192573898,0.24960563392547058,2026-10-05,SPY,2026-11-30,56,60
663.22,0.8533605265155795,0.00040409436889526717,0.022267895004727367,0.00012124187011549205,0.001268752399867687,0.24916993683285338,2026-10-05,SPY,2026-11-30,56,60
663.59,0.853836602922821,0.0004102316227290643,0.022418545313177884,0.00012514863194356744,0.00131433132531134,0.24873427269310705,2026-10-05,SPY,2026-11-30,56,60
663.96,0.8543126793300626,0.0004163438117596987,0.022571461768558176,0.00012916419491382615,0.0013613758061657736,0.24829865351310812,2026-10-05,SPY,2026-11-30,56,60
664.33,0.8547887557373043,0.000422442067590615,0.022726637156238017,0.00013329099894347792,0.0014099265491305459,0.2478630907858208,2026-10-05,SPY,2026-11-30,56,60
664.7,0.8552648321445459,0.00042855165367678463,0.02288407099467249,0.00013753151986097472,0.001460025170319287,0.24742759554765792,2026-10-05,SPY,2026-11-30,56,60
665.07,0.8557409085517874,0.00043463985064491097,0.02304376142297193,0.00014188826936340876,0.0015117142085393203,0.2469921784973455,2026-10-05,SPY,2026-11-30,56,60
665.44,0.856216984959029,0.0004407021758782907,0.02320569969787878,0.00014636379495343155,0.0015650371385521479,0.2465568498539082,2026-10-05,SPY,2026-11-30,56,60
665.81,0.8566930613662704,0.000446665598517495,0.023369862736142055,0.00015096067985516945,0.0016200383843068306,0.24612161934378174,2026-10-05,SPY,2026-11-30,56,60
666.18,0.857169137773512,0.0004526962268808406,0.023536244673840745,0.00015568154290857353,0.0016767633321377617,0.24568649588707098,2026-10-05,SPY,2026-11-30,56,60
666.55,0.8576452141807537,0.00045876322095393863,0.023704864671690196,0.00016052903844178767,0.0017352583439197316,0.24525148833912952,2026-10-05,SPY,2026-11-30,56,60
666.92,0.8581212905879952,0.00046491963392956265,0.023875745999843656,0.0001655058561209834,0.0017955707701714553,0.2448166053532702,2026-10-05,SPY,2026-11-30,56,60
667.29,0.8585973669952368,0.0004709719880328122,0.024048885949906618,0.00017061472077719442,0.0018577489630993585,0.24438185561075146,2026-10-05,SPY,2026-11-30,56,60
667.66,0.8590734434024784,0.0004769692089481428,0.024224255071348066,0.0001758583922096365,0.001921842289572796,0.24394724698191617,2026-10-05,SPY,2026-11-30,56,60
668.03,0.85954951980972,0.0004829706330934324,0.024401843942125745,0.00018123966496508373,0.0019879011440224656,0.24351278675136104,2026-10-05,SPY,2026-11-30,56,60
668.4,0.8600255962169616,0.0004890334660273594,0.02458166470046319,0.00018676136809273706,0.0020559769612520625,0.24307848188106176,2026-10-05,SPY,2026-11-30,56,60
668.77,0.8605016726242032,0.0004951009148480781,0.024763729560925096,0.00019242636487423864,0.0021261222291554913,0.2426443392567703,2026-10-05,SPY,2026-11-30,56,60
669.14,0.8609777490314448,0.0005011875604103349,0.02494804292884789,0.00019823755252820925,0.002198390501328441,0.24221036544572322,2026-10-05,SPY,2026-11-30,56,60
669.51,0.8614538254386864,0.0005072952393555879,0.02513461224680469,0.0002041978618890236,0.002272836409566792,0.24177656676149645,2026-10-05,SPY,2026-11-30,56,60
669.88,0.861929901845928,0.0005134428686208561,0.02532344879678028,0.00021031025705926231,0.002349515676240951,0.24134294927366381,2026-10-05,SPY,2026-11-30,56,60
670.25,0.8624059782531696,0.0005195908709588165,0.02551456003860253,0.00021657773503541467,0.0024284851265363853,0.24090951888834497,2026-10-05,SPY,2026-11-30,56,60
670.62,0.8628820546604111,0.0005257727858342481,0.02570795231510925,0.00022300332530650636,0.002509802700551654,0.24047628118420383,2026-10-05,SPY,2026-11-30,56,60
670.99,0.8633581310676527,0.0005319865722094846,0.0259036377963473,0.0002295900894250223,0.0025935274652411863,0.2400432415545681,2026-10-05,SPY,2026-11-30,56,60
671.36,0.8638342074748944,0.0005382150279032331,0.02610162509236813,0.00023634112054996491,0.002679719626195677,0.23961040519950066,2026-10-05,SPY,2026-11-30,56,60
671.73,0.8643102838821359,0.0005444659522445164,0.026301921073695556,0.00024325954296148787,0.002768440539247559,0.23917777705641088,2026-10-05,SPY,2026-11-30,56,60
672.1,0.8647863602893775,0.0005507528019611543,0.0265045365432236,0.0002503485115467719,0.0028597527218916963,0.23874536183413553,2026-10-05,SPY,2026-11-30,56,60
672.47,0.8652624366966191,0.0005570768128303279,0.02670948502195991,0.0002576112112567057,0.0029537198645097434,0.23831316406890926,2026-10-05,SPY,2026-11-30,56,60
672.84,0.8657385131038607,0.000563532281168236,0.026916797704349738,0.00026505085653317134,0.003050406841389339,0.2378811881296362,2026-10-05,SPY,2026-11-30,56,60
673.21,0.8662145895111023,0.0005699413655621788,0.027126490328994834,0.000272670690706443,0.0031498797215253537,0.23744943859474194,2026-10-05,SPY,2026-11-30,56,60
673.58,0.8666906659183439,0.0005763398168621835,0.027338552347743406,0.000280473985362333,0.0032522057791915986,0.23701791953602352,2026-10-05,SPY,2026-11-30,56,60
673.95,0.8671667423255854,0.000582704211179159,0.02755297549293101,0.00028846403967896253,0.0033574535042743586,0.2365866346687558,2026-10-05,SPY,2026-11-30,56,60
674.32,0.8676428187328271,0.0005892208576941415,0.027769781630672563,0.00029664417973267865,0.0034656926123540445,0.23615558726455296,2026-10-05,SPY,2026-11-30,56,60
674.69,0.8681188951400687,0.0005958708667299022,0.02798902359969102,0.00030501775777284435,0.0035769940545237844,0.23572478088797966,2026-10-05,SPY,2026-11-30,56,60
675.06,0.8685949715473101,0.000602548984578794,0.0282107312721831,0.00031358815146536576,0.0036914300269350496,0.23529421931174893,2026-10-05,SPY,2026-11-30,56,60
675.43,0.8690710479545517,0.0006092214965196044,0.028434908811186377,0.00032235876310456366,0.0038090739800569475,0.23486390609965974,2026-10-05,SPY,2026-11-30,56,60
675.8,0.8695471243617933,0.000615836996853581,0.0286615446324604,0.0003313330187931536,0.003930000627637372,0.23443384447794363,2026-10-05,SPY,2026-11-30,56,60
676.17,0.8700232007690348,0.0006225868134876816,0.028890653037373593,0.0003405143675902997,0.004054285955356569,0.23400403714271206,2026-10-05,SPY,2026-11-30,56,60
676.54,0.8704992771762765,0.0006294287492058044,0.029122275916471763,0.00034990628062720055,0.004182007229156778,0.23357448699960193,2026-10-05,SPY,2026-11-30,56,60
676.91,0.8709753535835181,0.0006364203341774693,0.02935645799689779,0.00035951225019052643,0.00431324300324247,0.2331451969944573,2026-10-05,SPY,2026-11-30,56,60
677.28,0.8714514299907596,0.0006433605213880983,0.0295932174551774,0.00036933578877293535,0.004448073127731085,0.23271617032571978,2026-10-05,SPY,2026-11-30,56,60
677.65,0.8719275063980012,0.0006502821678677093,0.029832541352689756,0.000379380428091137,0.00458657875595023,0.23228740967862602,2026-10-05,SPY,2026-11-30,56,60
678.02,0.8724035828052429,0.0006572497734145469,0.030074434761826918,0.0003896497180709127,0.004728842351362895,0.2318589173571138,2026-10-05,SPY,2026-11-30,56,60
678.39,0.8728796592124844,0.000664349288148874,0.03031893058821611,0.00040014722579928194,0.00487494769411235,0.2314306955296347,2026-10-05,SPY,2026-11-30,56,60
678.76,0.873355735619726,0.000671597420233553,0.03056608072926692,0.00041087653444359644,0.005024979887172539,0.23100274654679695,2026-10-05,SPY,2026-11-30,56,60
679.13,0.8738318120269676,0.000678853429039994,0.030815914136382516,0.00042184124213761205,0.005179025362093146,0.23057507299446997,2026-10-05,SPY,2026-11-30,56,60
679.5,0.8743078884342091,0.0006861429936044226,0.031068438474571747,0.00043304496083442276,0.005337171884325927,0.23014767716840412,2026-10-05,SPY,2026-11-30,56,60
679.87,0.8747839648414508,0.0006934091699994857,0.03132365562483852,0.0004444913151262903,0.005499508558120482,0.2297205611713128,2026-10-05,SPY,2026-11-30,56,60
680.24,0.8752600412486924,0.0007008264233926874,0.03158158920961607,0.00045618394103134067,0.0056661258309767,0.22929372670753131,2026-10-05,SPY,2026-11-30,56,60
680.61,0.875736117655934,0.000708345465680132,0.031842286009094445,0.0004681264847473345,0.005837115497643741,0.22886717571849047,2026-10-05,SPY,2026-11-30,56,60
680.98,0.8762121940631755,0.0007159590913993494,0.03210578235215422,0.00048032260137237013,0.006012570703650569,0.2284409101960638,2026-10-05,SPY,2026-11-30,56,60
681.35,0.8766882704704172,0.0007235896141155353,0.03237209886267456,0.0004927759535926968,0.006192585948356919,0.22801493215162255,2026-10-05,SPY,2026-11-30,56,60
681.72,0.8771643468776588,0.0007313282306753462,0.03264125866396084,0.0005054902103378556,0.006377257087513923,0.22758924333584085,2026-10-05,SPY,2026-11-30,56,60
682.09,0.8776404232849003,0.0007391233518725491,0.032913292206732114,0.0005184690454030574,0.006566681335319029,0.22716384556357289,2026-10-05,SPY,2026-11-30,56,60
682.46,0.8781164996921419,0.00074697557052926,0.033188220507376465,0.0005317161360392866,0.006760957265957543,0.22673874052702994,2026-10-05,SPY,2026-11-30,56,60
682.83,0.8785925760993836,0.0007547108585746199,0.03346603249676072,0.0005452351615110833,0.0069601848146154085,0.2263139297970861,2026-10-05,SPY,2026-11-30,56,60
683.2,0.8790686525066251,0.0007626856614815082,0.033746750852971075,0.0005590298016222854,0.007164465277952048,0.2258894142173645,2026-10-05,SPY,2026-11-30,56,60
683.57,0.8795447289138667,0.0007707844792031482,0.03403044282899781,0.0005731037352100136,0.007373901314021845,0.22546519515221342,2026-10-05,SPY,2026-11-30,56,60
683.94,0.8800208053211083,0.0007790406026284499,0.034317160469136576,0.0005874606386072682,0.007588596941633917,0.22504127407199292,2026-10-05,SPY,2026-11-30,56,60
684.31,0.8804968817283497,0.0007872662190056957,0.034606927231138895,0.0006021041840743027,0.007808657539136289,0.224617652660397,2026-10-05,SPY,2026-11-30,56,60
684.68,0.8809729581355913,0.0007955711977204377,0.034899752153233266,0.000617038038199113,0.008034189842613183,0.22419433216531992,2026-10-05,SPY,2026-11-30,56,60
685.05,0.881449034542833,0.0008039565330761547,0.035195664783430614,0.0006322658602676045,0.008265301943486743,0.2237713137783667,2026-10-05,SPY,2026-11-30,56,60
685.42,0.8819251109500745,0.0008124232807891879,0.03549469504899572,0.0006477913006035695,0.008502103285508223,0.22334859863572404,2026-10-05,SPY,2026-11-30,56,60
685.79,0.8824011873573161,0.0008209568052763214,0.03579687036491774,0.0006636179988790868,0.008744704661130167,0.2229261878192017,2026-10-05,SPY,2026-11-30,56,60
686.16,0.8828772637645577,0.0008295855770390211,0.03610222070564617,0.0006797495823958584,0.008993218207249805,0.22250408230487045,2026-10-05,SPY,2026-11-30,56,60
686.53,0.8833533401717993,0.000838900497057196,0.03641089062935399,0.0006961896643376111,0.009247757400307408,0.22208228305631159,2026-10-05,SPY,2026-11-30,56,60
686.9,0.8838294165790409,0.0008476560194314259,0.036722903584904376,0.0007129418419946062,0.009508437050737001,0.22166079297106017,2026-10-05,SPY,2026-11-30,56,60
687.27,0.8843054929862825,0.0008563961862924108,0.037038153242963334,0.0007300096949603002,0.009775373296751695,0.22123961273696321,2026-10-05,SPY,2026-11-30,56,60
687.64,0.884781569393524,0.0008650727957501395,0.0373566250046411,0.0007473967833010936,0.010048683597458787,0.22081874266215515,2026-10-05,SPY,2026-11-30,56,60
688.01,0.8852576458007656,0.0008741082118381793,0.03767837349104508,0.0007651066456994957,0.010328486725290669,0.22039818252446922,2026-10-05,SPY,2026-11-30,56,60
688.38,0.8857337222080073,0.0008833627051512896,0.038003505610688104,0.0007831427975717724,0.010614902757748375,0.21997793294641485,2026-10-05,SPY,2026-11-30,56,60
688.75,0.8862097986152488,0.0008926247084845321,0.03833206328221073,0.0008015087291600081,0.010908053068437118,0.21955799492003195,2026-10-05,SPY,2026-11-30,56,60
689.12,0.8866858750224904,0.0009019227988718881,0.03866405457107169,0.000820207903600139,0.011208060317397813,0.21913836911672346,2026-10-05,SPY,2026-11-30,56,60
689.49,0.887161951429732,0.0009113388309895008,0.03899950797259599,0.0008392437549660574,0.011515048440716182,0.21871905598242497,2026-10-05,SPY,2026-11-30,56,60
689.86,0.8876380278369737,0.0009209966475289987,0.03933849003612189,0.0008586196862907116,0.011829142639403264,0.2183000559984484,2026-10-05,SPY,2026-11-30,56,60
690.23,0.8881141042442152,0.00093061474394227,0.03968103814354407,0.0008783390675652266,0.012150469367542771,0.21788137006630384,2026-10-05,SPY,2026-11-30,56,60
690.6,0.8885901806514568,0.0009402890622639922,0.0400271553476923,0.0008984052337163505,0.012479156319689245,0.21746299861125468,2026-10-05,SPY,2026-11-30,56,60
690.97,0.8890662570586984,0.0009500171010689214,0.04037686198790891,0.0009188214825637274,0.01281533241751964,0.2170449418894293,2026-10-05,SPY,2026-11-30,56,60
691.34,0.88954233346594,0.00095992356387319,0.04073020101092317,0.0009395910727573088,0.013159127795721946,0.2166271999804776,2026-10-05,SPY,2026-11-30,56,60
691.71,0.8900184098731816,0.0009699081555355337,0.04108721987901387,0.0009607172216959941,0.013510673787116805,0.21620977317240853,2026-10-05,SPY,2026-11-30,56,60
692.08,0.8904944862804232,0.000980005539020997,0.041447953912506774,0.000982203103428622,0.013870102907008401,0.21579266164461014,2026-10-05,SPY,2026-11-30,56,60
692.45,0.8909705626876647,0.0009902231314993142,0.041812446216553,0.0010040518465379326,0.014237548836752628,0.21537586557233904,2026-10-05,SPY,2026-11-30,56,60
692.8199999999999,0.8914466390949062,0.0010006660123616923,0.04218076070816734,0.0010262665320088119,0.014613146406541953,0.21495938514513055,2026-10-05,SPY,2026-11-30,56,60
693.19,0.891922715502148,0.001011102023965687,0.04255293779488789,0.0010488501910815642,0.014997031577396638,0.21454322087933253,2026-10-05,SPY,2026-11-30,56,60
693.56,0.8923987919093894,0.0010215109791306947,0.042928971200460686,0.001071805803091463,0.015389341422360675,0.21412737290859396,2026-10-05,SPY,2026-11-30,56,60
693.93,0.892874868316631,0.0010322471862037777,0.04330891646104751,0.0010951362932953908,0.015790214106892967,0.21371184092956672,2026-10-05,SPY,2026-11-30,56,60
694.3,0.8933509447238726,0.001043121304840499,0.043692859631890846,0.0011188445306872456,0.016199788868459148,0.21329662526108048,2026-10-05,SPY,2026-11-30,56,60
694.67,0.8938270211311141,0.0010540080784956383,0.04408082856780793,0.0011429333258022622,0.016618205995303604,0.21288172626441898,2026-10-05,SPY,2026-11-30,56,60
695.04,0.8943030975383558,0.0010648914232659862,0.04447282497563387,0.0011674054285124,0.017045606804414665,0.21246714397000344,2026-10-05,SPY,2026-11-30,56,60
695.41,0.8947791739455974,0.0010760045416481896,0.04486889072914302,0.0011922635258133775,0.017482133618670074,0.21205287803486586,2026-10-05,SPY,2026-11-30,56,60
695.78,0.8952552503528389,0.0010875167498426092,0.04526914216806888,0.0012175102396046098,0.017927929743160615,0.21163892842599177,2026-10-05,SPY,2026-11-30,56,60
696.15,0.8957313267600805,0.0010989563804630097,0.04567363969717542,0.0012431481244635845,0.018383139440695032,0.21122529589723077,2026-10-05,SPY,2026-11-30,56,60
696.52,0.8962074031673221,0.0011102703457457719,0.046082346641524,0.0012691796654154838,0.01884790790647678,0.21081198060802692,2026-10-05,SPY,2026-11-30,56,60
696.89,0.8966834795745637,0.0011217354135109215,0.04649526770698642,0.0012956072756997103,0.01932238124195803,0.21039898198289647,2026-10-05,SPY,2026-11-30,56,60
697.26,0.8971595559818053,0.0011335517426887423,0.046912495830883416,0.00132243329453421,0.019806706427862867,0.2099862995138854,2026-10-05,SPY,2026-11-30,56,60
697.63,0.8976356323890469,0.0011456197607835348,0.047334142559025794,0.0013496599848794389,0.02030103129638874,0.20957393332077956,2026-10-05,SPY,2026-11-30,56,60
698.0,0.8981117087962884,0.0011576883851736732,0.04776025456602784,0.0013772895312027123,0.02080550450257583,0.20916188384990306,2026-10-05,SPY,2026-11-30,56,60
698.37,0.8985877852035301,0.0011697978294815965,0.0481908395157391,0.0014053240372446747,0.021320275494851285,0.20875015115817125,2026-10-05,SPY,2026-11-30,56,60
698.74,0.8990638616107717,0.0011820280993131967,0.04862592731256621,0.001433765523789212,0.021845494484749102,0.20833873503084613,2026-10-05,SPY,2026-11-30,56,60
699.11,0.8995399380180132,0.0011944578232893793,0.04906557720824767,0.00146261592643787,0.022381312415800797,0.20792763520586907,2026-10-05,SPY,2026-11-30,56,60
699.48,0.9000160144252548,0.0012070431864664596,0.04950985489505244,0.0014918770933909059,0.022927880931612164,0.2075168515872331,2026-10-05,SPY,2026-11-30,56,60
699.85,0.9004920908324965,0.00121970766006297,0.04995880380166051,0.0015215507832354136,0.023485352343111082,0.2071063841160528,2026-10-05,SPY,2026-11-30,56,60
700.22,0.900968167239738,0.0012325904589947662,0.05041247895368617,0.0015516386627428505,0.024053879594985242,0.20669623255654282,2026-10-05,SPY,2026-11-30,56,60
700.59,0.9014442436469796,0.0012457647912576955,0.050870974674982805,0.0015821423046768,0.02463361623130254,0.206286396873464,2026-10-05,SPY,2026-11-30,56,60
700.96,0.9019203200542212,0.001259099269986926,0.051334374526313065,0.0016130631856129318,0.0252247163603273,0.20587687741953778,2026-10-05,SPY,2026-11-30,56,60
701.33,0.9023963964614627,0.0012724446903366149,0.051802710158972864,0.0016444026837720606,0.02582733461852629,0.20546767456817933,2026-10-05,SPY,2026-11-30,56,60
701.7,0.9028724728687044,0.0012857376639977636,0.052275973894524874,0.0016761620768684896,0.026441626133782852,0.20505878831028734,2026-10-05,SPY,2026-11-30,56,60
702.0699999999999,0.9033485492759459,0.00129924995479103,0.052754196604000714,0.0017083425399742065,0.027067746487807638,0.20465021809167092,2026-10-05,SPY,2026-11-30,56,60
702.44,0.9038246256831876,0.001312833308098834,0.05323743200763542,0.001740945143401708,0.027705851677775714,0.2042419635398658,2026-10-05,SPY,2026-11-30,56,60
702.81,0.904300702090429,0.0013270001280880556,0.053725801193330036,0.0017739708506055824,0.02835609807717148,0.2038340240657241,2026-10-05,SPY,2026-11-30,56,60
703.18,0.9047767784976706,0.0013412112659171018,0.054219420301220955,0.0018074205161055562,0.02901864239587048,0.20342640020178282,2026-10-05,SPY,2026-11-30,56,60
703.55,0.9052528549049123,0.0013558413120529074,0.05471837502814536,0.0018412948834314945,0.029693641639447068,0.20301909216807285,2026-10-05,SPY,2026-11-30,56,60
703.92,0.9057289313121538,0.0013703949661239732,0.055222728739608096,0.0018755945830929962,0.030381253067737084,0.2026121008426237,2026-10-05,SPY,2026-11-30,56,60
704.29,0.9062050077193954,0.0013850184825476776,0.05573248022761235,0.0019103201305742006,0.031081634152647527,0.20220542646708162,2026-10-05,SPY,2026-11-30,56,60
704.66,0.906681084126637,0.0013996869280154035,0.05624765072856652,0.0019454719243556188,0.03179494253522794,0.2017990690322674,2026-10-05,SPY,2026-11-30,56,60
705.03,0.9071571605338785,0.0014146634125653454,0.05676830554157408,0.001981050243964842,0.03252133598201961,0.20139302821667557,2026-10-05,SPY,2026-11-30,56,60
705.4,0.9076332369411202,0.0014300269504243378,0.05729457325872711,0.0020170552480572417,0.03326097234068575,0.20098730405469026,2026-10-05,SPY,2026-11-30,56,60
705.77,0.9081093133483618,0.0014454722016472243,0.05782654060186032,0.0020534869725285934,0.03401400949494107,0.20058189712071264,2026-10-05,SPY,2026-11-30,56,60
706.14,0.9085853897556033,0.0014610672672490522,0.058364250403606155,0.0020903453286606234,0.03478060531878265,0.20017680774657653,2026-10-05,SPY,2026-11-30,56,60
706.51,0.9090614661628449,0.0014767031585130655,0.05890773793237214,0.0021276301013016213,0.035560917630046214,0.19977203619222783,2026-10-05,SPY,2026-11-30,56,60
706.88,0.9095375425700866,0.0014927711148495163,0.059457090672944246,0.0021653409470835704,0.036355104143299906,0.19936758237314736,2026-10-05,SPY,2026-11-30,56,60
707.25,0.9100136189773281,0.0015090686337172208,0.06001243102642906,0.002203477392676552,0.03716332242207356,0.1989634468265718,2026-10-05,SPY,2026-11-30,56,60
707.62,0.9104896953845697,0.001525817721045436,0.06057388500206018,0.002242038833082845,0.037985729830455776,0.1985596301944726,2026-10-05,SPY,2026-11-30,56,60
707.99,0.9109657717918113,0.0015426059236667428,0.06114154337633193,0.0022810245299723104,0.03882248348407564,0.19815613375550997,2026-10-05,SPY,2026-11-30,56,60
708.36,0.9114418481990529,0.0015593280640129091,0.06171540116405261,0.0023204336100592976,0.03967374020045859,0.1977529584047826,2026-10-05,SPY,2026-11-30,56,60
708.73,0.9119179246062945,0.0015761634571964344,0.06229546709547651,0.00236026506352408,0.04053965644880319,0.19735010440563766,2026-10-05,SPY,2026-11-30,56,60
709.1,0.9123940010135361,0.0015934294857233712,0.06288184178991651,0.0024005177424796776,0.04142038829918314,0.19694757183048334,2026-10-05,SPY,2026-11-30,56,60
709.47,0.9128700774207776,0.001610982868060189,0.06347465807536656,0.002441190359484914,0.0423160913711783,0.1965453613161889,2026-10-05,SPY,2026-11-30,56,60
709.84,0.9133461538280192,0.0016287664640299295,0.06407401170180327,0.002482281486106168,0.04322692078197327,0.1961434737044607,2026-10-05,SPY,2026-11-30,56,60
710.21,0.9138222302352609,0.0016467934754134806,0.06467999029060023,0.0025237895515291126,0.04415303109393965,0.19574190989640647,2026-10-05,SPY,2026-11-30,56,60
710.58,0.9142983066425024,0.0016651517528920722,0.06529270015783684,0.002565712841220708,0.04509457626169499,0.19534067087642343,2026-10-05,SPY,2026-11-30,56,60
710.95,0.914774383049744,0.0016836897272246771,0.0659122358316585,0.0026080494956444945,0.0460517095786937,0.19493975790908133,2026-10-05,SPY,2026-11-30,56,60
711.3199999999999,0.9152504594569855,0.0017024357002362782,0.06653866903573868,0.002650797509029643,0.0470245836233498,0.1945391721749142,2026-10-05,SPY,2026-11-30,56,60
711.69,0.9157265358642273,0.001721334463539534,0.06717206651603713,0.0026939547281945695,0.048013350204699067,0.19413891483231807,2026-10-05,SPY,2026-11-30,56,60
712.06,0.9162026122714687,0.0017405074149048395,0.06781250726354948,0.002737518851428339,0.04901816030766353,0.19373898688596708,2026-10-05,SPY,2026-11-30,56,60
712.43,0.9166786886787103,0.0017598677910137296,0.06846007667664433,0.0027814874274286567,0.05003916403788355,0.1933393894621055,2026-10-05,SPY,2026-11-30,56,60
712.8,0.9171547650859518,0.0017798405055779783,0.06911492271151387,0.0028258578543000385,0.051076510566190426,0.1929401236029484,2026-10-05,SPY,2026-11-30,56,60
713.17,0.9176308414931934,0.0017999445538452452,0.06977718294750712,0.002870627378611944,0.05213034807270909,0.1925411912214026,2026-10-05,SPY,2026-11-30,56,60
713.54,0.918106917900435,0.0018204643692767157,0.07044695859828476,0.0029157930945185716,0.05320082369062358,0.1921425939932312,2026-10-05,SPY,2026-11-30,56,60
713.91,0.9185829943076766,0.0018410006993369785,0.07112432963597826,0.002961351942941592,0.05428808344963012,0.19174433399201385,2026-10-05,SPY,2026-11-30,56,60
714.28,0.9190590707149182,0.0018619154897100277,0.07180936913095193,0.0030073007108170763,0.05539227221910337,0.1913464127868252,2026-10-05,SPY,2026-11-30,56,60
714.65,0.9195351471221598,0.0018828989577314758,0.07250215980372865,0.003053636030407128,0.05651353365098502,0.1909488322485512,2026-10-05,SPY,2026-11-30,56,60
715.02,0.9200112235294013,0.0019040587636993862,0.07320274698219342,0.0031003543786786,0.05765201012244868,0.19055159385603448,2026-10-05,SPY,2026-11-30,56,60
715.39,0.920487299936643,0.0019256357415984955,0.07391124046567354,0.003147452076748196,0.058807842678324444,0.19015469893574838,2026-10-05,SPY,2026-11-30,56,60
715.76,0.9209633763438846,0.0019479714534737028,0.07462785779676195,0.0031949252893968814,0.059981170973352135,0.18975814918290201,2026-10-05,SPY,2026-11-30,56,60
716.13,0.9214394527511262,0.0019704330168051204,0.07535276262376356,0.0032427700246527714,0.0611721332142456,0.18936194738325635,2026-10-05,SPY,2026-11-30,56,60
716.5,0.9219155291583677,0.00199308331397674,0.07608601314496777,0.003290982133445588,0.062380866101644575,0.18896609601862227,2026-10-05,SPY,2026-11-30,56,60
716.87,0.9223916055656094,0.002015851539823162,0.07682766609292069,0.003339557309331048,0.06360750477191839,0.18857059740319604,2026-10-05,SPY,2026-11-30,56,60
717.24,0.922867681972851,0.002039107296791829,0.07757783347768488,0.003388491088288654,0.06485218273891047,0.1881754535314648,2026-10-05,SPY,2026-11-30,56,60
717.61,0.9233437583800925,0.002062698259051967,0.07833666750551604,0.0034377788485916625,0.06611503183560065,0.18778066686178463,2026-10-05,SPY,2026-11-30,56,60
717.98,0.9238198347873341,0.002086732345034102,0.07910431216727187,0.0034874158107514206,0.06739618215574508,0.18738623997772677,2026-10-05,SPY,2026-11-30,56,60
718.35,0.9242959111945757,0.0021111563127635775,0.07988092156896454,0.0035373970375362726,0.06869576199550835,0.18699217580419936,2026-10-05,SPY,2026-11-30,56,60
718.72,0.9247719876018173,0.0021358155957801493,0.08066661137204512,0.0035877174340653286,0.07001389779510431,0.18659847748140299,2026-10-05,SPY,2026-11-30,56,60
719.09,0.9252480640090589,0.00216069445714239,0.08146146573183577,0.003638371747979108,0.07135071408050646,0.18620514803314275,2026-10-05,SPY,2026-11-30,56,60
719.46,0.9257241404163005,0.0021858780723120626,0.08226558164978481,0.003689354569686012,0.0727063334052151,0.18581219033125831,2026-10-05,SPY,2026-11-30,56,60
719.83,0.926200216823542,0.002211684303504873,0.08307913068931105,0.003740660332686623,0.07408087629214366,0.18541960726770448,2026-10-05,SPY,2026-11-30,56,60
720.2,0.9266762932307837,0.0022376630571089885,0.08390225995102452,0.0037922833139756094,0.07547446117563499,0.1850274023946581,2026-10-05,SPY,2026-11-30,56,60
720.5699999999999,0.9271523696380252,0.002263804867240401,0.08473503151702932,0.003844217634521665,0.07688720434363308,0.18463557898953462,2026-10-05,SPY,2026-11-30,56,60
720.94,0.9276284460452668,0.0022904038651091916,0.08557756013251394,0.0038964572598270387,0.07831921988006943,0.18424414003690615,2026-10-05,SPY,2026-11-30,56,60
721.31,0.9281045224525083,0.0023174873227782473,0.08643002000227318,0.003948996000565097,0.07977061960744136,0.18385308881903173,2026-10-05,SPY,2026-11-30,56,60
721.68,0.9285805988597499,0.002345097883646912,0.08729259826546176,0.004001827513298333,0.08124151302966542,0.18346242895601506,2026-10-05,SPY,2026-11-30,56,60
722.05,0.9290566752669914,0.0023730595932335576,0.08816545739868464,0.004054945301275331,0.08273200727518926,0.18307216447498897,2026-10-05,SPY,2026-11-30,56,60
722.42,0.9295327516742331,0.002401304791536418,0.08904871480986709,0.004108342715309041,0.08424220704044566,0.18268229944616088,2026-10-05,SPY,2026-11-30,56,60
722.79,0.9300088280814747,0.0024298653476530954,0.08994248128561722,0.0041620129547336815,0.08577221453360301,0.18229283784260225,2026-10-05,SPY,2026-11-30,56,60
723.16,0.9304849044887162,0.0024588649299065552,0.09084689638696575,0.0042159490684434975,0.08732212941872353,0.1819037835985544,2026-10-05,SPY,2026-11-30,56,60
723.53,0.9309609808959578,0.002488446285862206,0.09176214896188306,0.0042701439560113635,0.08889204876030232,0.1815151408439189,2026-10-05,SPY,2026-11-30,56,60
723.9,0.9314370573031995,0.002518100162940087,0.09268836005491143,0.004324590368887728,0.09048206696823008,0.18112691416810484,2026-10-05,SPY,2026-11-30,56,60
724.27,0.931913133710441,0.0025482792009835957,0.0936256402372373,0.004379280911680814,0.09209227574323325,0.18073910762427325,2026-10-05,SPY,2026-11-30,56,60
724.64,0.9323892101176826,0.0025789143375217326,0.09457417104186083,0.004434208043516508,0.0937227640227804,0.18035172560106677,2026-10-05,SPY,2026-11-30,56,60
725.01,0.9328652865249242,0.002609977140018296,0.09553411596520567,0.004489364079479402,0.09537361792752924,0.1799647726763244,2026-10-05,SPY,2026-11-30,56,60
725.38,0.9333413629321659,0.002641243085608904,0.09650559170694673,0.004544741192133369,0.09704492070830201,0.1795782535520544,2026-10-05,SPY,2026-11-30,56,60
725.75,0.9338174393394074,0.0026729943263922532,0.09748872562816702,0.004600331413122296,0.09873675269364379,0.17919217262302978,2026-10-05,SPY,2026-11-30,56,60
726.12,0.934293515746649,0.00270529699044298,0.09848370952178154,0.004656126634851036,0.10044919123800183,0.17880653450582557,2026-10-05,SPY,2026-11-30,56,60
726.49,0.9347695921538905,0.0027382056918640973,0.0994907575180084,0.004712118612245039,0.10218231067052275,0.17842134414967817,2026-10-05,SPY,2026-11-30,56,60
726.86,0.9352456685611321,0.002771271401481161,0.10051001078027733,0.004768298964589249,0.10393618224452211,0.17803660692249396,2026-10-05,SPY,2026-11-30,56,60
727.23,0.9357217449683738,0.002804816196959739,0.10154158698598881,0.004824659177445788,0.10571087408765667,0.1776523277677067,2026-10-05,SPY,2026-11-30,56,60
727.6,0.9361978213756154,0.002838819440079357,0.10258565957884114,0.004881190604649056,0.107506451152801,0.17726851179843522,2026-10-05,SPY,2026-11-30,56,60
727.97,0.9366738977828569,0.002873555228453871,0.10364244889251972,0.004937884470379271,0.10932297516970613,0.17688516424932887,2026-10-05,SPY,2026-11-30,56,60
728.34,0.9371499741900985,0.002908630968770088,0.10471215333900619,0.004994731871311892,0.11116050459740612,0.17650229096355405,2026-10-05,SPY,2026-11-30,56,60
728.71,0.9376260505973402,0.002943954018994667,0.10579488156174266,0.005051723778844219,0.11301909457746506,0.17611989766370545,2026-10-05,SPY,2026-11-30,56,60
729.08,0.9381021270045817,0.0029796987302426535,0.10689075732035158,0.005108851041396678,0.11489879688803406,0.17573798978287514,2026-10-05,SPY,2026-11-30,56,60
729.45,0.9385782034118233,0.00301608990779404,0.10799997821838836,0.005166104386789744,0.11679965989880126,0.1753565727768692,2026-10-05,SPY,2026-11-30,56,60
729.8199999999999,0.9390542798190648,0.003053105943564686,0.10912277945088977,0.005223474424693966,0.1187217285268069,0.17497565251634012,2026-10-05,SPY,2026-11-30,56,60
730.19,0.9395303562263065,0.0030903569124109184,0.11025932007924522,0.005280951649154124,0.12066504419321455,0.17459523523203183,2026-10-05,SPY,2026-11-30,56,60
730.56,0.9400064326335479,0.0031277658769677374,0.11140967279528025,0.005338526441183767,0.12262964478096888,0.17421532681541707,2026-10-05,SPY,2026-11-30,56,60
730.93,0.9404825090407896,0.0031660486780871492,0.1125740284879655,0.00539618907143345,0.12461556459351131,0.17383593268736006,2026-10-05,SPY,2026-11-30,56,60
731.3,0.9409585854480311,0.0032049823666093586,0.1137526692312344,0.005453929702926714,0.12662283431441496,0.17345705904773406,2026-10-05,SPY,2026-11-30,56,60
731.67,0.9414346618552727,0.003244373805402406,0.11494580012305655,0.005511738393866618,0.1286514809680946,0.17307871246465276,2026-10-05,SPY,2026-11-30,56,60
732.04,0.9419107382625143,0.0032839307453306527,0.1161535364649422,0.0055696051005097846,0.13070152788155254,0.1727008995275166,2026-10-05,SPY,2026-11-30,56,60
732.41,0.9423868146697559,0.003323764805367332,0.11737596014182128,0.005627519680107123,0.1327729946471975,0.17232362634123582,2026-10-05,SPY,2026-11-30,56,60
732.78,0.9428628910769975,0.003364283240258655,0.11861324903026216,0.005685471893910178,0.13486589708676688,0.17194689872314145,2026-10-05,SPY,2026-11-30,56,60
733.15,0.9433389674842391,0.003405473624971104,0.11986565405032967,0.0057434514102417495,0.13698024721637408,0.1715707228944022,2026-10-05,SPY,2026-11-30,56,60
733.52,0.9438150438914806,0.0034474117511751386,0.1211334378449167,0.005801447807629328,0.13911605321269843,0.17119510544374109,2026-10-05,SPY,2026-11-30,56,60
733.89,0.9442911202987223,0.0034898880875857494,0.12241683831508754,0.005859450578000518,0.14127331938036236,0.17082005344005183,2026-10-05,SPY,2026-11-30,56,60
734.26,0.9447671967059639,0.003532593794977973,0.12371599746336182,0.005917449129937853,0.1434520461204754,0.170445574066043,2026-10-05,SPY,2026-11-30,56,60
734.63,0.9452432731132054,0.0035757773615933486,0.12503104612732752,0.005975432791992795,0.14565222990041132,0.17007167409833962,2026-10-05,SPY,2026-11-30,56,60
735.0,0.945719349520447,0.003619547980022623,0.12636218131552646,0.006033390816057148,0.14787386322483115,0.1696983603229895,2026-10-05,SPY,2026-11-30,56,60
735.37,0.9461954259276887,0.0036638991511556826,0.1277096190347945,0.006091312380789171,0.15011693460793246,0.16932563970992093,2026-10-05,SPY,2026-11-30,56,60
735.74,0.9466715023349302,0.0037086274544961668,0.12907353645684017,0.006149186595094478,0.15238142854700276,0.16895351939329747,2026-10-05,SPY,2026-11-30,56,60
736.11,0.9471475787421718,0.0037538972119583276,0.1304541035201342,0.006207002501659293,0.15466732549727263,0.16858200633253387,2026-10-05,SPY,2026-11-30,56,60
736.48,0.9476236551494134,0.0037998243550978507,0.13185154201003968,0.006264749080533753,0.1569746018480594,0.1682111075782246,2026-10-05,SPY,2026-11-30,56,60
736.85,0.948099731556655,0.003846091022377916,0.13326603635487266,0.006322415252764918,0.15930322990027584,0.16784083045243586,2026-10-05,SPY,2026-11-30,56,60
737.22,0.9485758079638966,0.003892940801805454,0.13469775724234667,0.006379989884076462,0.16165317784527022,0.16747118202926736,2026-10-05,SPY,2026-11-30,56,60
737.59,0.9490518843711382,0.003940332139276093,0.13614691273644663,0.0064374617885940896,0.16402440974504962,0.16710216952537316,2026-10-05,SPY,2026-11-30,56,60
737.96,0.9495279607783798,0.0039885855524851525,0.13761376250942248,0.006494819732614327,0.16641688551388062,0.16673380022709564,2026-10-05,SPY,2026-11-30,56,60
738.33,0.9500040371856213,0.004037090747722691,0.1390985126249611,0.006552052438415214,0.16883056090130127,0.1663660819910082,2026-10-05,SPY,2026-11-30,56,60
738.7,0.950480113592863,0.00408589679449206,0.14060126532027073,0.006609148588106519,0.17126538747653725,0.16599902226890756,2026-10-05,SPY,2026-11-30,56,60
739.0699999999999,0.9509561900001043,0.004135358467220077,0.1421221975436876,0.006666096827518231,0.17372131261436735,0.16563262819141963,2026-10-05,SPY,2026-11-30,56,60
739.44,0.9514322664073461,0.004185643720840884,0.14366158294847886,0.00672288577012444,0.17619827948241196,0.16526690712450182,2026-10-05,SPY,2026-11-30,56,60
739.81,0.9519083428145876,0.004236496304286972,0.14521967885312748,0.006779504001001895,0.17869622702991128,0.16490186692097858,2026-10-05,SPY,2026-11-30,56,60
740.18,0.9523844192218291,0.0042877159749164775,0.14679665812478015,0.0068359400808195685,0.18121508997793812,0.1645375155120495,2026-10-05,SPY,2026-11-30,56,60
740.55,0.9528604956290707,0.004339418460881092,0.1483926779954028,0.00689218254985885,0.1837547988111244,0.1641738605965522,2026-10-05,SPY,2026-11-30,56,60
740.92,0.9533365720363124,0.0043918305602977355,0.15000795906432085,0.006948219932060644,0.18631527977084333,0.16381090982110083,2026-10-05,SPY,2026-11-30,56,60
741.29,0.953812648443554,0.0044446677164095,0.15164271124551165,0.007004040739099296,0.18889645484994444,0.16344867112375638,2026-10-05,SPY,2026-11-30,56,60
741.66,0.9542887248507955,0.004497944374816615,0.15329709448238849,0.0070596334744790264,0.19149824178895453,0.16308715229605059,2026-10-05,SPY,2026-11-30,56,60
742.03,0.9547648012580371,0.004551819638750055,0.1549713008248984,0.00711498663765228,0.19412055407382162,0.16272636100704443,2026-10-05,SPY,2026-11-30,56,60
742.4,0.9552408776652788,0.004606441064569428,0.15666557905501244,0.007170088728157018,0.19676330093517158,0.16236630504326324,2026-10-05,SPY,2026-11-30,56,60
742.77,0.9557169540725203,0.004661682414951486,0.15838018189872394,0.0072249282497715926,0.19942638734912327,0.16200699252490391,2026-10-05,SPY,2026-11-30,56,60
743.14,0.9561930304797619,0.0047172906931881855,0.16011529192372975,0.007279493714684056,0.20210971403962402,0.1616484317106344,2026-10-05,SPY,2026-11-30,56,60
743.51,0.9566691068870035,0.004773320316976269,0.16187105496061016,0.0073337736476738235,0.2048131774823168,0.1612906306212401,2026-10-05,SPY,2026-11-30,56,60
743.88,0.9571451832942451,0.0048299141304392924,0.16364765333338205,0.00738775659030479,0.2075366699100033,0.16093359712522148,2026-10-05,SPY,2026-11-30,56,60
744.25,0.9576212597014867,0.004887070166590133,0.16544529542833264,0.007441431105125508,0.21028007931960851,0.16057733915147368,2026-10-05,SPY,2026-11-30,56,60
744.62,0.9580973361087283,0.004944640921238782,0.16726416197958094,0.007494785779876018,0.2130432894807331,0.16022186468582092,2026-10-05,SPY,2026-11-30,56,60
744.99,0.9585734125159698,0.005002873596612205,0.1691044521653834,0.0075478092316981545,0.21582617994575443,0.1598671815573231,2026-10-05,SPY,2026-11-30,56,60
745.36,0.9590494889232114,0.005061895319162381,0.17096643441480175,0.0076004901113469825,0.21862862606146993,0.15951329779939094,2026-10-05,SPY,2026-11-30,56,60
745.73,0.9595255653304531,0.005121440090984393,0.17285035146567884,0.00765281710740208,0.22145049898233438,0.15916022182917766,2026-10-05,SPY,2026-11-30,56,60
746.1,0.9600016417376946,0.005181293981313671,0.17475635726905414,0.007704778950474991,0.22429166568521902,0.15880796206119294,2026-10-05,SPY,2026-11-30,56,60
746.47,0.9604777181449362,0.0052412630498988606,0.17668453031982834,0.0077563644174118,0.22715198898575262,0.15845652660572992,2026-10-05,SPY,2026-11-30,56,60
746.84,0.9609537945521778,0.0053024284155503846,0.17863511324093662,0.007807562335487518,0.23003132755618966,0.15810592300403492,2026-10-05,SPY,2026-11-30,56,60
747.21,0.9614298709594195,0.005363916970617833,0.1806083871373777,0.007858361586590834,0.23292953594484467,0.15775615976682555,2026-10-05,SPY,2026-11-30,56,60
747.58,0.961905947366661,0.005425917774178912,0.18260450656516514,0.007908751111397137,0.23584646459709868,0.15740724513189816,2026-10-05,SPY,2026-11-30,56,60
747.95,0.9623820237739026,0.005488196921196812,0.18462361778380965,0.007958719913525673,0.23878195987787398,0.15705918733789787,2026-10-05,SPY,2026-11-30,56,60
748.3199999999999,0.962858100181144,0.005551248452713809,0.18666591517798314,0.008008257063681728,0.24173586409573822,0.15671199430337027,2026-10-05,SPY,2026-11-30,56,60
748.69,0.9633341765883858,0.005614835245732237,0.18873164066219572,0.008057351703778144,0.2447080155284485,0.15636567432198833,2026-10-05,SPY,2026-11-30,56,60
749.06,0.9638102529956272,0.005678787832347347,0.19082096093164047,0.008105993051036976,0.2476982484500902,0.1560202357326308,2026-10-05,SPY,2026-11-30,56,60
749.43,0.9642863294028688,0.005743298754049001,0.19293404695012384,0.008154170402066565,0.2507063931596712,0.155675686691237,2026-10-05,SPY,2026-11-30,56,60
749.8,0.9647624058101104,0.00580816282498217,0.19507106734224455,0.008201873136913734,0.25373227601126214,0.15533203544350763,2026-10-05,SPY,2026-11-30,56,60
750.17,0.965238482217352,0.005873519328525517,0.19723217854064357,0.008249090723087667,0.25677571944560984,0.15498929005001671,2026-10-05,SPY,2026-11-30,56,60
750.54,0.9657145586245935,0.005938869932569703,0.1994174705539462,0.008295812719553517,0.25983654202322326,0.15464745858535037,2026-10-05,SPY,2026-11-30,56,60
750.91,0.9661906350318352,0.006005405392714708,0.20162716148912385,0.008342028780694585,0.2629145584589794,0.15430654847254252,2026-10-05,SPY,2026-11-30,56,60
751.28,0.9666667114390768,0.006072344863011939,0.2038615452864333,0.008387728660238873,0.26600957965811917,0.15396656810361997,2026-10-05,SPY,2026-11-30,56,60
751.65,0.9671427878463184,0.0061397949406798435,0.20612079115011628,0.008432902215150005,0.26912141275374296,0.1536275257827468,2026-10-05,SPY,2026-11-30,56,60
752.02,0.9676188642535599,0.0062074583952476834,0.20840503301726288,0.008477539409479377,0.27224986114573435,0.1532894298783466,2026-10-05,SPY,2026-11-30,56,60
752.39,0.9680949406608016,0.006275664254531014,0.210714410707472,0.008521630318176912,0.275394724541062,0.1529522884361347,2026-10-05,SPY,2026-11-30,56,60
752.76,0.9685710170680432,0.0063440955478450654,0.21304906627091158,0.00856516513085965,0.2785557989955233,0.15261610962968716,2026-10-05,SPY,2026-11-30,56,60
753.13,0.9690470934752847,0.006413007781051956,0.21540913038675757,0.008608134155535426,0.2817328769568739,0.1522809013502669,2026-10-05,SPY,2026-11-30,56,60
753.5,0.9695231698825263,0.006482233379966842,0.21779475000154613,0.008650527822279184,0.28492574730929227,0.1519466715575269,2026-10-05,SPY,2026-11-30,56,60
753.87,0.9699992462897679,0.006552219551901489,0.22020612379394167,0.008692336686860952,0.28813419541923047,0.15161342806986386,2026-10-05,SPY,2026-11-30,56,60
754.24,0.9704753226970095,0.00662246139646864,0.22264343976939016,0.008733551434322737,0.29135800318257965,0.15128117915999006,2026-10-05,SPY,2026-11-30,56,60
754.61,0.9709513991042511,0.006693219421545351,0.22510684072072296,0.008774162882502807,0.2945969490731561,0.15094993290334174,2026-10-05,SPY,2026-11-30,56,60
754.98,0.9714274755114927,0.006764194144673172,0.22759646223047325,0.008814161985505406,0.2978508081924863,0.15061969753023596,2026-10-05,SPY,2026-11-30,56,60
755.35,0.9719035519187342,0.006835464261708606,0.23011239903565395,0.00885353983711363,0.3011193523208367,0.15029048105029783,2026-10-05,SPY,2026-11-30,56,60
755.72,0.9723796283259759,0.006907036431142762,0.23265476166383148,0.00889228767414474,0.30440234996954807,0.14996229137048805,2026-10-05,SPY,2026-11-30,56,60
756.09,0.9728557047332175,0.006979018743920957,0.23522368187121834,0.00893039687974468,0.3076995664345475,0.14963513631902753,2026-10-05,SPY,2026-11-30,56,60
756.46,0.973331781140459,0.007051296973399416,0.23781929027892268,0.008967858986621138,0.31101076385109105,0.14930902379833028,2026-10-05,SPY,2026-11-30,56,60
756.83,0.9738078575477006,0.0071241594323895475,0.24044174971399357,0.009004665680213162,0.3143357012496979,0.1489839616534152,2026-10-05,SPY,2026-11-30,56,60
757.2,0.9742839339549423,0.007197167068382551,0.24309119511663646,0.009040808801795622,0.3176741346132441,0.1486599580520492,2026-10-05,SPY,2026-11-30,56,60
757.5699999999999,0.9747600103621836,0.007270442107230241,0.24576770281412497,0.009076280351516492,0.3210258169351642,0.14833702094213386,2026-10-05,SPY,2026-11-30,56,60
757.94,0.9752360867694254,0.0073439128028083295,0.24847135847248203,0.009111072491366317,0.3243904982788042,0.14801515822498748,2026-10-05,SPY,2026-11-30,56,60
758.31,0.9757121631766669,0.007417726961853944,0.25120226182894456,0.00914517754807742,0.3277679258378321,0.14769437768314828,2026-10-05,SPY,2026-11-30,56,60
758.6800000000001,0.9761882395839085,0.007491790459155684,0.25396052255183144,0.009178588015951904,0.33115784399772497,0.1473746871836506,2026-10-05,SPY,2026-11-30,56,60
759.05,0.97666431599115,0.00756614848259503,0.2567462412560553,0.009211296559616734,0.33455999439827727,0.14705609457745136,2026-10-05,SPY,2026-11-30,56,60
759.42,0.9771403923983917,0.007640818189468618,0.2595595300903871,0.009243296016704487,0.3379741159971086,0.1467386077738561,2026-10-05,SPY,2026-11-30,56,60
759.79,0.9776164688056332,0.007715656629068155,0.2624004779318164,0.009274579400459037,0.3413999451341924,0.1464222347795019,2026-10-05,SPY,2026-11-30,56,60
760.16,0.9780925452128748,0.007790665604795911,0.26526914754508135,0.009305139902263598,0.344837215597267,0.14610698354046775,2026-10-05,SPY,2026-11-30,56,60
760.53,0.9785686216201164,0.007865974282705432,0.2681656259242692,0.009334970894091198,0.3482856586882165,0.14579286196539973,2026-10-05,SPY,2026-11-30,56,60
760.9,0.979044698027358,0.007941343338832054,0.27108997968425363,0.009364065930875798,0.3517450032903447,0.14547987810432322,2026-10-05,SPY,2026-11-30,56,60
761.27,0.9795207744345996,0.008016799565946793,0.2740422361216377,0.009392418752802443,0.3552149759364607,0.1451680398761179,2026-10-05,SPY,2026-11-30,56,60
761.64,0.9799968508418412,0.008092305507582708,0.27702242056024073,0.009420023287516685,0.3586953008778848,0.14485735512468745,2026-10-05,SPY,2026-11-30,56,60
762.01,0.9804729272490827,0.008168134233053771,0.2800306019122585,0.009446873652250241,0.36218570015413754,0.14454783159689827,2026-10-05,SPY,2026-11-30,56,60
762.38,0.9809490036563243,0.008244141146220433,0.28306687285742427,0.009472964155864369,0.3656858936635442,0.14423947729615463,2026-10-05,SPY,2026-11-30,56,60
762.75,0.981425080063566,0.008320245189442098,0.28613128432952195,0.0094982893008074,0.36919559923444123,0.14393230032793802,2026-10-05,SPY,2026-11-30,56,60
763.12,0.9819011564708076,0.008396361858568515,0.2892238566334039,0.00952284378498758,0.37271453269717303,0.14362630882497926,2026-10-05,SPY,2026-11-30,56,60
763.49,0.9823772328780491,0.008472627246956169,0.292344619617926,0.009546622503559457,0.3762424079567538,0.14332151087025866,2026-10-05,SPY,2026-11-30,56,60
763.86,0.9828533092852907,0.008548842131124262,0.2954935914528709,0.009569620550623128,0.3797789370661607,0.14301791468509567,2026-10-05,SPY,2026-11-30,56,60
764.23,0.9833293856925324,0.008625038365652727,0.2986707593447747,0.009591833220835627,0.3833238303002403,0.14271552841583818,2026-10-05,SPY,2026-11-30,56,60
764.6,0.9838054620997739,0.008701143132982168,0.30187610292202216,0.0096132560109339,0.386876796230194,0.14241436019885215,2026-10-05,SPY,2026-11-30,56,60
764.97,0.9842815385070155,0.008777371047095245,0.3051096280453365,0.009633884621168843,0.3904375417986372,0.1421144181011959,2026-10-05,SPY,2026-11-30,56,60
765.34,0.9847576149142571,0.008853487923437849,0.30837133695488517,0.00965371495664936,0.39400577239512674,0.14181571040215102,2026-10-05,SPY,2026-11-30,56,60
765.71,0.9852336913214987,0.008929548194250504,0.31166119863665764,0.00967274312859653,0.3975811919322079,0.14151824534258892,2026-10-05,SPY,2026-11-30,56,60
766.0799999999999,0.9857097677287401,0.009005612183439617,0.3149792033065303,0.009690965455506989,0.40116350292187636,0.1412220312178393,2026-10-05,SPY,2026-11-30,56,60
766.45,0.9861858441359819,0.009081728432363148,0.31832536132045397,0.009708378464225618,0.4047524065525124,0.14092707647672556,2026-10-05,SPY,2026-11-30,56,60
766.8199999999999,0.9866619205432233,0.009157591958116537,0.32169963559269266,0.009724978890926298,0.40834760276609033,0.14063338980611526,2026-10-05,SPY,2026-11-30,56,60
767.19,0.987137996950465,0.009233268186312586,0.3251019447194121,0.009740763682001802,0.41194879033586557,0.140340979802549,2026-10-05,SPY,2026-11-30,56,60
767.56,0.9876140733577065,0.009308906370441766,0.3285322470124117,0.009755729994861174,0.41555566694425494,0.1400498550801981,2026-10-05,SPY,2026-11-30,56,60
767.9300000000001,0.9880901497649482,0.009384342825696045,0.3319904981136972,0.009769875198635466,0.41916792926106794,0.13976002447540867,2026-10-05,SPY,2026-11-30,56,60
768.3,0.9885662261721897,0.009459338362007517,0.33547657913342244,0.0097831968747913,0.4227852730219621,0.13947149688643737,2026-10-05,SPY,2026-11-30,56,60
768.67,0.9890423025794313,0.009534036216077273,0.3389903534303681,0.009795692817652118,0.42640739310710213,0.13918428102849534,2026-10-05,SPY,2026-11-30,56,60
769.04,0.9895183789866728,0.009608617018459387,0.34253174427875743,0.009807361034827279,0.4300339836199806,0.13889838563394175,2026-10-05,SPY,2026-11-30,56,60
769.41,0.9899944553939145,0.009683023929696256,0.3461006978541663,0.009818199747549237,0.4336647379664412,0.13861381969376793,2026-10-05,SPY,2026-11-30,56,60
769.78,0.9904705318011561,0.009757018747809054,0.34969710574950486,0.009828207390918376,0.43729934893373656,0.1383305924237565,2026-10-05,SPY,2026-11-30,56,60
770.15,0.9909466082083976,0.009830584049300409,0.3533208122669701,0.009837382614056072,0.4409375087696783,0.13804871302339314,2026-10-05,SPY,2026-11-30,56,60
770.52,0.9914226846156392,0.009903617489505344,0.35697163955164923,0.009845724280166364,0.4445789092618886,0.13776819069112478,2026-10-05,SPY,2026-11-30,56,60
770.89,0.9918987610228808,0.009976378594060675,0.360649438827109,0.009853231466505812,0.44822324181694945,0.13748903454272782,2026-10-05,SPY,2026-11-30,56,60
771.26,0.9923748374301224,0.01004871866576889,0.3643540818201775,0.009859903464262715,0.45187019753963176,0.13721125394470063,2026-10-05,SPY,2026-11-30,56,60
771.63,0.992850913837364,0.010120618986161999,0.3680854092857847,0.009865739778345338,0.45551946731197535,0.13693485837904334,2026-10-05,SPY,2026-11-30,56,60
772.0,0.9933269902446056,0.010191914611703299,0.3718432280013899,0.009870740127080144,0.45917074187234136,0.13665985745807704,2026-10-05,SPY,2026-11-30,56,60
772.37,0.9938030666518471,0.010262578430024235,0.3756273092141095,0.009874904441820069,0.4628237118942825,0.1363862607731852,2026-10-05,SPY,2026-11-30,56,60
772.74,0.9942791430590888,0.010332666924325141,0.3794374296046642,0.00987823286646373,0.4664780680653056,0.13611407790201058,2026-10-05,SPY,2026-11-30,56,60
773.11,0.9947552194663304,0.010402205015746948,0.38327338091357765,0.009880725756885847,0.4701335011653795,0.13584331851096187,2026-10-05,SPY,2026-11-30,56,60
773.48,0.995231295873572,0.010471319011276816,0.38713498285857706,0.009882383680279768,0.47378970214526933,0.13557399242161666,2026-10-05,SPY,2026-11-30,56,60
773.85,0.9957073722808135,0.010539520663282996,0.39102198819837064,0.009883207414412606,0.47744636220457837,0.13530610979214172,2026-10-05,SPY,2026-11-30,56,60
774.22,0.9961834486880552,0.010606902302217334,0.3949340764469883,0.009883197946793815,0.4811031728695245,0.13503968060208404,2026-10-05,SPY,2026-11-30,56,60
774.59,0.9966595250952968,0.010673317091545807,0.39887091703483446,0.009882356473757911,0.48475982607035323,0.1347747147975827,2026-10-05,SPY,2026-11-30,56,60
774.96,0.9971356015025383,0.010739193006066697,0.4028322314028929,0.009880684399462254,0.48841601421843567,0.13451122216551797,2026-10-05,SPY,2026-11-30,56,60
775.3299999999999,0.9976116779097798,0.010804302669619743,0.4068177781028949,0.00987818333480069,0.4920714302829603,0.13424921285805036,2026-10-05,SPY,2026-11-30,56,60
775.7,0.9980877543170215,0.010868528518116788,0.41082725187262625,0.009874855096234014,0.4957257678672271,0.1339886971750947,2026-10-05,SPY,2026-11-30,56,60
776.0699999999999,0.9985638307242629,0.010931714165637112,0.41486029676912073,0.00987070170453818,0.4993787212844538,0.1337296854720941,2026-10-05,SPY,2026-11-30,56,60
776.44,0.9990399071315047,0.010993946196952776,0.4189165439361999,0.009865725383471304,0.503029985633137,0.13347218802461044,2026-10-05,SPY,2026-11-30,56,60
776.81,0.9995159835387462,0.011055151064756644,0.42299562692961623,0.009859928558360494,0.5066792568718989,0.13321621516749335,2026-10-05,SPY,2026-11-30,56,60
777.1800000000001,0.9999920599459878,0.011115275005351952,0.42709715575258633,0.009853313854609573,0.5103262318938104,0.13296177725327746,2026-10-05,SPY,2026-11-30,56,60
777.55,1.0004681363532293,0.01117403369742388,0.43122067786259755,0.009845884096128904,0.513970608600086,0.13270888463309544,2026-10-05,SPY,2026-11-30,56,60
777.92,1.0009442127604709,0.01123215299897504,0.43536582240142896,0.009837642303688351,0.517612085973285,0.13245754737778975,2026-10-05,SPY,2026-11-30,56,60
778.29,1.0014202891677124,0.011289096222273837,0.43953225350736,0.009828591693194748,0.5212503641497954,0.13220777613781445,2026-10-05,SPY,2026-11-30,56,60
778.66,1.001896365574954,0.011344939639979814,0.44371955014187703,0.009818735673895003,0.5248851444917132,0.13195958157977808,2026-10-05,SPY,2026-11-30,56,60
779.03,1.0023724419821958,0.01139917081309414,0.44792721057569573,0.009808077846506188,0.5285161296580367,0.13171297451429356,2026-10-05,SPY,2026-11-30,56,60
779.4,1.0028485183894373,0.011451817268509133,0.4521546433707925,0.009796622001273873,0.5321430236751564,0.1314679653600371,2026-10-05,SPY,2026-11-30,56,60
779.77,1.003324594796679,0.011503259972140566,0.4564013326603127,0.009784372115960142,0.5357655320066051,0.1312245642159759,2026-10-05,SPY,2026-11-30,56,60
780.14,1.0038006712039205,0.011553464264456985,0.4606668266440832,0.009771332353762591,0.5393833616220595,0.13098278133197097,2026-10-05,SPY,2026-11-30,56,60
780.51,1.004276747611162,0.011602529380575008,0.4649506854684142,0.009757507061165769,0.5429962210655642,0.1307426271108597,2026-10-05,SPY,2026-11-30,56,60
780.88,1.0047528240184036,0.011649789471983899,0.4692523644561376,0.009742900765726608,0.5466038205229026,0.13050411226176162,2026-10-05,SPY,2026-11-30,56,60
781.25,1.0052289004256452,0.01169543812797826,0.47357123156213077,0.009727518173794997,0.5502058718882366,0.13026724708895657,2026-10-05,SPY,2026-11-30,56,60
781.62,1.0057049768328867,0.011739387226832551,0.4779066742527708,0.009711364168171487,0.5538020888297777,0.13003204174993885,2026-10-05,SPY,2026-11-30,56,60
781.99,1.0061810532401285,0.011781938607854356,0.4822581195321879,0.009694443805703296,0.5573921868546391,0.12979850619486677,2026-10-05,SPY,2026-11-30,56,60
782.36,1.00665712964737,0.011822925405130337,0.48662501937459013,0.009676762314820233,0.5609758833727957,0.12956665054704622,2026-10-05,SPY,2026-11-30,56,60
782.73,1.0071332060546117,0.011862150809198672,0.491006758474241,0.00965832509301222,0.5645528977601066,0.1293364849532239,2026-10-05,SPY,2026-11-30,56,60
783.1,1.0076092824618532,0.011899570076990294,0.49540267683818606,0.00963913770425012,0.5681229514203612,0.12910801939854005,2026-10-05,SPY,2026-11-30,56,60
783.47,1.0080853588690948,0.011935133488918512,0.4998120969978792,0.009619205876351103,0.5716857678464268,0.12888126369253272,2026-10-05,SPY,2026-11-30,56,60
783.84,1.0085614352763363,0.011968962897553562,0.5042343548293766,0.009598535498290687,0.5752410726803587,0.12865622744850339,2026-10-05,SPY,2026-11-30,56,60
784.21,1.009037511683578,0.012000986828429072,0.5086687955286835,0.00957713261746286,0.5787885937725132,0.12843292025749523,2026-10-05,SPY,2026-11-30,56,60
784.5799999999999,1.0095135880908195,0.012031283854562758,0.513114765605037,0.009555003436889838,0.5823280612396824,0.12821135164202466,2026-10-05,SPY,2026-11-30,56,60
784.95,1.009989664498061,0.012059429294173016,0.5175715475375532,0.00953215431238367,0.5858592075221095,0.1279915311802611,2026-10-05,SPY,2026-11-30,56,60
785.3199999999999,1.0104657409053026,0.012085449186052193,0.522038350056395,0.00950859174966074,0.5893817674395312,0.12777346805371634,2026-10-05,SPY,2026-11-30,56,60
785.69,1.0109418173125444,0.012109436835581322,0.5265144039703971,0.009484322401411623,0.5928954782460568,0.12755717110675613,2026-10-05,SPY,2026-11-30,56,60
786.06,1.0114178937197857,0.012131625200780592,0.5309990004471241,0.009459353064327327,0.5964000796840364,0.1273426489827132,2026-10-05,SPY,2026-11-30,56,60
786.4300000000001,1.0118939701270275,0.01215196408619196,0.5354914644652141,0.009433690676084181,0.5998953140367795,0.12712991042124047,2026-10-05,SPY,2026-11-30,56,60
786.8,1.0123700465342689,0.012170051130593319,0.5399910372803194,0.009407342312289197,0.6033809261801323,0.12691896423101928,2026-10-05,SPY,2026-11-30,56,60
787.17,1.0128461229415104,0.012185926600220593,0.5444968931605201,0.0093803151833871,0.6068566636329692,0.12670981885335705,2026-10-05,SPY,2026-11-30,56,60
787.54,1.0133221993487522,0.012199583606506385,0.5490082125487648,0.009352616631531618,0.6103222766064822,0.12650248243240553,2026-10-05,SPY,2026-11-30,56,60
787.91,1.0137982757559938,0.012211255167330144,0.5535242177219244,0.009324254127422106,0.6137775180523437,0.1262969628298521,2026-10-05,SPY,2026-11-30,56,60
788.28,1.0142743521632354,0.012220646667150507,0.5580441195613035,0.00929523526710783,0.6172221437096745,0.12609326791810732,2026-10-05,SPY,2026-11-30,56,60
788.65,1.014750428570477,0.012227829404459366,0.5625670876345513,0.009265567768761458,0.6206559121508234,0.12589140525930517,2026-10-05,SPY,2026-11-30,56,60
789.02,1.0152265049777185,0.012232751644273275,0.567092295128567,0.009235259469423603,0.62407858482596,0.12569138220691708,2026-10-05,SPY,2026-11-30,56,60
789.39,1.01570258138496,0.012235322213284562,0.5716188887922151,0.009204318321720376,0.6274899261064395,0.12549320586260532,2026-10-05,SPY,2026-11-30,56,60
789.76,1.0161786577922016,0.012235667602875639,0.5761460219082049,0.009172752390555577,0.6308897033269601,0.1252968829840777,2026-10-05,SPY,2026-11-30,56,60
790.13,1.0166547341994432,0.012233789375079511,0.5806728714491267,0.00914056984977944,0.6342776868264933,0.1251024201470944,2026-10-05,SPY,2026-11-30,56,60
790.5,1.017130810606685,0.012229916011344346,0.5851986569456151,0.009107778978835588,0.6376536499879888,0.12490982376029795,2026-10-05,SPY,2026-11-30,56,60
790.87,1.0176068870139265,0.012223423131006383,0.58972252468695,0.009074388159388668,0.6410173692767792,0.12471910034895003,2026-10-05,SPY,2026-11-30,56,60
791.24,1.018082963421168,0.012214476634593312,0.594243536143586,0.009040405871933208,0.6443686242778222,0.12453025582313479,2026-10-05,SPY,2026-11-30,56,60
791.61,1.0185590398284097,0.012202936676467173,0.5987607576061322,0.009005840692386875,0.6477071977316079,0.12434329567715656,2026-10-05,SPY,2026-11-30,56,60
791.98,1.0190351162356512,0.012189500585131513,0.603273358499528,0.008970701288669027,0.6510328755688424,0.12415822482266933,2026-10-05,SPY,2026-11-30,56,60
792.35,1.0195111926428928,0.012173927312387686,0.6077805926605693,0.008934996417266642,0.6543454469438552,0.12397504842772436,2026-10-05,SPY,2026-11-30,56,60
792.72,1.0199872690501344,0.012155978335223213,0.6122816252053773,0.008898734919789451,0.6576447042667357,0.12379377163425243,2026-10-05,SPY,2026-11-30,56,60
793.09,1.020463345457376,0.012135503704879355,0.6167755493827963,0.008861925719516193,0.6609304432341665,0.12361439927055305,2026-10-05,SPY,2026-11-30,56,60
793.46,1.0209394218646175,0.012112735831229952,0.6212614736969766,0.008824577817932966,0.6642024628590408,0.12343693566332871,2026-10-05,SPY,2026-11-30,56,60
793.8299999999999,1.021415498271859,0.012087632451873016,0.6257385418293506,0.008786700291266837,0.6674605654987178,0.12326138491251891,2026-10-05,SPY,2026-11-30,56,60
794.2,1.0218915746791009,0.012060207839750377,0.630205892283301,0.008748302287014838,0.670704556882067,0.12308775083195647,2026-10-05,SPY,2026-11-30,56,60
794.5699999999999,1.0223676510863422,0.012030425447093958,0.6346626594413673,0.008709393020471622,0.6739342461351622,0.1229160369564441,2026-10-05,SPY,2026-11-30,56,60
794.94,1.022843727493584,0.011998438805771389,0.6391079993281474,0.008669981771255832,0.6771494458057693,0.12274624648361308,2026-10-05,SPY,2026-11-30,56,60
795.31,1.0233198039008253,0.011964152513688984,0.6435410787222478,0.008630077879838887,0.6803499718864509,0.12257838244975566,2026-10-05,SPY,2026-11-30,56,60
795.6800000000001,1.0237958803080671,0.011927603186901383,0.647961053526857,0.008589690744075573,0.6835356438364917,0.12241244759562589,2026-10-05,SPY,2026-11-30,56,60
796.05,1.0242719567153087,0.011888869524692142,0.6523671009785018,0.008548829815740405,0.6867062846024429,0.12224844439304,2026-10-05,SPY,2026-11-30,56,60
796.42,1.0247480331225503,0.011847945271579,0.6567584117158121,0.008507504597069296,0.6898617206374714,0.12208637512353328,2026-10-05,SPY,2026-11-30,56,60
796.79,1.0252241095297918,0.011804815079216156,0.6611341723807092,0.008465724637309996,0.6930017819193588,0.12192624184891768,2026-10-05,SPY,2026-11-30,56,60
797.16,1.0257001859370334,0.011759508783751399,0.6654935722953582,0.008423499529281247,0.6961263019672908,0.12176804636724692,2026-10-05,SPY,2026-11-30,56,60
797.53,1.026176262344275,0.011711815344369221,0.6698357672590606,0.00838083890594372,0.6992351178573224,0.12161179022357665,2026-10-05,SPY,2026-11-30,56,60
797.9,1.0266523387515165,0.011662386652463051,0.6741599946284746,0.008337752436983377,0.7023280702365948,0.12145747440666875,2026-10-05,SPY,2026-11-30,56,60
798.27,1.027128415158758,0.011610926686758422,0.6784655575962306,0.008294249825408738,0.7054050033363141,0.12130510015859312,2026-10-05,SPY,2026-11-30,56,60
798.64,1.0276044915659996,0.01155759107879921,0.6827517333828588,0.008250340804164485,0.7084657649834258,0.12115466856669768,2026-10-05,SPY,2026-11-30,56,60
799.01,1.0280805679732414,0.011501871364855231,0.687017733934935,0.008206035132761346,0.7115102066111119,0.12100618073563371,2026-10-05,SPY,2026-11-30,56,60
799.38,1.028556644380483,0.011443937246177921,0.6912627085279762,0.008161342593925952,0.7145381832679432,0.12085963708247584,2026-10-05,SPY,2026-11-30,56,60
799.75,1.0290327207877246,0.011384162851097203,0.6954859070459721,0.008116272990269622,0.7175495536258897,0.12071503750980668,2026-10-05,SPY,2026-11-30,56,60
800.12,1.0295087971949661,0.011322658891179943,0.6996866690682935,0.00807083614097924,0.7205441799870563,0.12057238185739254,2026-10-05,SPY,2026-11-30,56,60
800.49,1.0299848736022077,0.01125956095150764,0.7038643797391907,0.00802504187853087,0.7235219282892151,0.12043167001270681,2026-10-05,SPY,2026-11-30,56,60
800.86,1.0304609500094493,0.011194360344886406,0.7080183551790237,0.007978900045428026,0.7264826681100975,0.12029290205794152,2026-10-05,SPY,2026-11-30,56,60
801.23,1.0309370264166908,0.011127267267665733,0.7121478562873458,0.00793242049096518,0.7294262726705133,0.12015607753908174,2026-10-05,SPY,2026-11-30,56,60
801.6,1.0314131028239324,0.011058210739848088,0.716252169718736,0.007885613068017924,0.7323526188362935,0.12002119569543097,2026-10-05,SPY,2026-11-30,56,60
801.97,1.031889179231174,0.010987785867001106,0.7203306790910031,0.007838487629862338,0.7352615871189838,0.11988825530619907,2026-10-05,SPY,2026-11-30,56,60
802.34,1.0323652556384157,0.010915887130038899,0.7243828585954555,0.007791054027022727,0.7381530616754384,0.11975725545984056,2026-10-05,SPY,2026-11-30,56,60
802.71,1.0328413320456573,0.010842269257727735,0.7284081175271924,0.007743322104150604,0.7410269303062154,0.11962819536800036,2026-10-05,SPY,2026-11-30,56,60
803.0799999999999,1.0333174084528987,0.010766906303851494,0.7324058150060846,0.007695301696935528,0.7438830844528224,0.11950107397241184,2026-10-05,SPY,2026-11-30,56,60
803.45,1.0337934848601404,0.010689867169208946,0.7363753180986008,0.007647002629048432,0.746721419193859,0.11937588984663232,2026-10-05,SPY,2026-11-30,56,60
803.8199999999999,1.0342695612673818,0.01061153004205677,0.7403160765826851,0.00759843470912005,0.7495418332399731,0.11925264122834842,2026-10-05,SPY,2026-11-30,56,60
804.19,1.0347456376746236,0.010531849848800944,0.7442276018624938,0.007549607727753341,0.7523442289277832,0.11913132649976983,2026-10-05,SPY,2026-11-30,56,60
804.56,1.0352217140818651,0.010450986211705125,0.7481094265336875,0.00750053145457353,0.7551285122126203,0.1190119440705709,2026-10-05,SPY,2026-11-30,56,60
804.9300000000001,1.0356977904891067,0.01036855520678763,0.7519610416961087,0.007451215635314228,0.7578945926602607,0.11889449255568281,2026-10-05,SPY,2026-11-30,56,60
805.3,1.0361738668963483,0.010284770098841201,0.75578190687765,0.007401669988942759,0.7606423834375335,0.11877897015445953,2026-10-05,SPY,2026-11-30,56,60
805.67,1.0366499433035898,0.010199717708399841,0.7595715371219897,0.007351904204824505,0.7633718013018893,0.11866537489200672,2026-10-05,SPY,2026-11-30,56,60
806.04,1.0371260197108314,0.010113627376221776,0.7633295059626447,0.0073019279399270266,0.7660827665899514,0.11855370468046034,2026-10-05,SPY,2026-11-30,56,60
806.41,1.037602096118073,0.010026327793733194,0.7670553976690865,0.007251750816066283,0.7687752032049842,0.11844395759883711,2026-10-05,SPY,2026-11-30,56,60
806.78,1.0380781725253145,0.009937997952108106,0.7707487979320671,0.007201382417193563,0.7714490386034224,0.11833613157232567,2026-10-05,SPY,2026-11-30,56,60
807.15,1.038554248932556,0.009848678261212029,0.7744093330315314,0.007150832286726707,0.774104203780322,0.11823022457587319,2026-10-05,SPY,2026-11-30,56,60
807.52,1.0390303253397979,0.009758791092396114,0.7780367148619489,0.007100109924923273,0.7767406332539236,0.11812623463159377,2026-10-05,SPY,2026-11-30,56,60
807.89,1.0395064017470395,0.009667713549310487,0.7816306182206647,0.007049224786299849,0.7793582650491566,0.11802416040569443,2026-10-05,SPY,2026-11-30,56,60
808.26,1.039982478154281,0.009575482273937917,0.7851906094479664,0.006998186277094809,0.7819570406802858,0.11792400017950463,2026-10-05,SPY,2026-11-30,56,60
808.63,1.0404585545615226,0.009482285882234374,0.7887162965568588,0.006947003752778081,0.7845369051325648,0.1178257518202976,2026-10-05,SPY,2026-11-30,56,60
809.0,1.0409346309687642,0.009388570351096968,0.7922074049600252,0.0068956865156072225,0.7870978068429844,0.11772941299515745,2026-10-05,SPY,2026-11-30,56,60
809.37,1.0414107073760057,0.009294119626931033,0.7956637026059604,0.006844243812229459,0.7896396976801859,0.11763498181508632,2026-10-05,SPY,2026-11-30,56,60
809.74,1.0418867837832473,0.009198982300290745,0.7990849264624965,0.006792684831333513,0.7921625329233886,0.11754245642656916,2026-10-05,SPY,2026-11-30,56,60
810.11,1.0423628601904888,0.009103206369812265,0.8024708313664656,0.006741018701347428,0.7946662712405725,0.11745183501924812,2026-10-05,SPY,2026-11-30,56,60
810.48,1.0428389365977304,0.00900686752651175,0.8058211950372856,0.006689254488187004,0.7971508746657283,0.11736311583298065,2026-10-05,SPY,2026-11-30,56,60
810.85,1.0433150130049722,0.008909956946582285,0.8091358075648081,0.006637401193052555,0.7996163085753295,0.11727629721209183,2026-10-05,SPY,2026-11-30,56,60
811.22,1.0437910894122138,0.008812543915462453,0.8124144702242864,0.006585467750275556,0.802062541663996,0.11719137751864232,2026-10-05,SPY,2026-11-30,56,60
811.59,1.0442671658194553,0.008714679494666783,0.8156570065551603,0.006533463025215931,0.8044895459193443,0.11710835517535977,2026-10-05,SPY,2026-11-30,56,60
811.96,1.044743242226697,0.008616407983424543,0.8188632577386072,0.006481395812209177,0.8068972965961081,0.11702722867960991,2026-10-05,SPY,2026-11-30,56,60
812.3299999999999,1.0452193186339382,0.008517802734265263,0.8220330867213799,0.006429274832565302,0.8092857721894666,0.11694799660660704,2026-10-05,SPY,2026-11-30,56,60
812.7,1.04569539504118,0.008418838688733997,0.8251663653846347,0.00637710873261809,0.8116549544076872,0.1168706576647631,2026-10-05,SPY,2026-11-30,56,60
813.0699999999999,1.0461714714484216,0.00831957718655276,0.8282629723215629,0.006324906081827293,0.8140048281439929,0.11679521057834763,2026-10-05,SPY,2026-11-30,56,60
813.44,1.0466475478556632,0.00822017354790913,0.8313228262074384,0.006272675370930847,0.8163353814478234,0.1167216541199382,2026-10-05,SPY,2026-11-30,56,60
813.81,1.0471236242629047,0.008120526786447294,0.8343458557692943,0.006220425010151017,0.8186466054953355,0.11664998731754514,2026-10-05,SPY,2026-11-30,56,60
814.1800000000001,1.0475997006701465,0.008020694630632815,0.8373319817314542,0.006168163327451569,0.8209384945593088,0.11658020920122857,2026-10-05,SPY,2026-11-30,56,60
814.55,1.0480757770773879,0.007920534648773766,0.8402811091481444,0.006115898566847895,0.8232110459783926,0.11651231883101372,2026-10-05,SPY,2026-11-30,56,60
814.92,1.0485518534846294,0.007820570482944515,0.8431932135975123,0.006063638886769937,0.8254642601257309,0.11644631494909002,2026-10-05,SPY,2026-11-30,56,60
815.29,1.049027929891871,0.00772064164878726,0.8460683378418827,0.006011392358477155,0.8276981403770187,0.1163821968827448,2026-10-05,SPY,2026-11-30,56,60
815.66,1.0495040062991126,0.0076207662364370325,0.8489064983006492,0.0059591669645271675,0.8299126930779461,0.11631996418625394,2026-10-05,SPY,2026-11-30,56,60
816.03,1.0499800827063543,0.007520795897449958,0.8517076872954183,0.0059069705972966515,0.8321079275111084,0.11625961660862386,2026-10-05,SPY,2026-11-30,56,60
816.4,1.050456159113596,0.007420942407291599,0.8544719088817956,0.005854811057555033,0.8342838558623847,0.11620115373153592,2026-10-05,SPY,2026-11-30,56,60
816.77,1.0509322355208375,0.00732118630155747,0.8571992026929327,0.0058026960530916044,0.836440493186773,0.11614457530294646,2026-10-05,SPY,2026-11-30,56,60
817.14,1.051408311928079,0.007221562407535108,0.8598896112041149,0.005750633197395005,0.8385778573737477,0.11608988112769797,2026-10-05,SPY,2026-11-30,56,60
817.51,1.0518843883353206,0.007121957614492517,0.8625431624081901,0.005698630008385543,0.8406959691121337,0.11603707106272543,2026-10-05,SPY,2026-11-30,56,60
817.88,1.0523604647425622,0.007022686892078718,0.8651599216419057,0.005646693907200305,0.8427948518545185,0.11598614470759899,2026-10-05,SPY,2026-11-30,56,60
818.25,1.0528365411498037,0.006923717232065201,0.8677400064048724,0.0055948322170306965,0.8448745317812271,0.11593710196946384,2026-10-05,SPY,2026-11-30,56,60
818.62,1.0533126175570453,0.006824988176981719,0.8702835169055461,0.005543052162012608,0.846935037763869,0.11588994293360694,2026-10-05,SPY,2026-11-30,56,60
818.99,1.0537886939642869,0.0067266474178810124,0.8727905694905957,0.005491360866168494,0.8489764013284968,0.11584466766746469,2026-10-05,SPY,2026-11-30,56,60
819.36,1.0542647703715287,0.006628825393485262,0.8752613319606986,0.0054397653524016956,0.8509986566183745,0.11580127646269874,2026-10-05,SPY,2026-11-30,56,60
819.73,1.0547408467787702,0.006531325765220067,0.8776959599250591,0.005388272541542376,0.8530018403563902,0.1157597700585433,2026-10-05,SPY,2026-11-30,56,60
820.1,1.0552169231860118,0.006434063681722077,0.8800945569727434,0.005336889251445576,0.8549859918071042,0.11572014915840832,2026-10-05,SPY,2026-11-30,56,60
820.47,1.0556929995932534,0.0063369108836358575,0.8824571872673346,0.005285622196139525,0.8569511527385141,0.11568241416277408,2026-10-05,SPY,2026-11-30,56,60
820.84,1.056169076000495,0.006240521901763185,0.8847840123326335,0.005234477985026056,0.8588973673834672,0.11564656478568562,2026-10-05,SPY,2026-11-30,56,60
821.21,1.0566451524077365,0.006144717824346379,0.8870752816819638,0.005183463122131043,0.8608246824008156,0.11561260144508866,2026-10-05,SPY,2026-11-30,56,60
821.5799999999999,1.057121228814978,0.006049589888908001,0.8893312286089159,0.005132584005404951,0.8627331468363081,0.1155805248191057,2026-10-05,SPY,2026-11-30,56,60
821.95,1.0575973052222196,0.005954763991438805,0.8915520340767801,0.005081846926074205,0.8646228120832011,0.11555033600713346,2026-10-05,SPY,2026-11-30,56,60
822.3199999999999,1.0580733816294612,0.005860457788447996,0.8937378501060591,0.005031258068041181,0.8664937318426743,0.11552203559416073,2026-10-05,SPY,2026-11-30,56,60
822.69,1.058549458036703,0.005766799019861767,0.8958888926155965,0.004980823507334195,0.8683459620840012,0.11549562407591325,2026-10-05,SPY,2026-11-30,56,60
823.06,1.0590255344439443,0.00567378660329148,0.8980054009558799,0.004930549211605292,0.8701795610045615,0.11547110209920516,2026-10-05,SPY,2026-11-30,56,60
823.4300000000001,1.059501610851186,0.005581390637932208,0.9000876087455063,0.00488044103967723,0.87199458898964,0.1154484704036933,2026-10-05,SPY,2026-11-30,56,60
823.8,1.0599776872584274,0.005489618104736646,0.9021357453629,0.004830504741137655,0.8737911085720925,0.11542772968884639,2026-10-05,SPY,2026-11-30,56,60
824.17,1.060453763665669,0.005398503606363431,0.9041500478794535,0.004780745955981031,0.8755691843918523,0.11540888056654273,2026-10-05,SPY,2026-11-30,56,60
824.54,1.0609298400729108,0.0053081378739809155,0.9061307765533173,0.004731170214296844,0.8773288831553329,0.11539192358353519,2026-10-05,SPY,2026-11-30,56,60
824.91,1.0614059164801524,0.00521841351878576,0.9080781885609791,0.004681782936004748,0.8790702735947027,0.11537685939475519,2026-10-05,SPY,2026-11-30,56,60
825.28,1.061881992887394,0.00512934614033357,0.9099925240979162,0.004632589430634814,0.88079342642709,0.11536368842875504,2026-10-05,SPY,2026-11-30,56,60
825.65,1.0623580692946355,0.005040958828192603,0.9118740305170936,0.004583594897153625,0.8824984143136945,0.11535241085849403,2026-10-05,SPY,2026-11-30,56,60
826.02,1.062834145701877,0.00495350138055125,0.9137230056557113,0.004534804423834521,0.8841853118188587,0.11534302659298004,2026-10-05,SPY,2026-11-30,56,60
826.39,1.0633102221091186,0.00486700500211336,0.9155397993365042,0.004486222988171897,0.8858541953690986,0.11533553589523758,2026-10-05,SPY,2026-11-30,56,60
826.76,1.0637862985163602,0.004781204660643617,0.9173247181241143,0.004437855456839285,0.8875051432120983,0.11532993944343412,2026-10-05,SPY,2026-11-30,56,60
827.13,1.0642623749236018,0.004696090710415852,0.9190780177677603,0.00438970658569008,0.889138235375704,0.11532623756135393,2026-10-05,SPY,2026-11-30,56,60
827.5,1.0647384513308433,0.00461158668841219,0.9207999380865435,0.004341781019799891,0.8907535536269447,0.11532443011985212,2026-10-05,SPY,2026-11-30,56,60
827.87,1.0652145277380851,0.0045281229856725695,0.9224907843762492,0.004294083293551634,0.8923511814310348,0.11532451623938345,2026-10-05,SPY,2026-11-30,56,60
828.24,1.0656906041453267,0.004445544967141754,0.9241509129475198,0.004246617830760416,0.8939312039104533,0.11532649546422348,2026-10-05,SPY,2026-11-30,56,60
828.61,1.0661666805525682,0.004363802314859099,0.92578064219469,0.00419938894483909,0.8954937078040637,0.11533036729125941,2026-10-05,SPY,2026-11-30,56,60
828.98,1.0666427569598098,0.0042829799167367014,0.9273802969075353,0.004152400839003356,0.8970387814262977,0.11533613097730702,2026-10-05,SPY,2026-11-30,56,60
829.35,1.0671188333670514,0.004203108889141934,0.9289502233366229,0.004105657606515811,0.8985665146264239,0.11534378574804183,2026-10-05,SPY,2026-11-30,56,60
829.72,1.067594909774293,0.0041241209288878635,0.9304907608529585,0.004059163230967708,0.9000769987479253,0.11535333086029398,2026-10-05,SPY,2026-11-30,56,60
830.09,1.0680709861815345,0.004045970218369649,0.932002227715201,0.004012921586598865,0.9015703265879664,0.11536476535866513,2026-10-05,SPY,2026-11-30,56,60
830.46,1.068547062588776,0.003968766640557044,0.9334849540341025,0.003966936438653538,0.9030465923570112,0.11537808788617757,2026-10-05,SPY,2026-11-30,56,60
830.8299999999999,1.0690231389960176,0.003892461587269372,0.9349392812562504,0.003921211443772895,0.9045058916385585,0.11539329698725952,2026-10-05,SPY,2026-11-30,56,60
831.2,1.0694992154032594,0.003817077704992315,0.9363655460253189,0.003875750150422602,0.905948321349036,0.11541039091852762,2026-10-05,SPY,2026-11-30,56,60
831.5699999999999,1.0699752918105008,0.0037426004639816036,0.937764086486579,0.0038305559993548725,0.9073739796978607,0.11542936768412097,2026-10-05,SPY,2026-11-30,56,60
831.94,1.0704513682177426,0.003669116568724556,0.9391352541376297,0.00378563232410421,0.9087829661476811,0.11545022495159114,2026-10-05,SPY,2026-11-30,56,60
832.31,1.070927444624984,0.003596521155723135,0.9404793971166525,0.003740982351516553,0.910175381374795,0.11547296031133374,2026-10-05,SPY,2026-11-30,56,60
832.6800000000001,1.0714035210322257,0.00352484755975869,0.9417968503290168,0.00369660920231018,0.911551327229789,0.11549757089470447,2026-10-05,SPY,2026-11-30,56,60
833.05,1.0718795974394673,0.0034542457566832992,0.9430879825925588,0.0036525158916690206,0.9129109066983605,0.11552405345013608,2026-10-05,SPY,2026-11-30,56,60
833.42,1.0723556738467088,0.00338470693431021,0.9443531888403925,0.0036087053298654204,0.9142542238624092,0.11555240484748845,2026-10-05,SPY,2026-11-30,56,60
833.79,1.0728317502539504,0.0033160758717026752,0.945592833659505,0.003565180322914292,0.9155813838613183,0.11558262205243618,2026-10-05,SPY,2026-11-30,56,60
834.16,1.073307826661192,0.0032483777996117507,0.9468072575886982,0.003521943573255357,0.9168924928535208,0.11561470156095151,2026-10-05,SPY,2026-11-30,56,60
834.53,1.0737839030684335,0.0031816537443815542,0.947996813424337,0.003478997680464714,0.9181876579782946,0.11564863946181876,2026-10-05,SPY,2026-11-30,56,60
834.9,1.074259979475675,0.0031159107191048685,0.949161862850082,0.0034363451419933745,0.9194669873178478,0.11568443156821086,2026-10-05,SPY,2026-11-30,56,60
835.27,1.0747360558829167,0.0030511363146154503,0.9503027665513202,0.003393988353933297,0.9207305898596658,0.11572207343327762,2026-10-05,SPY,2026-11-30,56,60
835.64,1.0752121322901582,0.002987329057140881,0.9514198826450951,0.0033519296118087924,0.9219785754591664,0.11576156029429421,2026-10-05,SPY,2026-11-30,56,60
836.01,1.0756882086973998,0.0029245303973308386,0.9525135766441725,0.0033101711113943167,0.9232110548026228,0.11580288705825159,2026-10-05,SPY,2026-11-30,56,60
836.38,1.0761642851046416,0.0028627622119597115,0.9535842257768912,0.0032687149495556956,0.9244281393704268,0.11584604846192179,2026-10-05,SPY,2026-11-30,56,60
836.75,1.0766403615118831,0.002801948605510684,0.9546321972781232,0.0032275631251160843,0.9256299414006385,0.11589103916921467,2026-10-05,SPY,2026-11-30,56,60
837.12,1.0771164379191247,0.002742073415864497,0.9556578413520777,0.003186717539743886,0.9268165738528931,0.11593785347486943,2026-10-05,SPY,2026-11-30,56,60
837.49,1.0775925143263663,0.0026830498513902993,0.9566614891565198,0.003146179998864329,0.9279881503725955,0.11598648523517575,2026-10-05,SPY,2026-11-30,56,60
837.86,1.0780685907336078,0.0026250968523165567,0.9576434962967055,0.0031059522125908147,0.9291447852555079,0.11603692749451416,2026-10-05,SPY,2026-11-30,56,60
838.23,1.0785446671408494,0.0025681632634020025,0.9586042494181135,0.0030660357966783643,0.9302865934126423,0.11608917340478583,2026-10-05,SPY,2026-11-30,56,60
838.6,1.079020743548091,0.0025122175066571327,0.9595441198605745,0.0030264322734961757,0.9314136903355328,0.11614321604475955,2026-10-05,SPY,2026-11-30,56,60
838.97,1.0794968199553325,0.0024571961843819954,0.9604634613934168,0.0029871430730193096,0.9325261920618724,0.11619904831201543,2026-10-05,SPY,2026-11-30,56,60
839.34,1.0799728963625743,0.0024032409905357455,0.9613626422707765,0.00294816953383945,0.9336242151414982,0.11625666266331408,2026-10-05,SPY,2026-11-30,56,60
839.71,1.0804489727698159,0.0023502272188377572,0.9622420338895107,0.002909512904192105,0.9347078766027885,0.11631605177507354,2026-10-05,SPY,2026-11-30,56,60
840.0799999999999,1.0809250491770572,0.0022980321735654816,0.9631019618771053,0.002871174343001888,0.9357772939194076,0.11637720802501914,2026-10-05,SPY,2026-11-30,56,60
840.45,1.081401125584299,0.0022466128985916436,0.9639427212154543,0.0028331549209431265,0.9368325849774616,0.11644012293793929,2026-10-05,SPY,2026-11-30,56,60
840.8199999999999,1.0818772019915404,0.002196275263361294,0.9647646555254157,0.0027954556215158337,0.9378738680430503,0.11650478696678683,2026-10-05,SPY,2026-11-30,56,60
841.19,1.0823532783987821,0.00214692436801514,0.9655681474572203,0.002758077342136795,0.9389012617302046,0.11657119095593806,2026-10-05,SPY,2026-11-30,56,60
841.56,1.0828293548060237,0.002098566954247529,0.9663535633518389,0.00272102089524388,0.939914884969249,0.11663932576005856,2026-10-05,SPY,2026-11-30,56,60
841.9300000000001,1.0833054312132653,0.0020510295932933825,0.9671212387131339,0.002684287009414132,0.9409148569755565,0.11670918233826033,2026-10-05,SPY,2026-11-30,56,60
842.3,1.0837815076205068,0.0020043757179848813,0.9678714886957205,0.0026478763304937057,0.9419012972187366,0.11678075094105837,2026-10-05,SPY,2026-11-30,56,60
842.67,1.0842575840277484,0.0019585906580259866,0.9686046374752825,0.0026117894227399322,0.94287432539223,0.11685402144823467,2026-10-05,SPY,2026-11-30,56,60
843.04,1.08473366043499,0.0019137386185622916,0.9693210183914514,0.002576026769974088,0.9438340613833378,0.11692898333077126,2026-10-05,SPY,2026-11-30,56,60
843.41,1.0852097368422315,0.0018698092747367109,0.9700209747517117,0.002540588776744507,0.9447806252436755,0.11700562603075275,2026-10-05,SPY,2026-11-30,56,60
843.78,1.085685813249473,0.0018267320245299924,0.9707048348920759,0.0025054757694996537,0.9457141371600497,0.11708393897496211,2026-10-05,SPY,2026-11-30,56,60
844.15,1.0861618896567147,0.0017845015256636803,0.9713729130988619,0.002470687997769234,0.9466347174257952,0.1171639112602087,2026-10-05,SPY,2026-11-30,56,60
844.52,1.0866379660639562,0.0017430547304162314,0.9720255110062366,0.0024362256353545105,0.9475424864125215,0.11724553167381332,2026-10-05,SPY,2026-11-30,56,60
844.89,1.087114042471198,0.0017025268555918818,0.9726629435996481,0.002402088781525608,0.9484375645423182,0.11732878839192848,2026-10-05,SPY,2026-11-30,56,60
845.26,1.0875901188784396,0.0016628476081409693,0.9732855378754388,0.0023682774622256287,0.9493200722604056,0.11741366978718087,2026-10-05,SPY,2026-11-30,56,60
845.63,1.0880661952856812,0.0016240124445622663,0.973893606985189,0.0023347916312814083,0.9501901300082212,0.11750016411669158,2026-10-05,SPY,2026-11-30,56,60
846.0,1.0885422716929227,0.0015859437503092017,0.9744874488812402,0.0023016311716195126,0.9510478581969645,0.11758825956932545,2026-10-05,SPY,2026-11-30,56,60
846.37,1.0890183481001643,0.0015486303549644617,0.9750673450907158,0.002268795896487183,0.951893377181592,0.11767794388042739,2026-10-05,SPY,2026-11-30,56,60
846.74,1.0894944245074059,0.0015121249133021853,0.9756335848153451,0.0022362855506778555,0.9527268072352585,0.11776920431586119,2026-10-05,SPY,2026-11-30,56,60
847.11,1.0899705009146474,0.0014764372758094876,0.9761864688203308,0.002204099811760249,0.9535482685242158,0.11786202804925995,2026-10-05,SPY,2026-11-30,56,60
847.48,1.090446577321889,0.0014415393019586813,0.9767262944872179,0.0021722382913103473,0.9543578810831714,0.11795640230648044,2026-10-05,SPY,2026-11-30,56,60
847.85,1.0909226537291308,0.001407498329453545,0.9772533664490293,0.002140700536146135,0.9551557647910978,0.11805231428183764,2026-10-05,SPY,2026-11-30,56,60
848.22,1.0913987301363723,0.0013740898408301683,0.9777679602605317,0.002109486029564106,0.9559420393475005,0.11814975166091664,2026-10-05,SPY,2026-11-30,56,60
848.59,1.091874806543614,0.0013414430877030626,0.9782703338523103,0.0020785941925772124,0.9567168242491434,0.11824870128278021,2026-10-05,SPY,2026-11-30,56,60
848.96,1.0923508829508555,0.0013094792247695217,0.9787607544801178,0.0020480243851533947,0.9574802387672336,0.11834915002665534,2026-10-05,SPY,2026-11-30,56,60
849.3299999999999,1.0928269593580968,0.00127821547124576,0.9792394779988807,0.002017775907454486,0.9582324019250635,0.11845108437959102,2026-10-05,SPY,2026-11-30,56,60
849.7,1.0933030357653386,0.001247651693430043,0.9797067634243457,0.00198784800107453,0.9589734324761144,0.11855449062074314,2026-10-05,SPY,2026-11-30,56,60
850.0699999999999,1.0937791121725802,0.001217791875191305,0.9801628704845406,0.001958239850277572,0.9597034488826108,0.11865935490232721,2026-10-05,SPY,2026-11-30,56,60
850.44,1.0942551885798217,0.0011886093995388189,0.9806080547203657,0.0019289505832336207,0.9604225692945423,0.1187656633664494,2026-10-05,SPY,2026-11-30,56,60
850.81,1.0947312649870633,0.0011600911860780564,0.9810425643287048,0.0018999792732532156,0.9611309115291288,0.11887340205356617,2026-10-05,SPY,2026-11-30,56,60
851.1800000000001,1.095207341394305,0.0011322273561372143,0.9814666432590147,0.0018713249400187492,0.9618285930507636,0.11898255689986537,2026-10-05,SPY,2026-11-30,56,60
851.55,1.0956834178015464,0.0011050282437513627,0.981880535544994,0.0018429865508139082,0.9625157309513845,0.11909311375718386,2026-10-05,SPY,2026-11-30,56,60
851.92,1.096159494208788,0.0010784309377590213,0.9822844754935735,0.001814963021748844,0.9631924419313214,0.11920505856438304,2026-10-05,SPY,2026-11-30,56,60
852.29,1.0966355706160296,0.001052424636431791,0.9826786837747987,0.0017872532189817626,0.963858842280588,0.11931837697959634,2026-10-05,SPY,2026-11-30,56,60
852.66,1.0971116470232711,0.0010269327364089155,0.9830633648887743,0.001759855959936404,0.9645150478606218,0.11943305437819761,2026-10-05,SPY,2026-11-30,56,60
853.03,1.0975877234305127,0.0010020935838685097,0.9834387347580257,0.0017327700145144023,0.965161174086479,0.11954907533886586,2026-10-05,SPY,2026-11-30,56,60
853.4,1.0980637998377545,0.000977944459618805,0.9838050417960708,0.0017059941063027526,0.9657973359094705,0.11966642477954559,2026-10-05,SPY,2026-11-30,56,60
853.77,1.098539876244996,0.0009543405836517053,0.9841625145290759,0.0016795269137751046,0.9664236478002576,0.11978508838466423,2026-10-05,SPY,2026-11-30,56,60
854.14,1.0990159526522376,0.0009312709773790063,0.9845113526678665,0.0016533670714877391,0.9670402237323705,0.11990505158942452,2026-10-05,SPY,2026-11-30,56,60
854.51,1.0994920290594792,0.0009087079978870043,0.9848517487782907,0.0016275131712685013,0.9676471771661845,0.12002629957351604,2026-10-05,SPY,2026-11-30,56,60
854.88,1.0999681054667207,0.0008867284935632818,0.985183904529209,0.0016019637633989912,0.9682446210333311,0.12014881711454903,2026-10-05,SPY,2026-11-30,56,60
855.25,1.1004441818739623,0.0008652764536077329,0.9855080254444357,0.0015767173577897775,0.9688326677215393,0.12027258931291043,2026-10-05,SPY,2026-11-30,56,60
855.62,1.1009202582812039,0.0008443369337066296,0.9858243039210889,0.0015517724251477034,0.9694114290599178,0.12039760123752284,2026-10-05,SPY,2026-11-30,56,60
855.99,1.1013963346884454,0.000823906017985073,0.9861329288671519,0.0015271273981354858,0.9699810163046615,0.1205238378962058,2026-10-05,SPY,2026-11-30,56,60
856.36,1.1018724110956872,0.0008039923271609546,0.9864340900610038,0.001502780672522762,0.970541540125191,0.12065128429931599,2026-10-05,SPY,2026-11-30,56,60
856.73,1.1023484875029288,0.000784554235521546,0.9867279711751001,0.0014787306083286903,0.9710931105907128,0.12077992563960553,2026-10-05,SPY,2026-11-30,56,60
857.1,1.1028245639101704,0.0007655658725772645,0.9870147433950984,0.001454975530955588,0.9716358371571999,0.12090974702904471,2026-10-05,SPY,2026-11-30,56,60
857.47,1.103300640317412,0.000747040840770723,0.9872945756370678,0.0014315137323130023,0.9721698286547965,0.12104073335612511,2026-10-05,SPY,2026-11-30,56,60
857.84,1.1037767167246535,0.0007289729236187527,0.9875676381834798,0.0014083434719327338,0.9726951932756258,0.12117286949834763,2026-10-05,SPY,2026-11-30,56,60
858.21,1.104252793131895,0.0007113338006083023,0.9878340949274619,0.0013854629780733633,0.9732120385620217,0.12130614036380609,2026-10-05,SPY,2026-11-30,56,60
858.5799999999999,1.1047288695391366,0.0006940902993988926,0.9880940983859632,0.0013628704488152503,0.9737204713951534,0.12144053072205965,2026-10-05,SPY,2026-11-30,56,60
858.95,1.1052049459463782,0.0006773184206824949,0.9883478089991783,0.0013405640531444626,0.9742205979840693,0.12157602497161603,2026-10-05,SPY,2026-11-30,56,60
859.3199999999999,1.1056810223536198,0.0006609578473111418,0.9885953901087571,0.0013185419320268469,0.9747125238551196,0.12171260796469185,2026-10-05,SPY,2026-11-30,56,60
859.69,1.1061570987608615,0.0006449991624513948,0.9888369921555631,0.001296802199470188,0.9751963538417974,0.12185026453512666,2026-10-05,SPY,2026-11-30,56,60
860.06,1.106633175168103,0.0006294331923554583,0.9890727621412024,0.0012753429435761047,0.9756721920749514,0.12198897950021798,2026-10-05,SPY,2026-11-30,56,60
860.4300000000001,1.1071092515753447,0.0006142685576233161,0.9893028469649485,0.0012541622275800185,0.976140141973396,0.12212873766333465,2026-10-05,SPY,2026-11-30,56,60
860.8,1.107585327982586,0.0005994643681280048,0.9895273875562125,0.001233258090879751,0.9766003062349013,0.12226952400047592,2026-10-05,SPY,2026-11-30,56,60
861.17,1.1080614043898276,0.0005850187281639625,0.9897465169290265,0.0012126285500522172,0.9770527868275612,0.12241132333660444,2026-10-05,SPY,2026-11-30,56,60
861.54,1.1085374807970692,0.0005709441253517426,0.9899603700569269,0.0011922715998581269,0.9774976849815367,0.12255412041088076,2026-10-05,SPY,2026-11-30,56,60
861.91,1.109013557204311,0.0005572012896694847,0.9901690769587058,0.0011721852142345334,0.9779351011811678,0.12269790010209047,2026-10-05,SPY,2026-11-30,56,60
862.28,1.1094896336115525,0.00054378137962298,0.990372758752525,0.0011523673472750252,0.9783651351574499,0.12284264710059385,2026-10-05,SPY,2026-11-30,56,60
862.65,1.109965710018794,0.0005306773561678515,0.9905715336186462,0.001132815934197387,0.9787878858808711,0.12298834589078858,2026-10-05,SPY,2026-11-30,56,60
863.02,1.1104417864260356,0.0005179363484903784,0.990765527154008,0.0011135288922985737,0.9792034515546042,0.12313498075118179,2026-10-05,SPY,2026-11-30,56,60
863.39,1.1109178628332772,0.0005055389629388929,0.9909548700866224,0.0010945041218966708,0.9796119296080554,0.123282536374521,2026-10-05,SPY,2026-11-30,56,60
863.76,1.1113939392405188,0.0004934334327905042,0.9911396799798323,0.0010757395072603514,0.9800134166907477,0.12343099776333061,2026-10-05,SPY,2026-11-30,56,60
864.13,1.1118700156477603,0.0004816082608504632,0.991320062693156,0.0010572329175247005,0.980408008666558,0.12358034973211592,2026-10-05,SPY,2026-11-30,56,60
864.5,1.112346092055002,0.00047005897166053597,0.9914961211311705,0.0010389822075942917,0.9807958006082808,0.1237305768473375,2026-10-05,SPY,2026-11-30,56,60
864.87,1.1128221684622437,0.0004588124589126465,0.9916679623458265,0.0010209852190326046,0.981176886792531,0.12388166344613263,2026-10-05,SPY,2026-11-30,56,60
865.24,1.1132982448694853,0.0004478423838541355,0.9918356934917384,0.0010032397809381802,0.9815513606949698,0.12403359403998991,2026-10-05,SPY,2026-11-30,56,60
865.61,1.1137743212767268,0.00043713559554042634,0.9919994144179264,0.0009857437108072653,0.9819193149858518,0.12418635308791849,2026-10-05,SPY,2026-11-30,56,60
865.98,1.1142503976839684,0.00042670530433126894,0.9921592249844027,0.0009684948153829425,0.9822808415258889,0.12433992491498003,2026-10-05,SPY,2026-11-30,56,60
866.35,1.11472647409121,0.0004165409190009587,0.9923152255357192,0.0009514908914903759,0.9826360313624283,0.12449429395881374,2026-10-05,SPY,2026-11-30,56,60
866.72,1.1152025504984515,0.0004066254731740015,0.9924675113182715,0.0009347297268585209,0.9829849747259346,0.12464944472641241,2026-10-05,SPY,2026-11-30,56,60
867.09,1.115678626905693,0.0003969451852810216,0.9926161718900857,0.0009182091009280347,0.9833277610267736,0.12480536166164638,2026-10-05,SPY,2026-11-30,56,60
867.46,1.1161547033129346,0.000387488270730392,0.9927612920794477,0.0009019267856451625,0.9836644788522955,0.12496202904235212,2026-10-05,SPY,2026-11-30,56,60
867.8299999999999,1.1166307797201762,0.00037827696447679285,0.9929029586479611,0.0008858805462421766,0.9839952159642011,0.12511943089442434,2026-10-05,SPY,2026-11-30,56,60
868.2,1.117106856127418,0.0003692964055878139,0.9930412597214231,0.0008700681420033499,0.9843200592962063,0.12527755136091132,2026-10-05,SPY,2026-11-30,56,60
868.5699999999999,1.1175829325346593,0.0003605417330356025,0.9931762797770683,0.0008544873270174577,0.984639094951976,0.12543637458704213,2026-10-05,SPY,2026-11-30,56,60
868.94,1.1180590089419011,0.00035199430978761424,0.9933080989449907,0.000839135850916003,0.9849524082033435,0.12559588473366445,2026-10-05,SPY,2026-11-30,56,60
869.31,1.1185350853491425,0.0003436591760647619,0.9934367948398733,0.00082401145959787,0.9852600834887897,0.12575606579477228,2026-10-05,SPY,2026-11-30,56,60
869.6800000000001,1.1190111617563843,0.0003355289008048792,0.9935624446340943,0.0008091118959395035,0.9855622044121999,0.1259169017383214,2026-10-05,SPY,2026-11-30,56,60
870.05,1.1194872381636256,0.0003275923504676223,0.9936851220655797,0.0007944349004915964,0.9858588537418709,0.1260783764754059,2026-10-05,SPY,2026-11-30,56,60
870.42,1.1199633145708674,0.00031984572028776864,0.9938048981086695,0.0007799782121615258,0.9861501134097789,0.12624047377072292,2026-10-05,SPY,2026-11-30,56,60
870.79,1.120439390978109,0.00031229047487280894,0.9939218433047742,0.0007657395688820307,0.9864360645110948,0.12640317725356728,2026-10-05,SPY,2026-11-30,56,60
871.16,1.1209154673853505,0.00030492083379463867,0.9940360273968776,0.0007517167082658608,0.9867167873039455,0.12656647050767944,2026-10-05,SPY,2026-11-30,56,60
871.53,1.121391543792592,0.000297703253066191,0.9941475128529469,0.0007379073682466398,0.9869923612094144,0.126730337055737,2026-10-05,SPY,2026-11-30,56,60
871.9,1.1218676201998337,0.0002906907279646076,0.9942563657394375,0.0007243092877057657,0.9872628648117769,0.1268947599113729,2026-10-05,SPY,2026-11-30,56,60
872.27,1.1223436966070752,0.0002838546846287908,0.9943626566407674,0.0007109202070856787,0.9875283758589646,0.1270597224512375,2026-10-05,SPY,2026-11-30,56,60
872.64,1.1228197730143168,0.0002771922222636498,0.9944664503185424,0.000697737868989207,0.9877889712632542,0.12722520805863863,2026-10-05,SPY,2026-11-30,56,60
873.01,1.1232958494215584,0.0002706733384558882,0.9945678054472755,0.0006847600187653774,0.9880447271021743,0.12739120014974772,2026-10-05,SPY,2026-11-30,56,60
873.38,1.1237719258288001,0.00026431081191905946,0.9946667775150949,0.0006719844050813651,0.9882957186196308,0.12755768175906046,2026-10-05,SPY,2026-11-30,56,60
873.75,1.1242480022360417,0.0002581022877803018,0.9947634239385393,0.0006594087804810587,0.9885420202272365,0.12772463579635826,2026-10-05,SPY,2026-11-30,56,60
874.12,1.1247240786432833,0.000252044216933051,0.9948578010419112,0.0006470309019300819,0.9887837055058457,0.12789204506983748,2026-10-05,SPY,2026-11-30,56,60
874.49,1.1252001550505248,0.00024613755192780793,0.9949499646691505,0.0006348485313472591,0.9890208472072919,0.12805989228932535,2026-10-05,SPY,2026-11-30,56,60
874.86,1.1256762314577664,0.00024036742423592732,0.9950399680897408,0.0006228594361229735,0.9892535172563124,0.12822816014514352,2026-10-05,SPY,2026-11-30,56,60
875.23,1.126152307865008,0.0002347324662117654,0.9951278615694736,0.0006110613896238565,0.9894817867526723,0.12839683111754716,2026-10-05,SPY,2026-11-30,56,60
875.6,1.1266283842722495,0.00022922417157808444,0.9952136935474648,0.000599452171684794,0.9897057259734614,0.12856588750676887,2026-10-05,SPY,2026-11-30,56,60
875.97,1.127104460679491,0.00022386082576820716,0.9952975142719738,0.0005880295690873941,0.9899254043755804,0.12873531133753122,2026-10-05,SPY,2026-11-30,56,60
876.34,1.1275805370867327,0.00021862851624848746,0.995379374800247,0.0005767913760257122,0.9901408905983966,0.12890508473618417,2026-10-05,SPY,2026-11-30,56,60
876.71,1.1280566134939745,0.0002135212088431549,0.9954593224993888,0.0005657353945591001,0.9903522524665689,0.1290751897495,2026-10-05,SPY,2026-11-30,56,60
877.0799999999999,1.1285326899012158,0.00020853297421766112,0.9955374025232551,0.0005548594350520667,0.9905595569930425,0.12924560829302703,2026-10-05,SPY,2026-11-30,56,60
877.45,1.1290087663084576,0.0002036748570693645,0.9956136609720432,0.0005441613166016406,0.9907628703822003,0.1294163220961085,2026-10-05,SPY,2026-11-30,56,60
877.8199999999999,1.129484842715699,0.0001989237654526934,0.9956881417172098,0.0005336388674521889,0.9909622580331693,0.12958731296143472,2026-10-05,SPY,2026-11-30,56,60
878.19,1.1299609191229407,0.00019428178718423498,0.9957608847444477,0.0005232899253975897,0.9911577845432822,0.12975856239110672,2026-10-05,SPY,2026-11-30,56,60
878.56,1.130436995530182,0.00018973881395682388,0.9958319285556587,0.0005131123381712516,0.991349513711683,0.1299300516697753,2026-10-05,SPY,2026-11-30,56,60
878.9300000000001,1.1309130719374239,0.00018531897972516467,0.9959013142474898,0.0005031039638238989,0.9915375085430735,0.13010176171457835,2026-10-05,SPY,2026-11-30,56,60
879.3,1.1313891483446654,0.00018100341187887473,0.9959690838899367,0.0004932626710892356,0.9917218312515995,0.13027367359041236,2026-10-05,SPY,2026-11-30,56,60
879.67,1.131865224751907,0.00017679019082376496,0.9960352757064367,0.00048358633973763395,0.9919025432648698,0.13044576820087328,2026-10-05,SPY,2026-11-30,56,60
880.04,1.1323413011591485,0.0001726795968450602,0.9960999276171554,0.0004740728609180429,0.9920797052281031,0.130618026298291,2026-10-05,SPY,2026-11-30,56,60
880.4100000000001,1.1328173775663903,0.0001686703651806326,0.9961630773601301,0.00046472013748828547,0.9922533770083978,0.13079042853839815,2026-10-05,SPY,2026-11-30,56,60
880.78,1.1332934539736317,0.00016475478030483534,0.9962247610120449,0.00045552608433354496,0.9924236176991276,0.13096295550562523,2026-10-05,SPY,2026-11-30,56,60
881.15,1.1337695303808732,0.0001609310374239739,0.9962850128883247,0.00044648862867381167,0.9925904856244437,0.13113558760343394,2026-10-05,SPY,2026-11-30,56,60
881.52,1.1342456067881148,0.000157187487984776,0.9963438648155254,0.00043760571035964836,0.9927540383438991,0.1313083050609653,2026-10-05,SPY,2026-11-30,56,60
881.89,1.1347216831953566,0.00015354561863830797,0.9964013504402507,0.00042887528215723806,0.9929143326571694,0.131481087727364,2026-10-05,SPY,2026-11-30,56,60
882.26,1.1351977596025982,0.00014999333539843834,0.9964575051467475,0.00042029531002200676,0.9930714246088884,0.13165391557131476,2026-10-05,SPY,2026-11-30,56,60
882.63,1.1356738360098397,0.00014652945175213484,0.9965123618623704,0.0004118637733618707,0.9932253694935714,0.13182676847621866,2026-10-05,SPY,2026-11-30,56,60
883.0,1.1361499124170813,0.00014314247750584055,0.996565951169283,0.00040357866528934985,0.9933762218606443,0.13199962626196715,2026-10-05,SPY,2026-11-30,56,60
883.37,1.1366259888243229,0.00013983695121908902,0.9966183023635972,0.0003954379928634546,0.993524035519557,0.13217246847466566,2026-10-05,SPY,2026-11-30,56,60
883.74,1.1371020652315644,0.00013661104751269058,0.9966694452433625,0.0003874397773210733,0.9936688635449864,0.13234527452574443,2026-10-05,SPY,2026-11-30,56,60
884.11,1.137578141638806,0.0001334629913281782,0.9967194089405481,0.0003795820542980384,0.9938107582821253,0.13251802369320026,2026-10-05,SPY,2026-11-30,56,60
884.48,1.1380542180460476,0.00013039105987786424,0.9967682219400212,0.00037186287404028913,0.9939497713520471,0.13269069512299836,2026-10-05,SPY,2026-11-30,56,60
884.85,1.1385302944532891,0.0001273935785591968,0.996815912098132,0.00036428030160487495,0.9940859536571516,0.13286326783063682,2026-10-05,SPY,2026-11-30,56,60
885.22,1.139006370860531,0.00012446892014440365,0.9968625066603922,0.0003568324170514384,0.9942193553866779,0.13303572070287098,2026-10-05,SPY,2026-11-30,56,60
885.5899999999999,1.1394824472677723,0.00012161550484301544,0.9969080322790149,0.00034951731562385787,0.9943500260222918,0.13320803249960245,2026-10-05,SPY,2026-11-30,56,60
885.96,1.139958523675014,0.00011883179664521639,0.9969525150297902,0.00034233310792250747,0.9944780143437353,0.1333801818559293,2026-10-05,SPY,2026-11-30,56,60
886.3299999999999,1.1404346000822554,0.00011611630398216471,0.9969959804284063,0.0003352779200673052,0.9946033684345379,0.13355214728436335,2026-10-05,SPY,2026-11-30,56,60
886.7,1.1409106764894972,0.00011346757747484454,0.9970384534464758,0.0003283498938514594,0.994726135687789,0.13372390717721302,2026-10-05,SPY,2026-11-30,56,60
887.0699999999999,1.1413867528967385,0.00011088420894909294,0.9970799585269643,0.00032154718688633723,0.9948463628119634,0.1338954398091363,2026-10-05,SPY,2026-11-30,56,60
887.44,1.1418628293039803,0.00010836362858397132,0.9971205193769079,0.000314867972737445,0.9949640958367993,0.13406672333986538,2026-10-05,SPY,2026-11-30,56,60
887.81,1.1423389057112219,0.00010590667976077299,0.9971601593839516,0.0003083104410517693,0.9950793801192261,0.1342377357859186,2026-10-05,SPY,2026-11-30,56,60
888.1800000000001,1.1428149821184634,0.00010351151451600244,0.9971989017498929,0.00030187279767662296,0.9951922603493355,0.13440845507888816,2026-10-05,SPY,2026-11-30,56,60
654.85125,0.8413776147914509,0.0004406708220336909,0.03641502651054229,0.00037946313027761007,0.00593132804641424,0.24550378652597318,2026-10-05,SPY,2026-12-31,87,90
655.235,0.8418706712827932,0.000451518363182876,0.036586215310455805,0.0003875708217376556,0.0060784982740344756,0.24513496826547942,2026-10-05,SPY,2026-12-31,87,90
655.61875,0.8423637277741357,0.0004622564735858989,0.03676154585726077,0.00039581725495726057,0.006228806399480872,0.2447658897088292,2026-10-05,SPY,2026-12-31,87,90
656.0025,0.8428567842654783,0.00047285755820801733,0.03694097086211123,0.0004042039886251427,0.006382305963981583,0.24439657463020695,2026-10-05,SPY,2026-12-31,87,90
656.38625,0.8433498407568206,0.00048325489163794915,0.03712442493842538,0.00041273258107426284,0.006539051106856532,0.2440270459299128,2026-10-05,SPY,2026-12-31,87,90
656.77,0.8438428972481631,0.000493455256310623,0.03731183119806292,0.0004214045898412638,0.006699096565298536,0.24365732545248045,2026-10-05,SPY,2026-12-31,87,90
657.15375,0.8443359537395054,0.0005035391139726826,0.037503129492861054,0.0004302215712185978,0.006862497673979918,0.24328743402420402,2026-10-05,SPY,2026-12-31,87,90
657.5375,0.844829010230848,0.0005134715044640138,0.03769826840527357,0.0004391850797998377,0.007029310364489469,0.24291739170428303,2026-10-05,SPY,2026-12-31,87,90
657.92125,0.8453220667221905,0.000523228368543934,0.03789718519340701,0.0004482966680179309,0.007199591164591251,0.2425472176954288,2026-10-05,SPY,2026-12-31,87,90
658.305,0.8458151232135328,0.0005328803508770045,0.038099826053945796,0.000457557885676652,0.007373397197305706,0.24217693028828224,2026-10-05,SPY,2026-12-31,87,90
658.68875,0.8463081797048754,0.0005423870226251844,0.03830614298123658,0.0004669702794753811,0.007550786179811196,0.24180654707946986,2026-10-05,SPY,2026-12-31,87,90
659.0725,0.8468012361962178,0.0005517585934875923,0.03851608217132818,0.0004765353925270242,0.0077318164221582405,0.24143608486654555,2026-10-05,SPY,2026-12-31,87,90
659.45625,0.8472942926875602,0.0005610029317824011,0.038729593288989284,0.0004862547638695805,0.007916546825801438,0.2410655596899885,2026-10-05,SPY,2026-12-31,87,90
659.84,0.8477873491789027,0.0005702814911820317,0.03894665848764567,0.0004961299279711269,0.008105036881940406,0.2406949868676263,2026-10-05,SPY,2026-12-31,87,90
660.22375,0.8482804056702451,0.000579285503718363,0.03916723165479219,0.000506162414228423,0.008297346669669015,0.2403243814621727,2026-10-05,SPY,2026-12-31,87,90
660.6075,0.8487734621615876,0.0005880797941660166,0.03939121987132366,0.0005163537464594422,0.008493536853934159,0.2399537574144659,2026-10-05,SPY,2026-12-31,87,90
660.99125,0.8492665186529301,0.0005967091766907275,0.039618551255106715,0.0005267054423895639,0.008693668683294496,0.23958312774502175,2026-10-05,SPY,2026-12-31,87,90
661.375,0.8497595751442725,0.0006053361254769377,0.039849193697460206,0.0005372190131319748,0.008897803987484796,0.23921250469491215,2026-10-05,SPY,2026-12-31,87,90
661.75875,0.8502526316356149,0.0006140080896085798,0.04008315536872964,0.0005478959626619947,0.00910600517477605,0.23884190019011672,2026-10-05,SPY,2026-12-31,87,90
662.1425,0.8507456881269575,0.0006224717355253601,0.04032040493517719,0.000558737787285795,0.00931833522913526,0.23847132597619122,2026-10-05,SPY,2026-12-31,87,90
662.52625,0.8512387446182998,0.0006307892043719122,0.04056087437802003,0.0005697459751035117,0.009534857707180239,0.23810079292115438,2026-10-05,SPY,2026-12-31,87,90
662.91,0.8517318011096423,0.0006389740171774813,0.04080451019615483,0.000580922005466802,0.009755636734925776,0.23773031120122937,2026-10-05,SPY,2026-12-31,87,90
663.29375,0.8522248576009849,0.0006471070870521665,0.0410512770080288,0.0005922673484311351,0.00998073700432157,0.2373598903492699,2026-10-05,SPY,2026-12-31,87,90
663.6775,0.8527179140923272,0.0006550907831940524,0.04130113622438225,0.0006037834642029383,0.0102102237695796,0.23698953948542,2026-10-05,SPY,2026-12-31,87,90
664.06125,0.8532109705836697,0.000663002486329003,0.041554045370471915,0.0006154718025816061,0.010444162843286057,0.23661926705859634,2026-10-05,SPY,2026-12-31,87,90
664.445,0.8537040270750121,0.0006708699891642085,0.04180998215170728,0.0006273338023968425,0.010682620592302012,0.23624908106648357,2026-10-05,SPY,2026-12-31,87,90
664.82875,0.8541970835663546,0.0006787846265026007,0.04206894713108822,0.0006393708909411256,0.01092566393344374,0.23587898913703612,2026-10-05,SPY,2026-12-31,87,90
665.2125,0.8546901400576971,0.0006865183037267218,0.042330914630825944,0.0006515844833977151,0.011173360328945782,0.23550899877787684,2026-10-05,SPY,2026-12-31,87,90
665.59625,0.8551831965490395,0.000694144444801079,0.042595829295699716,0.0006639759822642753,0.011425777781703284,0.23513911676891847,2026-10-05,SPY,2026-12-31,87,90
665.98,0.855676253040382,0.0007016793585307156,0.04286365298796391,0.0006765467767723828,0.011682984830293518,0.23476934936982452,2026-10-05,SPY,2026-12-31,87,90
666.36375,0.8561693095317243,0.0007092117257053433,0.043134367714751765,0.0006892982423029425,0.01194505054377229,0.23439970237161606,2026-10-05,SPY,2026-12-31,87,90
666.7475,0.8566623660230668,0.0007168032309426904,0.043407984334558614,0.0007022317397978767,0.012212044516246969,0.2340301813373856,2026-10-05,SPY,2026-12-31,87,90
667.13125,0.8571554225144093,0.000724275149804845,0.04368449124886453,0.0007153486151680506,0.012484036861220434,0.23366079176635013,2026-10-05,SPY,2026-12-31,87,90
667.515,0.8576484790057517,0.0007316388350618122,0.04396384474471071,0.0007286501986978938,0.012761098205709835,0.23329153862697152,2026-10-05,SPY,2026-12-31,87,90
667.89875,0.8581415354970942,0.0007388293114195364,0.04424599082031688,0.0007421378044467313,0.013043299684135135,0.2329224263953905,2026-10-05,SPY,2026-12-31,87,90
668.2825,0.8586345919884367,0.0007461250962393995,0.04453091644728635,0.0007558127296470393,0.013330712931976801,0.23255345889567694,2026-10-05,SPY,2026-12-31,87,90
668.66625,0.8591276484797791,0.0007535203252063093,0.04481866091252629,0.0007696762540999735,0.01362341007920392,0.23218464002854197,2026-10-05,SPY,2026-12-31,87,90
669.05,0.8596207049711215,0.0007608682339806852,0.04510923421732016,0.0007837296395680757,0.013921463743466067,0.23181597375275648,2026-10-05,SPY,2026-12-31,87,90
669.43375,0.8601137614624641,0.0007680982860381427,0.04540260466834878,0.0007979741291658723,0.014224947023057767,0.2314474637072758,2026-10-05,SPY,2026-12-31,87,90
669.8175,0.8606068179538064,0.0007751176460577405,0.0456987092253196,0.0008124109467478617,0.014533933489640211,0.2310791130366922,2026-10-05,SPY,2026-12-31,87,90
670.20125,0.8610998744451489,0.0007822790694368185,0.04599753472010515,0.000827041296295012,0.01484849718073767,0.23071092416471678,2026-10-05,SPY,2026-12-31,87,90
670.585,0.8615929309364914,0.0007894511458897363,0.04629911045517088,0.0008418663612990571,0.015168712591988973,0.23034289969671728,2026-10-05,SPY,2026-12-31,87,90
670.96875,0.8620859874278338,0.0007966292651377486,0.04660343963403679,0.0008568873041455447,0.015494654669167994,0.22997504208429123,2026-10-05,SPY,2026-12-31,87,90
671.3525,0.8625790439191763,0.0008037665117833047,0.04691051557373349,0.0008721052654955362,0.01582639879996614,0.22960735361522983,2026-10-05,SPY,2026-12-31,87,90
671.73625,0.8630721004105187,0.0008108544171841192,0.047220320964479146,0.0008875213636661623,0.016164020805535577,0.2292398362984474,2026-10-05,SPY,2026-12-31,87,90
672.12,0.8635651569018612,0.0008179647090627138,0.04753285063432766,0.0009031366940104425,0.016507596931796247,0.22887249184714892,2026-10-05,SPY,2026-12-31,87,90
672.50375,0.8640582133932035,0.0008251165300812835,0.04784811684708845,0.0009189523282964818,0.016857203840504188,0.22850532186041797,2026-10-05,SPY,2026-12-31,87,90
672.8875,0.8645512698845461,0.0008324128297847772,0.048166155293012713,0.0009349693140863948,0.017212918600082713,0.22813832787100752,2026-10-05,SPY,2026-12-31,87,90
673.27125,0.8650443263758886,0.0008395707210718914,0.0484869671368332,0.0009511886741149981,0.01757481867621236,0.22777151159705183,2026-10-05,SPY,2026-12-31,87,90
673.655,0.8655373828672309,0.000846646198341203,0.048810510008245545,0.0009676114056687747,0.017942981922184843,0.227404874247218,2026-10-05,SPY,2026-12-31,87,90
674.03875,0.8660304393585735,0.0008537388792511579,0.049136771395008605,0.0009842384799652816,0.018317486569019523,0.22703841666565752,2026-10-05,SPY,2026-12-31,87,90
674.4225,0.866523495849916,0.0008609211725151156,0.04946577179244116,0.0010010708415330433,0.018698411215337878,0.2266721395788446,2026-10-05,SPY,2026-12-31,87,90
674.80625,0.8670165523412583,0.0008682589367667496,0.0497975582259097,0.0010181094075926227,0.019085834817005917,0.2263060437707557,2026-10-05,SPY,2026-12-31,87,90
675.19,0.8675096088326009,0.0008755084164503793,0.050132143586808176,0.0010353550674386393,0.01947983667653392,0.22594013023794499,2026-10-05,SPY,2026-12-31,87,90
675.57375,0.8680026653239433,0.0008827029473827373,0.05046950039224363,0.0010528086818233143,0.019880496432241226,0.22557439960199283,2026-10-05,SPY,2026-12-31,87,90
675.9575,0.8684957218152857,0.0008898401940282935,0.05080960710750182,0.0010704710823418013,0.020287894047186505,0.22520885219509607,2026-10-05,SPY,2026-12-31,87,90
676.34125,0.8689887783066281,0.0008971416444191416,0.05115248424775387,0.001088343070819412,0.020702109797860753,0.224843488059154,2026-10-05,SPY,2026-12-31,87,90
676.725,0.8694818347979706,0.000904680216306857,0.05149820881728073,0.0011064254187011238,0.021123224262646127,0.22447830747216124,2026-10-05,SPY,2026-12-31,87,90
677.10875,0.869974891289313,0.0009121521381891425,0.05184681352529952,0.0011247188664435,0.02155131831003915,0.22411331111282867,2026-10-05,SPY,2026-12-31,87,90
677.4925,0.8704679477806555,0.0009195694447036539,0.05219827510401709,0.001143224122909584,0.02198647308664481,0.22374849934116922,2026-10-05,SPY,2026-12-31,87,90
677.87625,0.870961004271998,0.000926870190137463,0.05255256070895209,0.0011619418647666705,0.022428770004935268,0.22338387223170367,2026-10-05,SPY,2026-12-31,87,90
678.26,0.8714540607633404,0.0009343746647457294,0.052909687065482824,0.0011808727358875364,0.022878290730780612,0.22301942943453898,2026-10-05,SPY,2026-12-31,87,90
678.64375,0.8719471172546828,0.0009419167337503425,0.05326970047756929,0.001200017346755253,0.023335117170750118,0.22265517092154427,2026-10-05,SPY,2026-12-31,87,90
679.0275,0.8724401737460253,0.0009495058202524205,0.05363261718011847,0.0012193762738717953,0.023799331459183292,0.22229109659664906,2026-10-05,SPY,2026-12-31,87,90
679.41125,0.8729332302373678,0.0009571514962163138,0.053998457052716,0.001238950059170977,0.024271015945038776,0.22192720631740218,2026-10-05,SPY,2026-12-31,87,90
679.795,0.8734262867287101,0.0009649601751798517,0.054367262229665037,0.0012587392094358045,0.024750253178517836,0.22156349991631993,2026-10-05,SPY,2026-12-31,87,90
680.17875,0.8739193432200527,0.0009727369627286832,0.05473905786800115,0.0012787441957203352,0.025237125897460085,0.22119997744125625,2026-10-05,SPY,2026-12-31,87,90
680.5625,0.8744123997113952,0.0009805621355046465,0.05511384713247469,0.0012989654527769039,0.02573171701352651,0.22083663870939554,2026-10-05,SPY,2026-12-31,87,90
680.94625,0.8749054562027375,0.0009884494544912692,0.05549165123130506,0.001319403378488376,0.026234109598157626,0.22047348349115012,2026-10-05,SPY,2026-12-31,87,90
681.33,0.8753985126940801,0.000996395722831133,0.05587249339970379,0.001340058333306113,0.02674438686831788,0.2201105115405055,2026-10-05,SPY,2026-12-31,87,90
681.71375,0.8758915691854225,0.0010042973731189324,0.05625637638748915,0.0013609306396936635,0.027262632172022534,0.21974772258679778,2026-10-05,SPY,2026-12-31,87,90
682.0975,0.8763846256767649,0.0010123126809724208,0.05664331344161788,0.0013820205815767825,0.027788928973656746,0.21938511610393008,2026-10-05,SPY,2026-12-31,87,90
682.48125,0.8768776821681075,0.0010204646715783812,0.05703335259613862,0.001403328403799615,0.02832336083907841,0.21902269166414845,2026-10-05,SPY,2026-12-31,87,90
682.865,0.8773707386594498,0.0010289457164700871,0.05742658321434524,0.0014248543115879546,0.028866011420522916,0.2186604489852149,2026-10-05,SPY,2026-12-31,87,90
683.24875,0.8778637951507923,0.0010372470709690655,0.0578230339554352,0.0014465984700189635,0.029416964441290307,0.2182983883474597,2026-10-05,SPY,2026-12-31,87,90
683.6325,0.8783568516421348,0.0010454466750125417,0.05822265081794542,0.001468561003498798,0.029976303680245932,0.2179365094702558,2026-10-05,SPY,2026-12-31,87,90
684.01625,0.8788499081334772,0.0010536872573630605,0.058625422141219796,0.001490741995247172,0.030544112956107358,0.2175748116916844,2026-10-05,SPY,2026-12-31,87,90
684.4,0.8793429646248196,0.0010621778485967147,0.05903140375842586,0.0015131414867901043,0.031120476111543532,0.21721329428396566,2026-10-05,SPY,2026-12-31,87,90
684.78375,0.8798360211161622,0.0010709977524834536,0.05944070682688307,0.001535759477460777,0.03170547699708115,0.21685195690378606,2026-10-05,SPY,2026-12-31,87,90
685.1675,0.8803290776075046,0.0010797118528014097,0.059853374232397005,0.0015585959239084754,0.03229919945481363,0.2164907997528444,2026-10-05,SPY,2026-12-31,87,90
685.55125,0.880822134098847,0.00108889825631216,0.060269476297083235,0.0015816507396166335,0.03290172730193428,0.2161298226353354,2026-10-05,SPY,2026-12-31,87,90
685.935,0.8813151905901894,0.0010976808625547823,0.06068902616551575,0.0016049237944294082,0.033513144314076426,0.21576902619449925,2026-10-05,SPY,2026-12-31,87,90
686.31875,0.8818082470815319,0.001106710831948325,0.06111199382189847,0.001628414914087633,0.034133534208477534,0.2154084100375941,2026-10-05,SPY,2026-12-31,87,90
686.7025,0.8823013035728744,0.0011157380146377294,0.06153842619433725,0.0016521238797742575,0.0347629806269678,0.21504797412958246,2026-10-05,SPY,2026-12-31,87,90
687.08625,0.8827943600642167,0.0011247055065804338,0.061968311294970935,0.001676050427669653,0.03540156711878891,0.2146877182586833,2026-10-05,SPY,2026-12-31,87,90
687.47,0.8832874165555593,0.0011335513692728558,0.06240161433302516,0.0017001942485164593,0.036049377123231884,0.2143276419195176,2026-10-05,SPY,2026-12-31,87,90
687.85375,0.8837804730469018,0.0011431115199427265,0.06283844902489333,0.0017245549871954097,0.03670649395212831,0.21396774418880776,2026-10-05,SPY,2026-12-31,87,90
688.2375,0.8842735295382441,0.0011525483550575341,0.06327892876340901,0.0017491322423110807,0.03737300077216445,0.21360802546611343,2026-10-05,SPY,2026-12-31,87,90
688.62125,0.8847665860295867,0.0011619875514276982,0.06372303034046578,0.001773925565788784,0.038048980587047615,0.21324848571482818,2026-10-05,SPY,2026-12-31,87,90
689.005,0.885259642520929,0.0011713124334998069,0.06417073227507375,0.0017989344624824068,0.038734516219517026,0.21288912472814844,2026-10-05,SPY,2026-12-31,87,90
689.38875,0.8857526990122715,0.0011810553290839698,0.06462209283951947,0.001824158389793562,0.039429690293205984,0.21252994189219931,2026-10-05,SPY,2026-12-31,87,90
689.7725,0.8862457555036141,0.0011911239515488593,0.06507725473899084,0.0018495967573024215,0.040134585214364006,0.21217093727832426,2026-10-05,SPY,2026-12-31,87,90
690.15625,0.8867388119949564,0.0012010436589511735,0.0655362518992555,0.0018752489264100831,0.04084928315343114,0.2118121114397007,2026-10-05,SPY,2026-12-31,87,90
690.54,0.8872318684862989,0.0012110325708052363,0.06599906902583996,0.0019011142099932636,0.04157386602648549,0.2114534644400103,2026-10-05,SPY,2026-12-31,87,90
690.92375,0.8877249249776414,0.0012211301979266754,0.0664657402570904,0.0019271918720712776,0.04230841547655957,0.2110949963011332,2026-10-05,SPY,2026-12-31,87,90
691.3075,0.8882179814689838,0.001231196968369272,0.0669362805321233,0.001953481127485316,0.04305301285482534,0.21073670708155073,2026-10-05,SPY,2026-12-31,87,90
691.69125,0.8887110379603262,0.0012412898956796943,0.06741068894916269,0.0019799811415907647,0.04380773920166566,0.2103785965953571,2026-10-05,SPY,2026-12-31,87,90
692.075,0.8892040944516688,0.0012517659976344154,0.06788904404869223,0.0020066910299623864,0.044572675227626514,0.21002066452905238,2026-10-05,SPY,2026-12-31,87,90
692.45875,0.8896971509430112,0.0012626557909039774,0.06837149872936799,0.0020336098581126482,0.04534790129425656,0.20966291114917773,2026-10-05,SPY,2026-12-31,87,90
692.8425,0.8901902074343536,0.0012732654746185571,0.06885807862219018,0.002060736641223794,0.04613349739484912,0.20930533734854784,2026-10-05,SPY,2026-12-31,87,90
693.2262499999999,0.890683263925696,0.001284010577794022,0.06934875596474677,0.002088070343893152,0.04692954313507229,0.2089479432698208,2026-10-05,SPY,2026-12-31,87,90
693.61,0.8911763204170385,0.0012948506075850384,0.06984357495469129,0.0021156098798928453,0.0477361177135185,0.20859072913147525,2026-10-05,SPY,2026-12-31,87,90
693.99375,0.891669376908381,0.0013059960366315591,0.07034261240455031,0.0021433541119429186,0.04855329990214571,0.20823369514568538,2026-10-05,SPY,2026-12-31,87,90
694.3775,0.8921624333997235,0.0013171665615056738,0.07084593172806786,0.00217130185149952,0.04938116802665607,0.20787684192455005,2026-10-05,SPY,2026-12-31,87,90
694.76125,0.8926554898910659,0.0013282618890138192,0.07135352331201128,0.0021994518585569,0.050219799946776784,0.20752016992906244,2026-10-05,SPY,2026-12-31,87,90
695.145,0.8931485463824083,0.0013396117238415738,0.0718654215614779,0.002227802841464483,0.051069273036479255,0.20716367927782048,2026-10-05,SPY,2026-12-31,87,90
695.52875,0.8936416028737507,0.001351078375389509,0.07238169772426772,0.0022563534567588304,0.05192966416413142,0.20680737038320565,2026-10-05,SPY,2026-12-31,87,90
695.9125,0.8941346593650933,0.0013628023991923283,0.07290242359789056,0.0022851023090102243,0.052801049672575644,0.20645124368114964,2026-10-05,SPY,2026-12-31,87,90
696.29625,0.8946277158564356,0.0013746448214846051,0.07342767128335792,0.0023140479506850026,0.053683505359166425,0.20609529989545328,2026-10-05,SPY,2026-12-31,87,90
696.68,0.8951207723477781,0.001386828860346402,0.07395752904605912,0.0023431888820231025,0.05457710645575214,0.20573953976740753,2026-10-05,SPY,2026-12-31,87,90
697.06375,0.8956138288391207,0.0013989890151351178,0.07449205785091717,0.002372523550930991,0.05548192760860746,0.20538396447342716,2026-10-05,SPY,2026-12-31,87,90
697.4475,0.896106885330463,0.0014110763987947488,0.07503123915221488,0.0024020503528905525,0.056398042858334704,0.2050285749293947,2026-10-05,SPY,2026-12-31,87,90
697.83125,0.8965999418218055,0.001423032572276777,0.07557503381103914,0.002431767630883871,0.0573255256197334,0.2046733717030129,2026-10-05,SPY,2026-12-31,87,90
698.215,0.897092998313148,0.0014354810486490448,0.07612351111205429,0.00246167367533384,0.05826444866163789,0.20431835491068498,2026-10-05,SPY,2026-12-31,87,90
698.59875,0.8975860548044904,0.0014482062915835033,0.07667681862046138,0.0024917667240611043,0.05921488408674026,0.20396352537837928,2026-10-05,SPY,2026-12-31,87,90
698.9825,0.8980791112958328,0.0014611537335473572,0.07723505207528336,0.0025220449622572983,0.06017690331139914,0.20360888422794057,2026-10-05,SPY,2026-12-31,87,90
699.36625,0.8985721677871754,0.0014740985266614409,0.07779825360271075,0.002552506522474638,0.06115057704543907,0.2032544327688883,2026-10-05,SPY,2026-12-31,87,90
699.75,0.8990652242785178,0.001486980062741184,0.07836641055705229,0.0025831494846322704,0.06213597527195473,0.20290017208185226,2026-10-05,SPY,2026-12-31,87,90
700.13375,0.8995582807698602,0.0015000836763631152,0.07893955341199299,0.0026139718760389468,0.06313316722710992,0.20254610291117425,2026-10-05,SPY,2026-12-31,87,90
700.5175,0.9000513372612027,0.0015133713449542456,0.07951776009420808,0.0026449716714330006,0.06414222137996466,0.2021922261867448,2026-10-05,SPY,2026-12-31,87,90
700.90125,0.9005443937525451,0.0015267476721225115,0.08010108293060969,0.0026761467930386577,0.06516320541230289,0.20183854294962555,2026-10-05,SPY,2026-12-31,87,90
701.285,0.9010374502438875,0.001540304511451418,0.08068957356833284,0.0027074951106397845,0.06619618619849965,0.20148505417645612,2026-10-05,SPY,2026-12-31,87,90
701.66875,0.90153050673523,0.0015542109253951371,0.08128333371777774,0.0027390144416704213,0.06724122978541018,0.20113176094309215,2026-10-05,SPY,2026-12-31,87,90
702.0525,0.9020235632265725,0.0015682900243914992,0.08188246358751805,0.002770702551322624,0.06829840137230186,0.2007786647216415,2026-10-05,SPY,2026-12-31,87,90
702.43625,0.9025166197179149,0.0015824850415703461,0.08248701855329943,0.0028025571526716572,0.06936776529083445,0.20042576705649529,2026-10-05,SPY,2026-12-31,87,90
702.8199999999999,0.9030096762092573,0.0015965310211277514,0.08309699226032952,0.0028345759068180536,0.070449384985078,0.20007306946052503,2026-10-05,SPY,2026-12-31,87,90
703.20375,0.9035027327005999,0.0016108529381726648,0.0837124090575202,0.0028667564230475283,0.07154332299160333,0.19972057294772635,2026-10-05,SPY,2026-12-31,87,90
703.5875,0.9039957891919422,0.001625101378936608,0.08433330779211556,0.0028990962590082197,0.07264964091963558,0.19936827878583005,2026-10-05,SPY,2026-12-31,87,90
703.97125,0.9044888456832848,0.0016396956186644448,0.08495974071603019,0.0029315929209049307,0.07376839943126297,0.19901618787966677,2026-10-05,SPY,2026-12-31,87,90
704.355,0.9049819021746273,0.0016545658776181752,0.0855918271406293,0.0029642438637115577,0.07489965822174621,0.19866430150484157,2026-10-05,SPY,2026-12-31,87,90
704.73875,0.9054749586659696,0.001669647207197805,0.08622966052627834,0.002997046491400718,0.07604347599990154,0.19831262117735107,2026-10-05,SPY,2026-12-31,87,90
705.1225,0.9059680151573121,0.0016848091228365688,0.08687329683460365,0.0030299981571907646,0.07719991046856964,0.1979611485346794,2026-10-05,SPY,2026-12-31,87,90
705.50625,0.9064610716486546,0.0017002784297508173,0.08752281050875632,0.0030630961638106065,0.07836901830519043,0.19760988510743868,2026-10-05,SPY,2026-12-31,87,90
705.89,0.906954128139997,0.00171584271286922,0.08817827875299644,0.003096337763782344,0.07955085514249022,0.1972588327068307,2026-10-05,SPY,2026-12-31,87,90
706.27375,0.9074471846313394,0.0017314143428947858,0.08883972120057115,0.003129720159720746,0.08074547554925571,0.1969079930555037,2026-10-05,SPY,2026-12-31,87,90
706.6575,0.9079402411226819,0.0017471785212774251,0.08950717620638404,0.0031632405046512733,0.0819529330112595,0.196557367638846,2026-10-05,SPY,2026-12-31,87,90
707.04125,0.9084332976140244,0.001763292274956842,0.09018074779041152,0.0031968959023448806,0.08317327991228407,0.1962069580201861,2026-10-05,SPY,2026-12-31,87,90
707.425,0.9089263541053667,0.0017795453139622997,0.09086052975278525,0.0032306834076705746,0.08440656751528408,0.19585676610085265,2026-10-05,SPY,2026-12-31,87,90
707.80875,0.9094194105967093,0.001795608488240672,0.09154651238858291,0.0032646000269659532,0.08565284594370426,0.19550679375935162,2026-10-05,SPY,2026-12-31,87,90
708.1925,0.9099124670880517,0.0018120886345730075,0.09223873927402271,0.0032986427184244225,0.08691216416291558,0.1951570423014195,2026-10-05,SPY,2026-12-31,87,90
708.57625,0.9104055235793941,0.0018287409631548796,0.0929373234530867,0.0033328083925004528,0.08818456996182344,0.19480751347642336,2026-10-05,SPY,2026-12-31,87,90
708.96,0.9108985800707367,0.0018455312167373174,0.09364232442760345,0.003367093912332011,0.0894701099346285,0.19445820906173986,2026-10-05,SPY,2026-12-31,87,90
709.34375,0.9113916365620791,0.0018625920738661514,0.09435382058398789,0.0034014960941802916,0.0907688294627525,0.19410913080372724,2026-10-05,SPY,2026-12-31,87,90
709.7275,0.9118846930534215,0.0018800639309833748,0.09507194270491826,0.0034360117078866305,0.09208077269693288,0.19376028063363204,2026-10-05,SPY,2026-12-31,87,90
710.11125,0.912377749544764,0.0018975526122763896,0.09579677287915622,0.003470637477346843,0.09340598253950627,0.19341166089074535,2026-10-05,SPY,2026-12-31,87,90
710.495,0.9128708060361065,0.0019151067235393174,0.09652832688921575,0.003505370081002274,0.09474450062686346,0.19306327367139145,2026-10-05,SPY,2026-12-31,87,90
710.87875,0.9133638625274488,0.001933025635651258,0.09726668728563537,0.0035402061523481495,0.09609636731210636,0.19271512091041867,2026-10-05,SPY,2026-12-31,87,90
711.2625,0.9138569190187914,0.0019509927696109836,0.09801193331714497,0.0035751422804588167,0.09746162164790517,0.19236720486481923,2026-10-05,SPY,2026-12-31,87,90
711.64625,0.9143499755101339,0.0019687952063749746,0.09876404263503724,0.0036101750105294113,0.09884030136954497,0.19201952759693214,2026-10-05,SPY,2026-12-31,87,90
712.03,0.9148430320014762,0.0019869015709086876,0.09952304195417849,0.003645300844434677,0.10023244287820227,0.19167209063597532,2026-10-05,SPY,2026-12-31,87,90
712.4137499999999,0.9153360884928187,0.002005551298713909,0.10028909384853724,0.0036805162413039026,0.10163808122442403,0.1913248957328027,2026-10-05,SPY,2026-12-31,87,90
712.7975,0.9158291449841611,0.002025003583574234,0.1010624565665762,0.00371581761811277,0.10305725009184691,0.19097794523286238,2026-10-05,SPY,2026-12-31,87,90
713.18125,0.9163222014755036,0.0020440643839484134,0.1018432089828446,0.003751201350290795,0.1044899817811234,0.19063124247116942,2026-10-05,SPY,2026-12-31,87,90
713.565,0.9168152579668462,0.002063093071561508,0.10263126981962045,0.003786663772345714,0.10593630719411312,0.19028478987257463,2026-10-05,SPY,2026-12-31,87,90
713.94875,0.9173083144581885,0.0020822479492124506,0.10342665712798138,0.0038222011785029636,0.10739625581828449,0.18993858953080459,2026-10-05,SPY,2026-12-31,87,90
714.3325,0.917801370949531,0.002101883096090213,0.10422948727229875,0.003857809823361862,0.10886985571139779,0.18959264345998295,2026-10-05,SPY,2026-12-31,87,90
714.71625,0.9182944274408733,0.002121730294259651,0.10503989309157202,0.003893485922566684,0.11035713348641435,0.18924695414406545,2026-10-05,SPY,2026-12-31,87,90
715.1,0.9187874839322159,0.0021417415429270865,0.10585794675033222,0.003929225653493698,0.11185811429668585,0.18890152411035163,2026-10-05,SPY,2026-12-31,87,90
715.48375,0.9192805404235583,0.0021617642195755327,0.1066836819185123,0.003965025155953327,0.11337282182140229,0.18855635585253694,2026-10-05,SPY,2026-12-31,87,90
715.8675,0.9197735969149007,0.0021813546944285662,0.10751701786013668,0.0040008805329073815,0.11490127825131324,0.18821145159512587,2026-10-05,SPY,2026-12-31,87,90
716.25125,0.9202666534062433,0.0022019695182329503,0.10835806819344107,0.004036787851201145,0.11644350427472405,0.18786681261889537,2026-10-05,SPY,2026-12-31,87,90
716.635,0.9207597098975857,0.002223548702028399,0.1092072145019537,0.004072743142310288,0.1179995190637807,0.1875224414946132,2026-10-05,SPY,2026-12-31,87,90
717.01875,0.9212527663889281,0.002245318440017623,0.11006467838483369,0.004108742403102242,0.1195693402610446,0.18717834196410385,2026-10-05,SPY,2026-12-31,87,90
717.4025,0.9217458228802706,0.0022665508350255856,0.11093039330198251,0.0041447815966118625,0.1211529839663622,0.18683451774639367,2026-10-05,SPY,2026-12-31,87,90
717.78625,0.9222388793716131,0.002287612020168783,0.11180422329982276,0.0041808566528307506,0.1227504647240194,0.18649097144159388,2026-10-05,SPY,2026-12-31,87,90
718.17,0.9227319358629554,0.0023093619469751925,0.11268626767976853,0.004216963469511188,0.12436179551023485,0.1861477050995285,2026-10-05,SPY,2026-12-31,87,90
718.55375,0.923224992354298,0.0023317387849839826,0.11357677888271311,0.004253097912982777,0.12598698772092914,0.1858047215113104,2026-10-05,SPY,2026-12-31,87,90
718.9375,0.9237180488456403,0.0023537907634741968,0.11447581486482339,0.004289255818982835,0.12762605115982623,0.18546202410065465,2026-10-05,SPY,2026-12-31,87,90
719.32125,0.9242111053369828,0.0023760862318459833,0.1153833600133004,0.004325432993500062,0.1292789940268862,0.18511961550104142,2026-10-05,SPY,2026-12-31,87,90
719.705,0.9247041618283254,0.0023991167022997906,0.11629960207628942,0.004361625213630495,0.13094582290704126,0.1847774984069533,2026-10-05,SPY,2026-12-31,87,90
720.08875,0.9251972183196677,0.002422429944018263,0.11722473633905173,0.004397828228446498,0.13262654275928298,0.1844356762920676,2026-10-05,SPY,2026-12-31,87,90
720.4725,0.9256902748110102,0.0024457625231486704,0.11815882076868922,0.004434037759877669,0.13432115690607016,0.18409415273067287,2026-10-05,SPY,2026-12-31,87,90
720.85625,0.9261833313023528,0.002468510503599694,0.11910174690569653,0.004470249503603968,0.13602966702308622,0.18375293101006376,2026-10-05,SPY,2026-12-31,87,90
721.24,0.9266763877936951,0.00249224538327974,0.12005359194148213,0.004506459129960578,0.13775207312934185,0.1834120132583967,2026-10-05,SPY,2026-12-31,87,90
721.62375,0.9271694442850376,0.0025164700189053224,0.1210146392092668,0.0045426622848541,0.13948837357762373,0.18307140273571945,2026-10-05,SPY,2026-12-31,87,90
722.0074999999999,0.9276625007763799,0.002540927634502591,0.12198502738401451,0.004578854590689736,0.14123856504528848,0.18273110309443072,2026-10-05,SPY,2026-12-31,87,90
722.39125,0.9281555572677225,0.002565407058125122,0.12296480535316234,0.004615031647309869,0.14300264252544082,0.1823911180016503,2026-10-05,SPY,2026-12-31,87,90
722.775,0.9286486137590649,0.0025900971423176954,0.12395401772162218,0.004651189032942422,0.14478059931843879,0.18205145083555213,2026-10-05,SPY,2026-12-31,87,90
723.15875,0.9291416702504074,0.0026151325152668635,0.12495277116217107,0.004687322305160212,0.14657242702380002,0.1817121049576648,2026-10-05,SPY,2026-12-31,87,90
723.5425,0.9296347267417499,0.002640580082276553,0.12596121101682467,0.004723427001849449,0.14837811553244296,0.18137308390200754,2026-10-05,SPY,2026-12-31,87,90
723.92625,0.9301277832330923,0.002666311102662117,0.1269794707629347,0.004759498642188601,0.15019765301933674,0.18103439146425518,2026-10-05,SPY,2026-12-31,87,90
724.31,0.9306208397244347,0.002692182354941244,0.1280076316951122,0.0047955327276358985,0.1520310259364991,0.18069603151389754,2026-10-05,SPY,2026-12-31,87,90
724.69375,0.9311138962157772,0.0027183190431277083,0.12904577165086661,0.004831524742926083,0.15387821900638982,0.18035800779054573,2026-10-05,SPY,2026-12-31,87,90
725.0775,0.9316069527071196,0.00274473203837804,0.13009399457713045,0.004867470157075924,0.1557392152156945,0.18002032407922863,2026-10-05,SPY,2026-12-31,87,90
725.46125,0.932100009198462,0.002771319470162171,0.1311523869603315,0.00490336442439746,0.157613995809471,0.17968298422286946,2026-10-05,SPY,2026-12-31,87,90
725.845,0.9325930656898046,0.0027983793702233556,0.13222107292533025,0.004939202985519907,0.15950254028572086,0.17934599197853487,2026-10-05,SPY,2026-12-31,87,90
726.22875,0.933086122181147,0.002825670200317927,0.13330018743667793,0.004974981268418437,0.1614048263903195,0.17900935142808208,2026-10-05,SPY,2026-12-31,87,90
726.6125,0.9335791786724894,0.0028532326995780333,0.1343898269305952,0.005010694689450636,0.1633208301123648,0.17867306663870267,2026-10-05,SPY,2026-12-31,87,90
726.99625,0.934072235163832,0.0028810626981769444,0.13549009486003938,0.005046338654399792,0.1652505256799215,0.17833714171727647,2026-10-05,SPY,2026-12-31,87,90
727.38,0.9345652916551743,0.0029092151035096207,0.13660110441323792,0.00508190855952471,0.16719388555616782,0.17800158080233003,2026-10-05,SPY,2026-12-31,87,90
727.76375,0.9350583481465168,0.0029375598308356786,0.13772295435376536,0.005117399792615301,0.16915088043592563,0.17766638813639143,2026-10-05,SPY,2026-12-31,87,90
728.1475,0.9355514046378594,0.002966257017829793,0.13885574921160293,0.005152807734054757,0.17112147924263738,0.17733156788663923,2026-10-05,SPY,2026-12-31,87,90
728.53125,0.9360444611292017,0.0029952442302484845,0.13999961226357782,0.00518812775788633,0.17310564912570764,0.17699712436049483,2026-10-05,SPY,2026-12-31,87,90
728.915,0.9365375176205442,0.003024422899198167,0.14115463589404031,0.005223355232885879,0.17510335545829198,0.17666306191775263,2026-10-05,SPY,2026-12-31,87,90
729.29875,0.9370305741118866,0.0030540085012375215,0.14232093491899866,0.005258485523638679,0.17711456183547564,0.17632938483648836,2026-10-05,SPY,2026-12-31,87,90
729.6825,0.9375236306032291,0.0030840222066083308,0.1434986695610665,0.00529351399162055,0.1791392300728652,0.17599609760008908,2026-10-05,SPY,2026-12-31,87,90
730.06625,0.9380166870945715,0.003114293340837125,0.14468797135673261,0.005328435996283319,0.1811773202056169,0.17566320492012902,2026-10-05,SPY,2026-12-31,87,90
730.45,0.938509743585914,0.003144914515073183,0.1458889568640852,0.005363246896143352,0.1832287904878545,0.17533071150533172,2026-10-05,SPY,2026-12-31,87,90
730.83375,0.9390028000772564,0.0031759971816507034,0.14710178179589406,0.0053979420498739,0.18529359739254048,0.1749986221822671,2026-10-05,SPY,2026-12-31,87,90
731.2175,0.9394958565685988,0.003207091886421841,0.14832653701083032,0.005432516817399446,0.1873716956117214,0.17466694203812913,2026-10-05,SPY,2026-12-31,87,90
731.6012499999999,0.9399889130599413,0.0032381403289718324,0.14956321594215882,0.005466966560993223,0.1894630380572357,0.17433567582758455,2026-10-05,SPY,2026-12-31,87,90
731.985,0.9404819695512838,0.0032694814686420005,0.15081186587457585,0.00550128664637635,0.19156757586181872,0.1740048279020213,2026-10-05,SPY,2026-12-31,87,90
732.36875,0.9409750260426262,0.0033014594764481857,0.152072665168415,0.005535472443818795,0.1936852583806402,0.17367440265554507,2026-10-05,SPY,2026-12-31,87,90
732.7525,0.9414680825339687,0.0033343306625333797,0.15334590740133192,0.005569519329241495,0.1958160331932574,0.17334440496785836,2026-10-05,SPY,2026-12-31,87,90
733.13625,0.9419611390253112,0.0033671257986988387,0.1546317493598307,0.005603422685319547,0.1979598461060028,0.1730148405242754,2026-10-05,SPY,2026-12-31,87,90
733.52,0.9424541955166535,0.0034001379383914905,0.1559302180893849,0.005637177902585624,0.20011664115477928,0.1726857145572005,2026-10-05,SPY,2026-12-31,87,90
733.90375,0.942947252007996,0.003432939333875955,0.157241314791001,0.005670780380533706,0.20228636060829175,0.17235703222806667,2026-10-05,SPY,2026-12-31,87,90
734.2875,0.9434403084993386,0.0034663173489023055,0.15856510966700887,0.005704225528722388,0.20446894497169288,0.17202879808342447,2026-10-05,SPY,2026-12-31,87,90
734.67125,0.9439333649906809,0.0034999957045620906,0.15990177098414238,0.005737508767877773,0.20666433299066866,0.1717010170641149,2026-10-05,SPY,2026-12-31,87,90
735.055,0.9444264214820234,0.0035342398471869727,0.16125146493063403,0.00577062553099491,0.2088724616559235,0.1713736941484095,2026-10-05,SPY,2026-12-31,87,90
735.43875,0.9449194779733658,0.0035690955356104483,0.16261441740720817,0.005803571264437992,0.2110932662080996,0.17104683468504198,2026-10-05,SPY,2026-12-31,87,90
735.8225,0.9454125344647083,0.0036039241224496248,0.16399074055409835,0.005836341429038943,0.21332668014313322,0.17072044444349227,2026-10-05,SPY,2026-12-31,87,90
736.20625,0.9459055909560508,0.0036388551929054692,0.16538044883523195,0.00586893150119311,0.2155726352179898,0.17039452880773162,2026-10-05,SPY,2026-12-31,87,90
736.59,0.9463986474473932,0.0036736235087918034,0.16678353068611995,0.005901336973953307,0.21783106145688103,0.17006909294425707,2026-10-05,SPY,2026-12-31,87,90
736.97375,0.9468917039387357,0.0037094459803743867,0.16820015714435355,0.0059335533581198995,0.22010188715783935,0.16974414147658307,2026-10-05,SPY,2026-12-31,87,90
737.3575,0.947384760430078,0.0037455134802056138,0.1696305774908522,0.00596557618332792,0.222385038899737,0.16941967999969748,2026-10-05,SPY,2026-12-31,87,90
737.74125,0.9478778169214206,0.0037817931955846746,0.17107487945926936,0.005997400999130829,0.2246804415497488,0.16909571406570378,2026-10-05,SPY,2026-12-31,87,90
738.125,0.948370873412763,0.003818312261317311,0.17253314969381228,0.006029023376079242,0.22698801827117204,0.16877224914433692,2026-10-05,SPY,2026-12-31,87,90
738.50875,0.9488639299041054,0.003855267043644638,0.1740055177229518,0.006060438906795887,0.22930769053170968,0.16844929065773442,2026-10-05,SPY,2026-12-31,87,90
738.8925,0.949356986395448,0.0038922355459888765,0.17549206978233756,0.006091643207045237,0.23163937811213792,0.168126844220921,2026-10-05,SPY,2026-12-31,87,90
739.27625,0.9498500428867904,0.0039296323183563185,0.17699289067880863,0.0061226319167979925,0.2339829991153915,0.16780491512598356,2026-10-05,SPY,2026-12-31,87,90
739.66,0.9503430993781328,0.003967489130674464,0.17850815085684124,0.006153400701289993,0.23633846997606378,0.1674835088500402,2026-10-05,SPY,2026-12-31,87,90
740.04375,0.9508361558694753,0.004005547542049159,0.18003797726841997,0.006183945252074771,0.2387057054702884,0.16716263109085824,2026-10-05,SPY,2026-12-31,87,90
740.4275,0.9513292123608178,0.004043739716683845,0.18158243426118925,0.006214261288070226,0.24108461872605969,0.16684228745285234,2026-10-05,SPY,2026-12-31,87,90
740.81125,0.9518222688521601,0.004082410520078367,0.18314163933786776,0.00624434455659799,0.24347512123391735,0.16652248336808417,2026-10-05,SPY,2026-12-31,87,90
741.1949999999999,0.9523153253435026,0.004121227660902333,0.18471571241384332,0.006274190834416091,0.24587712285805663,0.1662032245118533,2026-10-05,SPY,2026-12-31,87,90
741.57875,0.9528083818348451,0.004160027256616,0.18630467820114205,0.0063037959287437694,0.24829053184780953,0.16588451640393756,2026-10-05,SPY,2026-12-31,87,90
741.9625,0.9533014383261875,0.004199068008429335,0.18790857960512242,0.006333155678278804,0.25071525484954177,0.16556636421779947,2026-10-05,SPY,2026-12-31,87,90
742.34625,0.9537944948175301,0.004238700183249123,0.18952757637690054,0.006362265954206262,0.25315119691891397,0.16524877309334976,2026-10-05,SPY,2026-12-31,87,90
742.73,0.9542875513088724,0.004278792399627102,0.19116187026623987,0.006391122661199082,0.2555982615335537,0.1649317485514006,2026-10-05,SPY,2026-12-31,87,90
743.11375,0.9547806078002149,0.00431898468629349,0.1928115687446006,0.006419721738409451,0.2580563506060885,0.16461529633431252,2026-10-05,SPY,2026-12-31,87,90
743.4975,0.9552736642915572,0.00435937781245347,0.1944767295490476,0.006448059160451103,0.2605253644975699,0.1642994219823944,2026-10-05,SPY,2026-12-31,87,90
743.88125,0.9557667207828998,0.004399994834323237,0.19615743417564768,0.006476130938371958,0.26300520203126554,0.16398413095633319,2026-10-05,SPY,2026-12-31,87,90
744.265,0.9562597772742423,0.004440862201236209,0.19785377361934542,0.006503933120616936,0.26549576050682855,0.16366942866693382,2026-10-05,SPY,2026-12-31,87,90
744.64875,0.9567528337655846,0.0044819797525409,0.19956584391922627,0.00653146179398036,0.26799693571482497,0.16335532050834617,2026-10-05,SPY,2026-12-31,87,90
745.0325,0.9572458902569272,0.004523391679427949,0.20129374956273516,0.006558713084548203,0.2705086219516517,0.16304181186000422,2026-10-05,SPY,2026-12-31,87,90
745.41625,0.9577389467482696,0.004565173482981343,0.20303761800327225,0.006585683158628804,0.27303071203476825,0.16272890813973218,2026-10-05,SPY,2026-12-31,87,90
745.8,0.958232003239612,0.004607251152795323,0.2047975769802618,0.006612368223672809,0.27556309731831385,0.16241661489189174,2026-10-05,SPY,2026-12-31,87,90
746.18375,0.9587250597309546,0.004649342896127683,0.20657368596339865,0.006638764529181818,0.27810566770909567,0.162104937702913,2026-10-05,SPY,2026-12-31,87,90
746.5675,0.959218116222297,0.004691334071824247,0.20836592835662437,0.006664868367604437,0.2806583116828598,0.16179388188157115,2026-10-05,SPY,2026-12-31,87,90
746.95125,0.9597111727136394,0.004733616893050846,0.21017434082300956,0.0066906760752210555,0.28322091630097307,0.16148345233549244,2026-10-05,SPY,2026-12-31,87,90
747.335,0.9602042292049819,0.004776368348790413,0.21199906924128764,0.006716184033015703,0.28579336722740223,0.16117365402457406,2026-10-05,SPY,2026-12-31,87,90
747.71875,0.9606972856963243,0.004819584058878703,0.2138402926095091,0.006741388667535141,0.2883755487460166,0.16086449216283594,2026-10-05,SPY,2026-12-31,87,90
748.1025,0.9611903421876667,0.004862886373708886,0.2156981166237616,0.006766286451735425,0.2909673437782627,0.16055597221239123,2026-10-05,SPY,2026-12-31,87,90
748.48625,0.9616833986790093,0.004906249215180102,0.21757256951487947,0.006790873905814773,0.29356863390112103,0.16024809945851173,2026-10-05,SPY,2026-12-31,87,90
748.87,0.9621764551703517,0.004949808752817393,0.21946370063748888,0.006815147598033068,0.29617929936539694,0.15994087898624454,2026-10-05,SPY,2026-12-31,87,90
749.25375,0.9626695116616941,0.004993641553957138,0.22137160016510093,0.006839104145517302,0.29879921911430185,0.15963431583869417,2026-10-05,SPY,2026-12-31,87,90
749.6375,0.9631625681530367,0.005037795806787275,0.22329638220869363,0.006862740215053542,0.301428270802395,0.15932841510621246,2026-10-05,SPY,2026-12-31,87,90
750.02125,0.963655624644379,0.005082148973777467,0.2252381466134643,0.006886052523863681,0.3040663308147439,0.1590231819826729,2026-10-05,SPY,2026-12-31,87,90
750.405,0.9641486811357215,0.005126696681388272,0.22719696887354912,0.006909037840368569,0.3067132742864722,0.1587186216320134,2026-10-05,SPY,2026-12-31,87,90
750.7887499999999,0.9646417376270638,0.005171105261645373,0.22917285962136846,0.006931692984935428,0.3093689751225101,0.1584147391876523,2026-10-05,SPY,2026-12-31,87,90
751.1725,0.9651347941184064,0.005215848144542717,0.23116585630618058,0.006954014830610898,0.31203330601769774,0.15811153938987207,2026-10-05,SPY,2026-12-31,87,90
751.55625,0.9656278506097489,0.0052606544865309085,0.2331760352485177,0.00697600030383844,0.3147061384771299,0.15780902711478134,2026-10-05,SPY,2026-12-31,87,90
751.94,0.9661209071010914,0.005305753154406719,0.2352034647146224,0.0069976463851602775,0.31738734283678294,0.15750720708034466,2026-10-05,SPY,2026-12-31,87,90
752.32375,0.9666139635924338,0.005351023175895789,0.23724823367299896,0.007018950109903533,0.32007678828439323,0.15720608410252893,2026-10-05,SPY,2026-12-31,87,90
752.7075,0.9671070200837762,0.005396682927954259,0.23931044978167493,0.007039908568850808,0.3227743428806432,0.15690566296684014,2026-10-05,SPY,2026-12-31,87,90
753.09125,0.9676000765751186,0.005442503166609964,0.24139021861356935,0.007060518908894033,0.3254798735805359,0.1566059486701612,2026-10-05,SPY,2026-12-31,87,90
753.475,0.9680931330664612,0.0054885777207095325,0.2434876197588235,0.007080778333672416,0.3281932462550641,0.15630694617469992,2026-10-05,SPY,2026-12-31,87,90
753.85875,0.9685861895578035,0.0055345505838306965,0.24560268250225703,0.007100684104193705,0.33091432571310764,0.15600866051460116,2026-10-05,SPY,2026-12-31,87,90
754.2425000000001,0.9690792460491461,0.0055806992751815275,0.24773542106895485,0.007120233539438718,0.33364297572356016,0.1557110964171783,2026-10-05,SPY,2026-12-31,87,90
754.62625,0.9695723025404885,0.005626933864855858,0.2498858856776992,0.007139424016949097,0.3363790590376998,0.15541425860997188,2026-10-05,SPY,2026-12-31,87,90
755.01,0.9700653590318309,0.005673524110276274,0.25205416105167744,0.007158252973397713,0.3391224374117482,0.155118151729909,2026-10-05,SPY,2026-12-31,87,90
755.39375,0.9705584155231733,0.0057204125063941395,0.254240372640001,0.007176717905142311,0.3418729716296983,0.15482278061784183,2026-10-05,SPY,2026-12-31,87,90
755.7775,0.9710514720145159,0.005767178042412187,0.256444554076553,0.007194816368761365,0.3446305215263026,0.15452815026036873,2026-10-05,SPY,2026-12-31,87,90
756.16125,0.9715445285058583,0.00581410987897457,0.25866671369646876,0.007212545981572657,0.34739494601029325,0.15423426534691567,2026-10-05,SPY,2026-12-31,87,90
756.545,0.9720375849972007,0.005860947059125705,0.26090686524646656,0.00722990442213404,0.35016610308777807,0.15394113058574194,2026-10-05,SPY,2026-12-31,87,90
756.92875,0.9725306414885433,0.005908454696677038,0.26316511920836094,0.007246889430726546,0.35294384988584504,0.1536487504342438,2026-10-05,SPY,2026-12-31,87,90
757.3125,0.9730236979798856,0.005956050442703251,0.26544162113197933,0.007263498809819426,0.3557280426763235,0.15335712991444167,2026-10-05,SPY,2026-12-31,87,90
757.69625,0.9735167544712281,0.006003620042675656,0.26773638290636137,0.007279730424517291,0.35851853689974655,0.15306627400046907,2026-10-05,SPY,2026-12-31,87,90
758.0799999999999,0.9740098109625704,0.006051205800641399,0.2700494026150476,0.007295582202989176,0.3613151871894844,0.1527761875060959,2026-10-05,SPY,2026-12-31,87,90
758.46375,0.974502867453913,0.0060988498289667285,0.2723806945389784,0.007311052136878948,0.36411784739598685,0.1524868751377687,2026-10-05,SPY,2026-12-31,87,90
758.8475,0.9749959239452555,0.006147014850696508,0.2747303698243885,0.007326138281697874,0.3669263706112468,0.1521983415468175,2026-10-05,SPY,2026-12-31,87,90
759.23125,0.9754889804365979,0.006195171861041585,0.27709852689970305,0.007340838757198503,0.3697406091933777,0.1519105918189149,2026-10-05,SPY,2026-12-31,87,90
759.615,0.9759820369279404,0.00624343586591002,0.27948518475731166,0.007355151747730075,0.37256041479133567,0.15162363092697456,2026-10-05,SPY,2026-12-31,87,90
759.99875,0.9764750934192827,0.006291969414697263,0.28189041564552797,0.007369075502575212,0.3753856383697539,0.15133746385917368,2026-10-05,SPY,2026-12-31,87,90
760.3824999999999,0.9769681499106252,0.006340874258638204,0.28431434252534893,0.007382608336268257,0.3782161302339483,0.1510520957945612,2026-10-05,SPY,2026-12-31,87,90
760.76625,0.9774612064019678,0.0063895991688223104,0.28675700211423805,0.007395748628894705,0.38105174005501113,0.15076753221380057,2026-10-05,SPY,2026-12-31,87,90
761.15,0.9779542628933101,0.006438356480969403,0.28921836610454155,0.007408494826371822,0.3838923168950066,0.1504837783366242,2026-10-05,SPY,2026-12-31,87,90
761.53375,0.9784473193846527,0.0064868602822696405,0.2916983920709926,0.007420845440710603,0.3867377092322951,0.15020083935110592,2026-10-05,SPY,2026-12-31,87,90
761.9175,0.9789403758759951,0.006536085394862061,0.294197169772792,0.0074327990502588304,0.3895877649869397,0.14991872012943555,2026-10-05,SPY,2026-12-31,87,90
762.30125,0.9794334323673375,0.006585459533799145,0.29671486620597864,0.007444354299925289,0.39244233154621166,0.14963742623691473,2026-10-05,SPY,2026-12-31,87,90
762.685,0.97992648885868,0.006635266567091528,0.29925159302658677,0.007455509901385124,0.3953012557901794,0.14935696334946577,2026-10-05,SPY,2026-12-31,87,90
763.06875,0.9804195453500225,0.006684866422487721,0.301807393543962,0.007466264633266127,0.3981643841173417,0.14907733755081076,2026-10-05,SPY,2026-12-31,87,90
763.4525,0.9809126018413649,0.006734265749293328,0.3043821895294222,0.0074766173413163654,0.4010315624703741,0.14879855468703929,2026-10-05,SPY,2026-12-31,87,90
763.8362500000001,0.9814056583327074,0.00678351717911279,0.30697591412880987,0.007486566938552818,0.4039026363619216,0.14852062038531083,2026-10-05,SPY,2026-12-31,87,90
764.22,0.9818987148240498,0.006833319485875738,0.30958864466390434,0.007496112405390974,0.40677745090041373,0.14824354011899074,2026-10-05,SPY,2026-12-31,87,90
764.60375,0.9823917713153922,0.006883275392606473,0.31222051630621295,0.007505252789755786,0.40965585081597145,0.14796731992531942,2026-10-05,SPY,2026-12-31,87,90
764.9875,0.9828848278067347,0.0069334255386266815,0.314871595797393,0.007513987207173608,0.4125376804863228,0.14769196600939197,2026-10-05,SPY,2026-12-31,87,90
765.37125,0.9833778842980772,0.006983680870964212,0.31754194058973306,0.0075223148408454085,0.4154227839627706,0.14741748479394667,2026-10-05,SPY,2026-12-31,87,90
765.755,0.9838709407894196,0.0070340632016386954,0.3202315952336634,0.007530234941701043,0.4183110049961434,0.1471438828385293,2026-10-05,SPY,2026-12-31,87,90
766.13875,0.984363997280762,0.007084371874434651,0.32294056996388476,0.007537746828435091,0.42120218706284607,0.14687116687107482,2026-10-05,SPY,2026-12-31,87,90
766.5225,0.9848570537721045,0.007134736022726831,0.3256688612916523,0.0075448498875236,0.42409617339081246,0.14659934359653565,2026-10-05,SPY,2026-12-31,87,90
766.90625,0.985350110263447,0.007185063400947946,0.32841647280606967,0.007551543573222534,0.4269928069855487,0.14632841983760572,2026-10-05,SPY,2026-12-31,87,90
767.29,0.9858431667547893,0.007235501659797326,0.3311834187270999,0.007557827407547551,0.429891930656146,0.14605840245317167,2026-10-05,SPY,2026-12-31,87,90
767.6737499999999,0.9863362232461318,0.0072858904473658385,0.3339697108376616,0.007563700980235191,0.4327933870412518,0.14578929849704128,2026-10-05,SPY,2026-12-31,87,90
768.0575,0.9868292797374744,0.007336476514692039,0.33677537749850617,0.007569163948685788,0.4356970186350637,0.1455211150687572,2026-10-05,SPY,2026-12-31,87,90
768.44125,0.9873223362288167,0.007387144799678813,0.3396004723382008,0.007574216037888005,0.4386026678132769,0.14525385957080886,2026-10-05,SPY,2026-12-31,87,90
768.825,0.9878153927201593,0.00743783013681256,0.34244501440413977,0.007578857040325138,0.44151017685900984,0.14498753960465724,2026-10-05,SPY,2026-12-31,87,90
769.20875,0.9883084492115017,0.007488521404046673,0.3453090081060419,0.007583086815863249,0.44441938798866476,0.14472216291745982,2026-10-05,SPY,2026-12-31,87,90
769.5925,0.9888015057028441,0.00753918422676112,0.34819244912395286,0.007586905291621403,0.44733014337779836,0.14445773740307993,2026-10-05,SPY,2026-12-31,87,90
769.9762499999999,0.9892945621941865,0.007589886470588433,0.3510953395640066,0.007590312461823807,0.45024228518686693,0.14419427108037558,2026-10-05,SPY,2026-12-31,87,90
770.36,0.989787618685529,0.007640650619308192,0.35401769886813017,0.007593308387634264,0.45315565558695303,0.14393177217292155,2026-10-05,SPY,2026-12-31,87,90
770.74375,0.9902806751768715,0.007691418743104943,0.35695953967704297,0.007595893196972996,0.45607009678544025,0.14367024914365614,2026-10-05,SPY,2026-12-31,87,90
771.1275,0.990773731668214,0.007742030497303254,0.35992083275004605,0.007598067084315814,0.45898545105157346,0.1434097106504002,2026-10-05,SPY,2026-12-31,87,90
771.51125,0.9912667881595564,0.007792470813909176,0.3629015151891346,0.007599830310475962,0.46190156074196403,0.14315016540124928,2026-10-05,SPY,2026-12-31,87,90
771.895,0.9917598446508988,0.00784293627507884,0.36590155892433385,0.007601183202368662,0.4648182683259928,0.14289162215403733,2026-10-05,SPY,2026-12-31,87,90
772.27875,0.9922529011422412,0.007893291743806678,0.36892094767545724,0.007602126152758616,0.4677354164111508,0.1426340899238711,2026-10-05,SPY,2026-12-31,87,90
772.6625,0.9927459576335838,0.007943536108489625,0.37195963901961626,0.007602659619990459,0.4706528477682373,0.14237757786423097,2026-10-05,SPY,2026-12-31,87,90
773.04625,0.9932390141249262,0.007993734746415786,0.37501760286490093,0.007602784127702485,0.4735704053564785,0.1421220952804707,2026-10-05,SPY,2026-12-31,87,90
773.43,0.9937320706162686,0.008043911935005959,0.3780948263218985,0.007602500264523723,0.476487932348527,0.14186765170863064,2026-10-05,SPY,2026-12-31,87,90
773.81375,0.9942251271076111,0.008093827684905294,0.38119125511146856,0.007601808683754564,0.47940527215535267,0.14161425695391905,2026-10-05,SPY,2026-12-31,87,90
774.1975,0.9947181835989536,0.008143473488282867,0.38430678727407386,0.007600710103031073,0.4823222684509608,0.14136192087103283,2026-10-05,SPY,2026-12-31,87,90
774.58125,0.9952112400902959,0.008192901397243305,0.3874413292052338,0.0075992053039732645,0.48523876519706216,0.14111065337196158,2026-10-05,SPY,2026-12-31,87,90
774.965,0.9957042965816385,0.008242290702011967,0.3905948316892781,0.007597295131817404,0.4881546066675156,0.14086046449307002,2026-10-05,SPY,2026-12-31,87,90
775.34875,0.996197353072981,0.008291339637671365,0.3937672220107047,0.007594980495032645,0.49106963747269516,0.14061136458622495,2026-10-05,SPY,2026-12-31,87,90
775.7325,0.9966904095643233,0.008339773304173357,0.3969583168064208,0.007592262364922097,0.493983702583665,0.1403633640405589,2026-10-05,SPY,2026-12-31,87,90
776.11625,0.9971834660556659,0.008388047113629301,0.40016796734908633,0.007589141775208608,0.49689664735621886,0.14011647303173713,2026-10-05,SPY,2026-12-31,87,90
776.5,0.9976765225470082,0.008436071906680496,0.403396095186108,0.007585619821605422,0.4998083175547427,0.13987070198330778,2026-10-05,SPY,2026-12-31,87,90
776.88375,0.9981695790383507,0.008484151861353489,0.40664266312159913,0.007581697661371933,0.5027185593759406,0.1396260614967359,2026-10-05,SPY,2026-12-31,87,90
777.2674999999999,0.9986626355296931,0.008531528281737076,0.4099075467490544,0.0075773765128547615,0.5056272194723348,0.1393825626645976,2026-10-05,SPY,2026-12-31,87,90
777.65125,0.9991556920210356,0.008578411735946322,0.4131905164899471,0.007572657655014348,0.5085341449756509,0.13914021634971005,2026-10-05,SPY,2026-12-31,87,90
778.035,0.9996487485123781,0.008624897986125774,0.41649140154286934,0.007567542426937338,0.5114391835199487,0.13889903340843968,2026-10-05,SPY,2026-12-31,87,90
778.41875,1.0001418050037205,0.008671004150597371,0.41981005276535277,0.00756203222733491,0.5143421832646329,0.13865902480202344,2026-10-05,SPY,2026-12-31,87,90
778.8025,1.000634861495063,0.008716613971365176,0.423146301992504,0.007556128514027373,0.5172429929172159,0.13842020163141944,2026-10-05,SPY,2026-12-31,87,90
779.18625,1.0011279179864054,0.008761705575885159,0.4264999545556324,0.007549832803415163,0.5201414617559109,0.13818257504273843,2026-10-05,SPY,2026-12-31,87,90
779.5699999999999,1.0016209744777478,0.008806387170313412,0.42987083235130896,0.007543146669936581,0.5230374396519993,0.13794615622462097,2026-10-05,SPY,2026-12-31,87,90
779.95375,1.0021140309690904,0.008850336633927454,0.43325871623124723,0.007536071745512457,0.5259307770920032,0.13771095653210275,2026-10-05,SPY,2026-12-31,87,90
780.3375,1.0026070874604327,0.008893555191000723,0.4366633254751551,0.007528609718977987,0.5288213251996312,0.1374769871925426,2026-10-05,SPY,2026-12-31,87,90
780.72125,1.0031001439517753,0.008936117720811196,0.4400843939651087,0.0075207623355020275,0.5317089357575042,0.13724425932577913,2026-10-05,SPY,2026-12-31,87,90
781.105,1.0035932004431178,0.008978186358290046,0.4435217010602859,0.007512531395994027,0.5345934612286828,0.13701278403580702,2026-10-05,SPY,2026-12-31,87,90
781.48875,1.0040862569344602,0.009019681278378095,0.44697504191307125,0.007503918756498995,0.5374747547779107,0.13678257258729395,2026-10-05,SPY,2026-12-31,87,90
781.8725,1.0045793134258025,0.009060330242225405,0.4504441441235868,0.007494926327580597,0.5403526702926678,0.1365536363471656,2026-10-05,SPY,2026-12-31,87,90
782.25625,1.005072369917145,0.009100223920863695,0.4539287004536291,0.007485556073692718,0.5432270624039873,0.13632598653914363,2026-10-05,SPY,2026-12-31,87,90
782.64,1.0055654264084875,0.009139441605690118,0.4574284362765363,0.007475810012539823,0.5460977865069897,0.13609963435084624,2026-10-05,SPY,2026-12-31,87,90
783.02375,1.00605848289983,0.009177714645843483,0.46094304063229896,0.007465690214426247,0.5489646987812044,0.1358745910299497,2026-10-05,SPY,2026-12-31,87,90
783.4075,1.0065515393911724,0.009215108923874955,0.4644721636547384,0.007455198801594787,0.5518276562106292,0.1356508676418214,2026-10-05,SPY,2026-12-31,87,90
783.79125,1.007044595882515,0.009251608859586109,0.4680154651294396,0.007444337947554849,0.554686516603525,0.13542847515224904,2026-10-05,SPY,2026-12-31,87,90
784.175,1.0075376523738573,0.009287172010563949,0.47157259370889937,0.007433109876400339,0.5575411386119742,0.13520742443085457,2026-10-05,SPY,2026-12-31,87,90
784.55875,1.0080307088651999,0.00932135654213462,0.47514310512494795,0.007421516862117739,0.560391381751147,0.13498772622815985,2026-10-05,SPY,2026-12-31,87,90
784.9425,1.0085237653565422,0.009355041990572155,0.47872663909341073,0.007409561227884515,0.5632371064183085,0.13476939076259373,2026-10-05,SPY,2026-12-31,87,90
785.32625,1.0090168218478845,0.009387943072471757,0.48232294935238207,0.007397245345358109,0.5660781739115823,0.13455242859597136,2026-10-05,SPY,2026-12-31,87,90
785.71,1.0095098783392271,0.00941987306224029,0.48593169907322953,0.007384571633955983,0.5689144464483916,0.13433685037411072,2026-10-05,SPY,2026-12-31,87,90
786.09375,1.0100029348305697,0.009450373180028015,0.4895524275709644,0.007371542560126746,0.5717457871836701,0.1341226666626621,2026-10-05,SPY,2026-12-31,87,90
786.4775,1.010495991321912,0.009479375061466733,0.4931845730148009,0.0073581606366129445,0.5745720602277385,0.13390988751550242,2026-10-05,SPY,2026-12-31,87,90
786.8612499999999,1.0109890478132544,0.00950759386204217,0.49682769767699875,0.007344428421705373,0.5773931306639707,0.13369852242298177,2026-10-05,SPY,2026-12-31,87,90
787.245,1.011482104304597,0.009534787926383168,0.5004814546826526,0.0073303485184897845,0.5802088645660821,0.13348858102810876,2026-10-05,SPY,2026-12-31,87,90
787.62875,1.0119751607959393,0.009560896811584252,0.5041454391917497,0.007315923574085672,0.5830191290152076,0.13328007290686017,2026-10-05,SPY,2026-12-31,87,90
788.0125,1.0124682172872819,0.009585669755458805,0.5078191866518007,0.007301156278877843,0.5858237921166368,0.13307300752508464,2026-10-05,SPY,2026-12-31,87,90
788.39625,1.0129612737786242,0.009609339125525161,0.5115022289808392,0.007286049365740884,0.5886227230162762,0.13286739400732395,2026-10-05,SPY,2026-12-31,87,90
788.78,1.0134543302699668,0.009631683479893467,0.5151941001932536,0.007270605609256899,0.5914157919167895,0.13266324137992114,2026-10-05,SPY,2026-12-31,87,90
789.1637499999999,1.0139473867613091,0.009652631773536957,0.5188942781825052,0.007254827824926614,0.5942028700934797,0.13246055836738163,2026-10-05,SPY,2026-12-31,87,90
789.5475,1.0144404432526517,0.009671970909358334,0.5226021863222854,0.007238718868374507,0.5969838299098094,0.1322593533353255,2026-10-05,SPY,2026-12-31,87,90
789.93125,1.014933499743994,0.009690312397365206,0.5263173244317626,0.007222281634547842,0.5997585448326612,0.13205963409159996,2026-10-05,SPY,2026-12-31,87,90
790.315,1.0154265562353366,0.009707401143626221,0.53003926071744,0.007205519056910195,0.6025268894472653,0.1318614085030163,2026-10-05,SPY,2026-12-31,87,90
790.69875,1.015919612726679,0.009723166306571579,0.5337675008469462,0.007188434106629515,0.6052887394718455,0.13166468425609595,2026-10-05,SPY,2026-12-31,87,90
791.0825,1.0164126692180215,0.009737374404278945,0.5375014920958404,0.007171029791761405,0.6080439717718975,0.1314694687984876,2026-10-05,SPY,2026-12-31,87,90
791.46625,1.0169057257093639,0.009749905736448426,0.5412406139728421,0.007153309156427387,0.6107924643742141,0.13127576911699057,2026-10-05,SPY,2026-12-31,87,90
791.85,1.0173987822007065,0.009761237219608225,0.544984314527535,0.00713527527998888,0.6135340964805533,0.13108359162618383,2026-10-05,SPY,2026-12-31,87,90
792.23375,1.0178918386920488,0.00977129322893423,0.5487321188073488,0.0071169312762169425,0.6162687484810088,0.130892942652238,2026-10-05,SPY,2026-12-31,87,90
792.6175,1.0183848951833911,0.00978020807420837,0.552483563119889,0.007098280292458155,0.6189963019670508,0.13070382836729572,2026-10-05,SPY,2026-12-31,87,90
793.00125,1.0188779516747337,0.009787251416784114,0.5562380694097229,0.007079325508796856,0.621716639744262,0.13051625493356528,2026-10-05,SPY,2026-12-31,87,90
793.385,1.0193710081660763,0.009792486034396133,0.5599949315331676,0.0070600701372142555,0.6244296458447152,0.13033022777761621,2026-10-05,SPY,2026-12-31,87,90
793.76875,1.0198640646574186,0.009796343110641629,0.5637535381253714,0.007040517420744249,0.6271352055390791,0.13014575165534864,2026-10-05,SPY,2026-12-31,87,90
794.1525,1.0203571211487612,0.009798966748430595,0.5675133882045806,0.007020670632626791,0.6298332053483479,0.12996283108951023,2026-10-05,SPY,2026-12-31,87,90
794.53625,1.0208501776401036,0.009800514124406242,0.5712740385970558,0.007000533075458551,0.6325235330552919,0.12978147052105585,2026-10-05,SPY,2026-12-31,87,90
794.92,1.021343234131446,0.009800099445630333,0.5750349063258062,0.006980108080341642,0.6352060777155413,0.1296016744753139,2026-10-05,SPY,2026-12-31,87,90
795.30375,1.0218362906227885,0.009798112348548901,0.5787953132138139,0.00695939900603027,0.637880729668373,0.12942344666690153,2026-10-05,SPY,2026-12-31,87,90
795.6875,1.0223293471141308,0.00979458171115567,0.5825546613865195,0.006938409238075822,0.640547380547164,0.12924679039389017,2026-10-05,SPY,2026-12-31,87,90
796.07125,1.0228224036054734,0.009789624675991804,0.586312380987053,0.00691714218797083,0.643205923289483,0.12907170856726735,2026-10-05,SPY,2026-12-31,87,90
796.4549999999999,1.0233154600968157,0.009783248419205292,0.5900679260121935,0.006895601292291509,0.6458562521469114,0.12889820383062642,2026-10-05,SPY,2026-12-31,87,90
796.83875,1.0238085165881583,0.00977528360789409,0.5938207193448929,0.006873790011839758,0.6484982626944964,0.12872627856767005,2026-10-05,SPY,2026-12-31,87,90
797.2225,1.0243015730795006,0.009765713161804527,0.5975701481000785,0.0068517118307847,0.6511318518398695,0.12855593472667012,2026-10-05,SPY,2026-12-31,87,90
797.60625,1.0247946295708432,0.009754409785348122,0.601315571690563,0.006829370255803804,0.6537569178320605,0.12838717379883624,2026-10-05,SPY,2026-12-31,87,90
797.99,1.0252876860621856,0.009742023722565536,0.6050564498698936,0.006806768815224162,0.6563733602699662,0.12821999668077458,2026-10-05,SPY,2026-12-31,87,90
798.37375,1.0257807425535281,0.009728258838100067,0.6087923103362209,0.006783911058163876,0.6589810801105103,0.12805440434407264,2026-10-05,SPY,2026-12-31,87,90
798.7574999999999,1.0262737990448705,0.009712954831750152,0.6125225932091232,0.00676080055367444,0.6615799796764201,0.12789039752662745,2026-10-05,SPY,2026-12-31,87,90
799.14125,1.026766855536213,0.009695983444663823,0.6162466832409097,0.006737440889883337,0.6641699626637512,0.12772797656006132,2026-10-05,SPY,2026-12-31,87,90
799.525,1.0272599120275554,0.009677265295254046,0.619963925342881,0.006713835673138246,0.6667509341490163,0.12756714122667925,2026-10-05,SPY,2026-12-31,87,90
799.90875,1.027752968518898,0.009657380592671119,0.6236737605226264,0.006689988527152215,0.6693228005960294,0.12740789066422833,2026-10-05,SPY,2026-12-31,87,90
800.2925,1.0282460250102403,0.009636220036850432,0.6273757201434155,0.006665903092150614,0.6718854698624022,0.12725022396667435,2026-10-05,SPY,2026-12-31,87,90
800.67625,1.0287390815015827,0.009613715099045851,0.6310693014476152,0.006641583024019967,0.6744388512057046,0.12709414006315353,2026-10-05,SPY,2026-12-31,87,90
801.06,1.0292321379929252,0.00958947395188893,0.634753913346763,0.006617031993458617,0.6769828552893327,0.1269396376372521,2026-10-05,SPY,2026-12-31,87,90
801.44375,1.0297251944842678,0.009563465538860703,0.6384288836115503,0.006592253685130029,0.6795173941880122,0.12678671469746983,2026-10-05,SPY,2026-12-31,87,90
801.8275,1.0302182509756102,0.009536518919579505,0.6420936931295131,0.00656725179681839,0.6820423813930112,0.12663536852521887,2026-10-05,SPY,2026-12-31,87,90
802.21125,1.0307113074669525,0.009508293109255562,0.6457479164375455,0.006542030038587291,0.6845577318169969,0.1264855965488496,2026-10-05,SPY,2026-12-31,87,90
802.595,1.031204363958295,0.009478924717171794,0.6493910888579908,0.006516592131941225,0.6870633617985971,0.1263373959690482,2026-10-05,SPY,2026-12-31,87,90
802.97875,1.0316974204496374,0.009447783726079352,0.6530226510405394,0.006490941808990446,0.6895591891066319,0.12619076389448766,2026-10-05,SPY,2026-12-31,87,90
803.3625,1.03219047694098,0.009415495014218381,0.6566420426488336,0.00646508281161936,0.6920451329440213,0.12604569664271917,2026-10-05,SPY,2026-12-31,87,90
803.74625,1.0326835334323226,0.009382069958471219,0.6602488254279681,0.006439018890658672,0.6945211139513734,0.12590219039948133,2026-10-05,SPY,2026-12-31,87,90
804.13,1.033176589923665,0.009347284264884834,0.6638425202695742,0.00641275380506144,0.6969870542102612,0.1257602412177122,2026-10-05,SPY,2026-12-31,87,90
804.51375,1.0336696464150072,0.00931102507006622,0.6674225833732177,0.006386291321083261,0.6994428772461881,0.12561984475528473,2026-10-05,SPY,2026-12-31,87,90
804.8975,1.0341627029063498,0.009273765557454594,0.6709885400748727,0.006359635211466982,0.7018885080312258,0.12548099612909103,2026-10-05,SPY,2026-12-31,87,90
805.28125,1.0346557593976922,0.00923534555571543,0.6745399757697119,0.006332789254631974,0.7043238729863455,0.12534369041829474,2026-10-05,SPY,2026-12-31,87,90
805.665,1.0351488158890347,0.009195765665623419,0.6780764452353061,0.006305757233867995,0.7067488999834605,0.12520792247040818,2026-10-05,SPY,2026-12-31,87,90
806.0487499999999,1.035641872380377,0.00915506304439877,0.6815975104940413,0.006278542936534567,0.7091635183471119,0.12507368688259773,2026-10-05,SPY,2026-12-31,87,90
806.4325,1.0361349288717197,0.009113450421632667,0.6851027815153357,0.00625115015326494,0.7115676588559103,0.12494097802316328,2026-10-05,SPY,2026-12-31,87,90
806.81625,1.036627985363062,0.009070486950124497,0.6885918244985413,0.006223582677176066,0.7139612537436146,0.12480979025250823,2026-10-05,SPY,2026-12-31,87,90
807.2,1.0371210418544046,0.009026466286787216,0.6920641774008744,0.006195844303083913,0.7163442366999363,0.12468011740364278,2026-10-05,SPY,2026-12-31,87,90
807.58375,1.037614098345747,0.008981050400543566,0.6955193696652557,0.00616793882672435,0.7187165428710655,0.12455195308981185,2026-10-05,SPY,2026-12-31,87,90
807.9675,1.0381071548370893,0.00893523641116006,0.6989570571972499,0.006139870043980618,0.7210781088598412,0.12442529029213797,2026-10-05,SPY,2026-12-31,87,90
808.3512499999999,1.0386002113284318,0.00888866868652192,0.7023770189878673,0.006111641750116287,0.7234288727256939,0.12430012248138708,2026-10-05,SPY,2026-12-31,87,90
808.735,1.0390932678197744,0.008841158698212621,0.7057789296173129,0.006083257739015151,0.7257687739842352,0.12417644319770729,2026-10-05,SPY,2026-12-31,87,90
809.11875,1.0395863243111167,0.008792386096475554,0.7091623660247934,0.006054721802427255,0.7280977536066,0.12405424581300206,2026-10-05,SPY,2026-12-31,87,90
809.5025,1.0400793808024593,0.008742331949753246,0.7125268400499132,0.006026037729221816,0.7304157540184752,0.12393352313043701,2026-10-05,SPY,2026-12-31,87,90
809.88625,1.0405724372938017,0.008691837516082905,0.7158720213161702,0.005997209304646994,0.7327227190988508,0.1238142673273258,2026-10-05,SPY,2026-12-31,87,90
810.27,1.041065493785144,0.008640615085780227,0.7191976856591524,0.005968240309596422,0.7350185941785063,0.12369647091855283,2026-10-05,SPY,2026-12-31,87,90
810.65375,1.0415585502764866,0.008588639531446292,0.7225035488888325,0.005939134519883464,0.7373033260381734,0.12358012640076334,2026-10-05,SPY,2026-12-31,87,90
811.0375,1.0420516067678292,0.0085358513830049,0.7257893105830424,0.005909895705522175,0.7395768629064738,0.12346522620047506,2026-10-05,SPY,2026-12-31,87,90
811.42125,1.0425446632591715,0.008482580455345966,0.7290547221920256,0.0058805276300162865,0.7418391544575389,0.12335176257864924,2026-10-05,SPY,2026-12-31,87,90
811.805,1.0430377197505138,0.008428470410009388,0.7322995300768154,0.0058510340496555355,0.7440901518083807,0.12323972800515784,2026-10-05,SPY,2026-12-31,87,90
812.18875,1.0435307762418564,0.008373527377964691,0.7355234134023827,0.00582141871281966,0.7463298075160039,0.1231291147066262,2026-10-05,SPY,2026-12-31,87,90
812.5725,1.0440238327331988,0.0083174333725434,0.7387259914963862,0.0057916853592908735,0.748558075574207,0.12301991464431712,2026-10-05,SPY,2026-12-31,87,90
812.95625,1.0445168892245411,0.00826141784505062,0.7419070585737617,0.00576183771957352,0.7507749114101907,0.12291211908979394,2026-10-05,SPY,2026-12-31,87,90
813.34,1.0450099457158837,0.00820507145849415,0.745066566208879,0.0057318795142227204,0.7529802718808412,0.12280572011148178,2026-10-05,SPY,2026-12-31,87,90
813.72375,1.0455030022072263,0.008148205314089543,0.7482043511896181,0.005701814453181027,0.7551741152687814,0.12270071006220946,2026-10-05,SPY,2026-12-31,87,90
814.1075,1.0459960586985686,0.00809041129864919,0.7513201357521871,0.00567164623512307,0.7573564012782033,0.12259708132601363,2026-10-05,SPY,2026-12-31,87,90
814.49125,1.0464891151899112,0.008031760763633558,0.7544135775166374,0.005641378546809545,0.7595270910303882,0.1224948257775935,2026-10-05,SPY,2026-12-31,87,90
814.875,1.0469821716812535,0.007972991550906394,0.7574844893669894,0.005611015062449275,0.7616861470590258,0.12239393483307918,2026-10-05,SPY,2026-12-31,87,90
815.25875,1.0474752281725959,0.007913859786670233,0.7605327789673866,0.005580559443070227,0.7638335333052737,0.122294400358206,2026-10-05,SPY,2026-12-31,87,90
815.6424999999999,1.0479682846639384,0.007854315864012314,0.7635582976703611,0.005550015335899379,0.7659692151125816,0.12219621434256353,2026-10-05,SPY,2026-12-31,87,90
816.02625,1.048461341155281,0.007794386018348227,0.7665608923440387,0.005519386373751579,0.7680931592212757,0.12209936881399812,2026-10-05,SPY,2026-12-31,87,90
816.41,1.0489543976466233,0.007734085525104991,0.7695404178214386,0.0054886761744274365,0.7702053337629127,0.12200385584898012,2026-10-05,SPY,2026-12-31,87,90
816.79375,1.049447454137966,0.007673455692648566,0.7724967397925947,0.0054578883401202915,0.7723057082544101,0.1219096675689396,2026-10-05,SPY,2026-12-31,87,90
817.1775,1.0499405106293083,0.007612528132008591,0.7754297379389505,0.005427026456832784,0.7743942535919264,0.1218167961710326,2026-10-05,SPY,2026-12-31,87,90
817.56125,1.0504335671206506,0.007551552641207036,0.778339345937311,0.005396094093802082,0.7764709420445659,0.12172523394723997,2026-10-05,SPY,2026-12-31,87,90
817.9449999999999,1.0509266236119932,0.00749011106381754,0.7812254651607123,0.005365094802935278,0.7785357472478114,0.12163497359780989,2026-10-05,SPY,2026-12-31,87,90
818.32875,1.0514196801033355,0.007428267966850195,0.7840879291372214,0.005334032118253787,0.7805886441967747,0.12154600765314587,2026-10-05,SPY,2026-12-31,87,90
818.7125,1.051912736594678,0.007366183634011536,0.7869266145381365,0.0053029095553474076,0.7826296092392308,0.12145832852996188,2026-10-05,SPY,2026-12-31,87,90
819.09625,1.0524057930860207,0.007304066912970971,0.7897414688618385,0.0052717306108380595,0.7846586200684383,0.12137192872132893,2026-10-05,SPY,2026-12-31,87,90
819.48,1.052898849577363,0.007242025263632132,0.792532500298224,0.005240498761853041,0.786675655715769,0.12128680106212451,2026-10-05,SPY,2026-12-31,87,90
819.86375,1.0533919060687054,0.007179608808547798,0.7952996513358233,0.005209217465508414,0.788680696543109,0.12120293886487397,2026-10-05,SPY,2026-12-31,87,90
820.2475,1.0538849625600477,0.0071169741226244304,0.7980428081857416,0.005177890158401812,0.7906737242350912,0.12112033527944044,2026-10-05,SPY,2026-12-31,87,90
820.63125,1.0543780190513903,0.007054162804458928,0.8007618950836255,0.005146520256115037,0.7926547217911386,0.12103898348216685,2026-10-05,SPY,2026-12-31,87,90
821.015,1.0548710755427329,0.0069913647053521915,0.8034568806745702,0.0051151111527271125,0.7946236735172807,0.12095887670977612,2026-10-05,SPY,2026-12-31,87,90
821.39875,1.0553641320340752,0.006928300959355171,0.8061277165239857,0.005083666220336669,0.7965805650178259,0.12088000850775592,2026-10-05,SPY,2026-12-31,87,90
821.7825,1.0558571885254178,0.006865268322759854,0.8087743576299913,0.00505218880859458,0.7985253831868355,0.12080237231237821,2026-10-05,SPY,2026-12-31,87,90
822.16625,1.0563502450167601,0.006802333036222134,0.8113968286407457,0.005020682244246635,0.8004581161994175,0.12072596185258996,2026-10-05,SPY,2026-12-31,87,90
822.55,1.0568433015081025,0.00673977414263055,0.8139952204556878,0.0049891498306861865,0.8023787535028533,0.1206507712322171,2026-10-05,SPY,2026-12-31,87,90
822.93375,1.057336357999445,0.0066767737045168914,0.816569520573859,0.004957594847516985,0.8042872858075453,0.12057679533121358,2026-10-05,SPY,2026-12-31,87,90
823.3175,1.0578294144907876,0.006613615760316087,0.8191196140524235,0.004926020550125914,0.8061837050778147,0.12050402858978336,2026-10-05,SPY,2026-12-31,87,90
823.70125,1.05832247098213,0.006550418010020954,0.8216454630321067,0.004894430169265929,0.8080680045225294,0.12043246539170864,2026-10-05,SPY,2026-12-31,87,90
824.085,1.0588155274734725,0.006487516120488065,0.8241471166433979,0.004862826910649434,0.809940178585555,0.12036210021418584,2026-10-05,SPY,2026-12-31,87,90
824.46875,1.0593085839648149,0.006424876296652011,0.8266246819384364,0.004831213954551184,0.8118002229360932,0.12029292811822044,2026-10-05,SPY,2026-12-31,87,90
824.8525,1.0598016404561572,0.006362116776723543,0.8290781862343901,0.004799594455422073,0.8136481344588209,0.12022494469417526,2026-10-05,SPY,2026-12-31,87,90
825.2362499999999,1.0602946969474996,0.006299383828419445,0.8315076116630017,0.0047679715415123195,0.8154839112439349,0.120158145464507,2026-10-05,SPY,2026-12-31,87,90
825.62,1.0607877534388421,0.006236790935580891,0.8339129901958441,0.004736348314505631,0.8173075525769995,0.12009252608391854,2026-10-05,SPY,2026-12-31,87,90
826.00375,1.0612808099301847,0.006174225349007494,0.8362943539454493,0.004704727849162957,0.8191190589286954,0.12002808249803922,2026-10-05,SPY,2026-12-31,87,90
826.3875,1.0617738664215273,0.006111542942891676,0.8386516857364572,0.0046731131929763,0.8209184319444361,0.11996481075019455,2026-10-05,SPY,2026-12-31,87,90
826.77125,1.0622669229128696,0.006049073002790588,0.8409850039210347,0.004641507365833518,0.8227056744338064,0.11990270672820014,2026-10-05,SPY,2026-12-31,87,90
827.155,1.062759979404212,0.005986925797384533,0.843294411190818,0.004609913359692153,0.8244807903599377,0.11984176666520112,2026-10-05,SPY,2026-12-31,87,90
827.5387499999999,1.0632530358955543,0.005925122112786286,0.845580035383582,0.0045783341382643755,0.8262437848287043,0.11978198730897803,2026-10-05,SPY,2026-12-31,87,90
827.9225,1.0637460923868969,0.005863187327742878,0.8478419172574833,0.004546772636711235,0.8279946640778462,0.11972336595294644,2026-10-05,SPY,2026-12-31,87,90
828.30625,1.0642391488782394,0.005801505512382685,0.8500800801961821,0.00451523176134767,0.8297334354659369,0.11966589964554318,2026-10-05,SPY,2026-12-31,87,90
828.69,1.0647322053695818,0.0057400233030756925,0.8522946110376479,0.004483714389356976,0.8314601074612773,0.11960958579794191,2026-10-05,SPY,2026-12-31,87,90
829.07375,1.0652252618609244,0.005678632024613882,0.8544855655286482,0.00445222336851585,0.8331746896306478,0.11955442208450638,2026-10-05,SPY,2026-12-31,87,90
829.4575,1.0657183183522667,0.005617380621648861,0.8566529879551497,0.004420761516929115,0.8348771926279765,0.11950040624375169,2026-10-05,SPY,2026-12-31,87,90
829.84125,1.066211374843609,0.005556365525667805,0.8587969504971659,0.004389331622774468,0.8365676281829058,0.11944753614033342,2026-10-05,SPY,2026-12-31,87,90
830.225,1.0667044313349516,0.005495559076934536,0.86091753853029,0.004357936444057039,0.8382460090892674,0.11939580991325925,2026-10-05,SPY,2026-12-31,87,90
830.60875,1.067197487826294,0.0054349058084195495,0.8630148214801671,0.004326578708374307,0.8399123491934405,0.11934522591496748,2026-10-05,SPY,2026-12-31,87,90
830.9925,1.0676905443176365,0.005374551019163041,0.8650888860089593,0.004295261112690346,0.8415666633826504,0.11929578259809302,2026-10-05,SPY,2026-12-31,87,90
831.37625,1.0681836008089791,0.005314315250972258,0.8671398122245413,0.0042639863231199865,0.8432089675731758,0.11924747875494252,2026-10-05,SPY,2026-12-31,87,90
831.76,1.0686766573003215,0.005254340208200778,0.86916767299077,0.0042327569747229775,0.8448392786984615,0.11920031318512904,2026-10-05,SPY,2026-12-31,87,90
832.14375,1.0691697137916638,0.0051946980614861315,0.8711725822087659,0.004201575671307653,0.8464576146971662,0.11915428492932141,2026-10-05,SPY,2026-12-31,87,90
832.5274999999999,1.0696627702830062,0.0051355740019361044,0.8731547031609349,0.004170444985244387,0.8480639945011268,0.1191093933889117,2026-10-05,SPY,2026-12-31,87,90
832.91125,1.0701558267743487,0.00507643776632287,0.8751141329189693,0.004139367457288124,0.8496584380232846,0.1190656386624841,2026-10-05,SPY,2026-12-31,87,90
833.295,1.0706488832656913,0.005017530547465652,0.8770509130891774,0.004108345596411573,0.8512409661454801,0.11902302056208192,2026-10-05,SPY,2026-12-31,87,90
833.67875,1.0711419397570339,0.004958905493347368,0.8789651417545082,0.004077381879646465,0.8528116007062657,0.11898153903126872,2026-10-05,SPY,2026-12-31,87,90
834.0625,1.0716349962483762,0.00490049677667429,0.8808569145650684,0.004046478751935293,0.8543703644885978,0.1189411942291139,2026-10-05,SPY,2026-12-31,87,90
834.44625,1.0721280527397186,0.00484218941623219,0.8827262924783321,0.0040156386259921064,0.8559172812074927,0.11890198639013201,2026-10-05,SPY,2026-12-31,87,90
834.8299999999999,1.072621109231061,0.004784289956862206,0.8845733732080445,0.003984863882172204,0.8574523754976482,0.11886391558061174,2026-10-05,SPY,2026-12-31,87,90
835.21375,1.0731141657224035,0.0047267308236011545,0.8863983003202958,0.003954156868351507,0.8589756729009934,0.11882698226960713,2026-10-05,SPY,2026-12-31,87,90
835.5975,1.073607222213746,0.004669375718653667,0.8882011782630908,0.003923519899814811,0.8604871998542059,0.11879118719174794,2026-10-05,SPY,2026-12-31,87,90
835.98125,1.0741002787050884,0.004612420160462585,0.889982122847396,0.0038929552591532367,0.8619869836761819,0.11875653106426563,2026-10-05,SPY,2026-12-31,87,90
836.365,1.074593335196431,0.004555961342863744,0.8917413060483466,0.003862465196170511,0.8634750525554746,0.11872301495933268,2026-10-05,SPY,2026-12-31,87,90
836.74875,1.0750863916877733,0.004499763481989105,0.893478873249115,0.0038320519277982405,0.8649514355376948,0.11869064049831793,2026-10-05,SPY,2026-12-31,87,90
837.1324999999999,1.0755794481791157,0.004443660192194832,0.8951948926665989,0.0038017176380200097,0.8664161625128795,0.11865940937000143,2026-10-05,SPY,2026-12-31,87,90
837.51625,1.0760725046704582,0.004387431556589805,0.8968893583958968,0.003771464477804097,0.8678692642028385,0.11862932296426452,2026-10-05,SPY,2026-12-31,87,90
837.9,1.0765655611618006,0.004332025489942676,0.8985624042167001,0.0037412945650450117,0.8693107721484704,0.11860038187077393,2026-10-05,SPY,2026-12-31,87,90
838.28375,1.0770586176531431,0.004277011145409986,0.9002142631211082,0.0037112099845133585,0.8707407186970658,0.11857258783592349,2026-10-05,SPY,2026-12-31,87,90
838.6675,1.0775516741444857,0.004222403718735401,0.9018450883481659,0.00368121278781457,0.8721591369895761,0.11854594287425166,2026-10-05,SPY,2026-12-31,87,90
839.05125,1.078044730635828,0.004167932526247715,0.9034549841151719,0.0036513049933555187,0.873566060947892,0.11852044929422594,2026-10-05,SPY,2026-12-31,87,90
839.435,1.0785377871271704,0.004113800421785726,0.9050440416245756,0.0036214885863198026,0.8749615252620913,0.11849610909754718,2026-10-05,SPY,2026-12-31,87,90
839.81875,1.079030843618513,0.0040600021804070435,0.9066123899988713,0.0035917655186508985,0.8763455653776955,0.11847292439268978,2026-10-05,SPY,2026-12-31,87,90
840.2025,1.0795239001098553,0.004006594418912974,0.9081601682213654,0.003562137709044014,0.8777182174828917,0.11845089736843414,2026-10-05,SPY,2026-12-31,87,90
840.58625,1.080016956601198,0.003953979425803076,0.9096876033278195,0.003532607042944965,0.8790795184958011,0.11843003040647682,2026-10-05,SPY,2026-12-31,87,90
840.97,1.0805100130925402,0.00390114832442477,0.911194805964894,0.003503175372558033,0.880429506051696,0.11841032699431928,2026-10-05,SPY,2026-12-31,87,90
841.35375,1.0810030695838828,0.003848292344118775,0.9126817298931706,0.003473844516860833,0.8817682184902591,0.11839178942698816,2026-10-05,SPY,2026-12-31,87,90
841.7375,1.0814961260752252,0.0037958308477457217,0.9141484460306095,0.0034446162616271854,0.8830956948428368,0.11837441917088438,2026-10-05,SPY,2026-12-31,87,90
842.1212499999999,1.0819891825665675,0.0037441890708034393,0.915595187352481,0.0034154923594577227,0.8844119748196955,0.11835821779322915,2026-10-05,SPY,2026-12-31,87,90
842.505,1.08248223905791,0.0036931681829100657,0.9170222302755372,0.0033864745298176476,0.8857170987973079,0.11834318796754646,2026-10-05,SPY,2026-12-31,87,90
842.88875,1.0829752955492524,0.0036422293770773393,0.9184297096823596,0.003357564459082386,0.8870111078056312,0.11832933303557605,2026-10-05,SPY,2026-12-31,87,90
843.2725,1.083468352040595,0.0035916870609159937,0.9198177173988995,0.003328763800589716,0.8882940435154429,0.11831665570822375,2026-10-05,SPY,2026-12-31,87,90
843.65625,1.0839614085319376,0.0035415782941374016,0.9211864126889002,0.0033000741747001984,0.889565948225645,0.1183051587905855,2026-10-05,SPY,2026-12-31,87,90
844.04,1.08445446502328,0.0034917422858813498,0.9225359310751912,0.0032714971688635164,0.8908268648506474,0.11829484526292153,2026-10-05,SPY,2026-12-31,87,90
844.4237499999999,1.0849475215146223,0.003442001927469376,0.9238663432461277,0.003243034337692786,0.8920768369077317,0.11828571786740497,2026-10-05,SPY,2026-12-31,87,90
844.8075,1.0854405780059648,0.0033928369038562466,0.9251777779468882,0.003214687203044974,0.8933159085044782,0.11827777862608785,2026-10-05,SPY,2026-12-31,87,90
845.19125,1.0859336344973072,0.0033442509121070605,0.926470456671576,0.003186457254108393,0.8945441243262116,0.11827103002488229,2026-10-05,SPY,2026-12-31,87,90
845.575,1.0864266909886497,0.0032964374804226562,0.9277446387568926,0.003158345947496924,0.8957615296234759,0.11826547503476201,2026-10-05,SPY,2026-12-31,87,90
845.95875,1.0869197474799923,0.003248555867515729,0.9290004593555281,0.0031303547073505637,0.8969681701995567,0.11826111763608707,2026-10-05,SPY,2026-12-31,87,90
846.3425,1.0874128039713347,0.003200990136859406,0.9302379659951174,0.0031024849254424735,0.8981640923980385,0.11825796061451804,2026-10-05,SPY,2026-12-31,87,90
846.7262499999999,1.087905860462677,0.003153827384706683,0.9314572966070679,0.003074737961292233,0.8993493430904086,0.11825600651682276,2026-10-05,SPY,2026-12-31,87,90
847.11,1.0883989169540196,0.0031071920402372328,0.9326586297092289,0.0030471151422854343,0.9005239696636995,0.11825525786233472,2026-10-05,SPY,2026-12-31,87,90
847.49375,1.088891973445362,0.0030609947247340237,0.9338421505447576,0.003019617763799236,0.9016880200081819,0.11825571747305752,2026-10-05,SPY,2026-12-31,87,90
847.8775,1.0893850299367045,0.0030151558034518006,0.9350080119273532,0.0029922470893339356,0.9028415425051061,0.11825738822933889,2026-10-05,SPY,2026-12-31,87,90
848.26125,1.0898780864280468,0.0029697333922713595,0.9361563625417825,0.0029650043506502205,0.9039845860145002,0.11826027283656694,2026-10-05,SPY,2026-12-31,87,90
848.645,1.0903711429193894,0.0029246888078686218,0.9372873548014342,0.0029378907479125616,0.9051171998630054,0.11826437397039591,2026-10-05,SPY,2026-12-31,87,90
849.02875,1.0908641994107318,0.0028801400805084404,0.9384011563443915,0.002910907449837597,0.9062394338317943,0.11826969415290466,2026-10-05,SPY,2026-12-31,87,90
849.4125,1.0913572559020743,0.0028360196335394626,0.9394979444895243,0.0028840555938485887,0.9073513381445206,0.11827623607950953,2026-10-05,SPY,2026-12-31,87,90
849.79625,1.0918503123934167,0.0027923217009409016,0.9405778824830776,0.002857336286234834,0.9084529634553506,0.11828400242006298,2026-10-05,SPY,2026-12-31,87,90
850.18,1.092343368884759,0.002749046766464987,0.9416411325577609,0.002830750602316756,0.9095443608370352,0.11829299579161838,2026-10-05,SPY,2026-12-31,87,90
850.56375,1.0928364253761016,0.002706160741502969,0.9426878504983522,0.0028042995866156876,0.9106255817690687,0.11830321874896574,2026-10-05,SPY,2026-12-31,87,90
850.9475,1.0933294818674442,0.0026637543432973033,0.9437182029552482,0.0027779842530290875,0.9116966781258955,0.11831467366931843,2026-10-05,SPY,2026-12-31,87,90
851.33125,1.0938225383587865,0.0026217894858598604,0.9447323666774676,0.0027518055850102694,0.9127577021652022,0.11832736301666101,2026-10-05,SPY,2026-12-31,87,90
851.7149999999999,1.0943155948501289,0.002580260860439613,0.9457305100876637,0.002725764535753533,0.9138087065162539,0.11834128922162761,2026-10-05,SPY,2026-12-31,87,90
852.09875,1.0948086513414714,0.002539155309850904,0.9467127980653381,0.0026998620283831794,0.9148497441683361,0.11835645465747306,2026-10-05,SPY,2026-12-31,87,90
852.4825,1.0953017078328138,0.002498520907085897,0.9476794021894628,0.002674098956147792,0.9158808684592415,0.11837286158989248,2026-10-05,SPY,2026-12-31,87,90
852.86625,1.0957947643241563,0.002458262678590664,0.9486304850399644,0.00264847618261857,0.9169021330638483,0.11839051232297548,2026-10-05,SPY,2026-12-31,87,90
853.25,1.0962878208154987,0.0024184776821535776,0.9495662095966821,0.002622994541892239,0.917913591982764,0.11840940888618841,2026-10-05,SPY,2026-12-31,87,90
853.63375,1.0967808773068413,0.002379163708029697,0.9504867570384234,0.0025976548387979027,0.9189152995310632,0.11842955333838229,2026-10-05,SPY,2026-12-31,87,90
854.0174999999999,1.0972739337981836,0.0023402419130007903,0.9513922929919586,0.002572457849108326,0.9199073103270878,0.1184509477605147,2026-10-05,SPY,2026-12-31,87,90
854.40125,1.0977669902895262,0.002301717735858577,0.9522829689995834,0.0025474043197549214,0.9208896792813439,0.11847359398753111,2026-10-05,SPY,2026-12-31,87,90
854.785,1.0982600467808685,0.0022636587379117174,0.9531589506104879,0.002522494969046813,0.9218624615854718,0.11849749361213933,2026-10-05,SPY,2026-12-31,87,90
855.16875,1.098753103272211,0.0022260740820946984,0.9540204180953267,0.002497730486893505,0.9228257127013089,0.11852264820651226,2026-10-05,SPY,2026-12-31,87,90
855.5525,1.0992461597635534,0.002188848063043805,0.954867531281925,0.0024731115350313045,0.9237794883500328,0.11854905935490656,2026-10-05,SPY,2026-12-31,87,90
855.93625,1.099739216254896,0.0021521582762783595,0.9557004618732824,0.0024486387472534145,0.9247238445013876,0.11857672824354912,2026-10-05,SPY,2026-12-31,87,90
856.3199999999999,1.1002322727462384,0.002115987337185043,0.9565194123128655,0.002424312729643023,0.925658837363016,0.11860565628122552,2026-10-05,SPY,2026-12-31,87,90
856.70375,1.100725329237581,0.002080285445937942,0.9573245721531272,0.002400134060810045,0.9265845233698676,0.1186358450529922,2026-10-05,SPY,2026-12-31,87,90
857.0875,1.1012183857289233,0.002044891451927325,0.958116090470405,0.002376103292131087,0.9275009591736979,0.11866729615083697,2026-10-05,SPY,2026-12-31,87,90
857.47125,1.1017114422202658,0.00200976019509797,0.9588940767551779,0.002352220947992332,0.928408201632666,0.11870001057560196,2026-10-05,SPY,2026-12-31,87,90
857.855,1.1022044987116082,0.001975294359830922,0.9596587090979048,0.002328487526035483,0.9293063078010242,0.11873398853588943,2026-10-05,SPY,2026-12-31,87,90
858.23875,1.1026975552029508,0.0019412844720733756,0.9604102026612764,0.0023049034974064408,0.9301953349189063,0.11876923095106287,2026-10-05,SPY,2026-12-31,87,90
858.6225,1.103190611694293,0.0019078090619074266,0.9611487474831089,0.002281469307007008,0.9310753404022022,0.11880573868971761,2026-10-05,SPY,2026-12-31,87,90
859.00625,1.1036836681856357,0.0018746169348445242,0.9618745004712356,0.002258185373749065,0.931946381832536,0.11884351288312839,2026-10-05,SPY,2026-12-31,87,90
859.39,1.104176724676978,0.001841822041743291,0.9625875921998683,0.0022350520908111147,0.9328085169473496,0.11888255395184494,2026-10-05,SPY,2026-12-31,87,90
859.77375,1.1046697811683204,0.0018094762073704192,0.963288185051417,0.002212069825897784,0.9336618036300641,0.11892286203031241,2026-10-05,SPY,2026-12-31,87,90
860.1575,1.105162837659663,0.0017775921114203228,0.9639764537850849,0.0021892389215010803,0.9345062999003644,0.11896443717130181,2026-10-05,SPY,2026-12-31,87,90
860.54125,1.1056558941510053,0.0017461532694773854,0.9646525724300445,0.0021665596951641547,0.9353420639045725,0.11900727940497374,2026-10-05,SPY,2026-12-31,87,90
860.925,1.1061489506423479,0.0017151233891337988,0.9653167048889155,0.0021440324397472466,0.9361691539061211,0.1190513886813002,2026-10-05,SPY,2026-12-31,87,90
861.3087499999999,1.1066420071336902,0.0016844948910091832,0.9659690066464179,0.0021216574236955265,0.936987628276133,0.11909676472527862,2026-10-05,SPY,2026-12-31,87,90
861.6925,1.1071350636250328,0.0016542761519781376,0.966609633340291,0.0020994348913086817,0.9377975454841116,0.1191434070048796,2026-10-05,SPY,2026-12-31,87,90
862.07625,1.1076281201163751,0.001624522350483251,0.9672387528029507,0.0020773650630128647,0.938598964088713,0.11919131476651865,2026-10-05,SPY,2026-12-31,87,90
862.46,1.1081211766077177,0.001595204648003342,0.9678565379207853,0.002055448135633674,0.9393919427286489,0.1192404872786582,2026-10-05,SPY,2026-12-31,87,90
862.84375,1.10861423309906,0.001566273942473891,0.9684631466253331,0.002033684282671171,0.9401765401136791,0.11929092372213786,2026-10-05,SPY,2026-12-31,87,90
863.2275,1.1091072895904026,0.0015377682083246552,0.9690587347130175,0.0020120736545763624,0.9409528150157106,0.11934262298216987,2026-10-05,SPY,2026-12-31,87,90
863.6112499999999,1.109600346081745,0.0015097016843257187,0.9696434679986697,0.0019906163790289755,0.9417208262600083,0.11939558382046621,2026-10-05,SPY,2026-12-31,87,90
863.995,1.1100934025730875,0.001482000976869916,0.9702175009467866,0.001969312561216596,0.942480632716511,0.11944980495191031,2026-10-05,SPY,2026-12-31,87,90
864.37875,1.1105864590644299,0.0014546729023937662,0.9707809752473702,0.0019481622841151036,0.9432322932912511,0.11950528472064324,2026-10-05,SPY,2026-12-31,87,90
864.7625,1.1110795155557724,0.0014277574761242542,0.9713340415762484,0.0019271656087701595,0.9439758669178865,0.11956202112993053,2026-10-05,SPY,2026-12-31,87,90
865.14625,1.1115725720471148,0.0014012703660894518,0.9718768612934731,0.0019063225745797256,0.9447114125493387,0.11962001203309747,2026-10-05,SPY,2026-12-31,87,90
865.53,1.1120656285384571,0.0013751402285276358,0.9724095850763151,0.0018856331995776453,0.9454389891495372,0.11967925522210755,2026-10-05,SPY,2026-12-31,87,90
865.9137499999999,1.1125586850297997,0.001349443338963395,0.9729323645483274,0.0018650974807177193,0.9461586556852848,0.11973974809952888,2026-10-05,SPY,2026-12-31,87,90
866.2975,1.1130517415211423,0.001324172487409278,0.9734453645850126,0.001844715394159214,0.9468704711182077,0.11980148805444044,2026-10-05,SPY,2026-12-31,87,90
866.68125,1.1135447980124846,0.0012993149814608989,0.973948746243102,0.0018244868955521747,0.9475744943968464,0.11986447245025209,2026-10-05,SPY,2026-12-31,87,90
867.065,1.1140378545038272,0.0012747638937030009,0.9744426476272741,0.0018044119203241068,0.948270784448829,0.11992869858416719,2026-10-05,SPY,2026-12-31,87,90
867.44875,1.1145309109951695,0.001250552383147543,0.9749271926878947,0.0017844903839667628,0.9489594001731677,0.11999416316286515,2026-10-05,SPY,2026-12-31,87,90
867.8325,1.115023967486512,0.0012266454363330564,0.9754025050195075,0.0017647221823231898,0.9496404004326713,0.12006086246459402,2026-10-05,SPY,2026-12-31,87,90
868.21625,1.1155170239778545,0.0012032249251877542,0.9758687363951243,0.001745107191875642,0.9503138440464479,0.12012879215796386,2026-10-05,SPY,2026-12-31,87,90
868.6,1.116010080469197,0.0011801763420909441,0.9763260515132833,0.0017256452700331595,0.9509797897825406,0.12019794825613223,2026-10-05,SPY,2026-12-31,87,90
868.98375,1.1165031369605394,0.0011574881007384006,0.9767745908782511,0.001706336255419624,0.9516382963506603,0.1202683265541184,2026-10-05,SPY,2026-12-31,87,90
869.3675,1.1169961934518817,0.001135154933355607,0.977214491760418,0.0016871799681620005,0.952289422395027,0.12033992258265894,2026-10-05,SPY,2026-12-31,87,90
869.75125,1.1174892499432243,0.0011131811142324917,0.9776458912395488,0.0016681762101780975,0.9529332264873372,0.12041273159391451,2026-10-05,SPY,2026-12-31,87,90
870.135,1.1179823064345666,0.001091568127184247,0.9780689275002457,0.0016493247654649258,0.9535697671198204,0.12048674859966826,2026-10-05,SPY,2026-12-31,87,90
870.51875,1.1184753629259092,0.0010702790064333393,0.9784837319190085,0.0016306254003862694,0.9541991026984259,0.12056196839717977,2026-10-05,SPY,2026-12-31,87,90
870.9024999999999,1.1189684194172516,0.0010493644757617999,0.9788904385121546,0.0016120778639605144,0.9548212915361047,0.12063838537907258,2026-10-05,SPY,2026-12-31,87,90
871.28625,1.1194614759085941,0.0010288170572087202,0.9792891895937933,0.0015936818881477704,0.9554363918462152,0.12071599383387713,2026-10-05,SPY,2026-12-31,87,90
871.67,1.1199545323999365,0.0010086319987722052,0.9796801251314097,0.0015754371881370511,0.9560444617360244,0.12079478793037679,2026-10-05,SPY,2026-12-31,87,90
872.05375,1.120447588891279,0.000988729492337167,0.9800633688675164,0.0015573434626325456,0.9566455592003349,0.12087476171696399,2026-10-05,SPY,2026-12-31,87,90
872.4375,1.1209406453826214,0.0009691178417512376,0.9804390308247447,0.001539400394139831,0.9572397421152055,0.12095590867452685,2026-10-05,SPY,2026-12-31,87,90
872.82125,1.1214337018739637,0.000949865226355067,0.9808072357009375,0.0015216076492510428,0.9578270682317983,0.12103822176834393,2026-10-05,SPY,2026-12-31,87,90
873.2049999999999,1.1219267583653063,0.0009309582517316295,0.9811681187057953,0.001503964878929846,0.9584075951703186,0.12112169386933713,2026-10-05,SPY,2026-12-31,87,90
873.58875,1.1224198148566489,0.0009123808684087043,0.9815218093994723,0.0014864717187953024,0.9589813804140772,0.12120631770327359,2026-10-05,SPY,2026-12-31,87,90
873.9725,1.1229128713479912,0.0008941095085010641,0.9818684297405418,0.0014691277894051276,0.9595484813036562,0.12129208577980462,2026-10-05,SPY,2026-12-31,87,90
874.35625,1.1234059278393338,0.00087613409433605,0.9822080952318362,0.001451932696538166,0.96010895503118,0.12137899026918574,2026-10-05,SPY,2026-12-31,87,90
874.74,1.1238989843306761,0.00085847056848938,0.9825409225015157,0.0014348860314758137,0.9606628586347004,0.12146702295664069,2026-10-05,SPY,2026-12-31,87,90
875.12375,1.1243920408220185,0.0008411335488679473,0.9828670340415336,0.0014179873712825408,0.9612102489926858,0.12155617536188056,2026-10-05,SPY,2026-12-31,87,90
875.5074999999999,1.124885097313361,0.0008241414640050105,0.9831865586846286,0.0014012362790852759,0.961751182818623,0.12164643885879345,2026-10-05,SPY,2026-12-31,87,90
875.89125,1.1253781538047034,0.0008074051241921381,0.9834996116862389,0.0013846323043519044,0.9622857166557172,0.12173780482879085,2026-10-05,SPY,2026-12-31,87,90
876.275,1.125871210296046,0.0007909612111604195,0.9838062982268346,0.001368174983168538,0.9628139068717025,0.12183026410606922,2026-10-05,SPY,2026-12-31,87,90
876.65875,1.1263642667873885,0.0007748135205855059,0.9841067312534884,0.0013518638385152974,0.9633358096537684,0.1219238072343044,2026-10-05,SPY,2026-12-31,87,90
877.0425,1.126857323278731,0.0007589451952714805,0.9844010212070934,0.0013356983805414102,0.9638514810035708,0.122018424517179,2026-10-05,SPY,2026-12-31,87,90
877.42625,1.1273503797700732,0.0007433282904222867,0.9846892699321609,0.0013196781068382918,0.9643609767323738,0.12211410592985923,2026-10-05,SPY,2026-12-31,87,90
877.81,1.1278434362614156,0.0007280139262125358,0.9849715837199776,0.0013038025027119894,0.9648643524562706,0.12221084094698942,2026-10-05,SPY,2026-12-31,87,90
878.19375,1.1283364927527582,0.0007129954416686276,0.9852480773924398,0.001288071041453547,0.9653616635915306,0.12230861891795894,2026-10-05,SPY,2026-12-31,87,90
878.5775,1.1288295492441007,0.0006982640942357874,0.9855188628158914,0.0012724831846084655,0.9658529653500328,0.12240742905533926,2026-10-05,SPY,2026-12-31,87,90
878.96125,1.129322605735443,0.0006837848653397103,0.9857840434600099,0.001257038382244093,0.9663383127348179,0.1225072604071753,2026-10-05,SPY,2026-12-31,87,90
879.345,1.1298156622267856,0.0006695658860248532,0.986043717635428,0.0012417360732160897,0.9668177605357245,0.12260810163503458,2026-10-05,SPY,2026-12-31,87,90
879.72875,1.130308718718128,0.0006556092956274495,0.9862979856234075,0.001226575685432565,0.9672913633251494,0.1227099410957982,2026-10-05,SPY,2026-12-31,87,90
880.1125,1.1308017752094703,0.0006419191526354407,0.986546948894418,0.001211556636117306,0.9677591754538849,0.12281276688443245,2026-10-05,SPY,2026-12-31,87,90
880.4962499999999,1.131294831700813,0.0006285104202530559,0.9867907125687159,0.0011966783320706532,0.968221251047078,0.1229165668941788,2026-10-05,SPY,2026-12-31,87,90
880.88,1.1317878881921555,0.0006153282215945181,0.9870293741081204,0.00118194016992906,0.9686776440002762,0.12302132896405858,2026-10-05,SPY,2026-12-31,87,90
881.26375,1.1322809446834978,0.0006023812008335291,0.9872630221035488,0.0011673415364226911,0.9691284079755776,0.12312704049621062,2026-10-05,SPY,2026-12-31,87,90
881.6475,1.1327740011748404,0.0005896637430959004,0.9874917457271651,0.0011528818086313163,0.9695735963978773,0.12323368854351559,2026-10-05,SPY,2026-12-31,87,90
882.03125,1.1332670576661827,0.0005772158662489473,0.9877156407522082,0.0011385603542382085,0.9700132624512138,0.12334125979065966,2026-10-05,SPY,2026-12-31,87,90
882.415,1.133760114157525,0.00056503387952395,0.9879348099221783,0.0011243765317822567,0.9704474590752112,0.12344974089853411,2026-10-05,SPY,2026-12-31,87,90
882.7987499999999,1.1342531706488677,0.0005530695250564625,0.9881493460129323,0.0011103296909080415,0.9708762389616207,0.12355911851845207,2026-10-05,SPY,2026-12-31,87,90
883.1825,1.13474622714021,0.0005413178276030182,0.9883593315862237,0.001096419172614163,0.971299654550949,0.12366937894265018,2026-10-05,SPY,2026-12-31,87,90
883.56625,1.1352392836315526,0.0005297703830541794,0.9885648466366436,0.0010826443094992444,0.9717177580291947,0.12378050808831596,2026-10-05,SPY,2026-12-31,87,90
883.95,1.1357323401228951,0.0005184750086625424,0.9887659787211792,0.0010690044260062,0.9721306013246672,0.12389249145195393,2026-10-05,SPY,2026-12-31,87,90
884.33375,1.1362253966142375,0.0005073946477931881,0.9889628174615116,0.0010554988386643391,0.9725382361049035,0.12400531453511549,2026-10-05,SPY,2026-12-31,87,90
884.7175,1.1367184531055798,0.0004965304864705279,0.9891554455966485,0.0010421268563292627,0.9729407137736805,0.12411896257416133,2026-10-05,SPY,2026-12-31,87,90
885.1012499999999,1.1372115095969222,0.0004858880297164313,0.9893439471494418,0.0010288877804207814,0.9733380854681141,0.12423342058125757,2026-10-05,SPY,2026-12-31,87,90
885.485,1.1377045660882648,0.0004754794747190391,0.9895284095393553,0.0010157809051587327,0.9737304020558489,0.12434867342539678,2026-10-05,SPY,2026-12-31,87,90
885.86875,1.1381976225796073,0.00046525606064715797,0.9897089131702037,0.0010028055177963618,0.9741177141323456,0.12446470597722795,2026-10-05,SPY,2026-12-31,87,90
886.2525,1.13869067907095,0.000455226802390247,0.989885530819549,0.0009899608988518415,0.974500072018246,0.12458150271994933,2026-10-05,SPY,2026-12-31,87,90
886.63625,1.1391837355622922,0.0004453882012258219,0.9900583363233678,0.0009772463223373321,0.9748775257568352,0.1246990478541432,2026-10-05,SPY,2026-12-31,87,90
887.02,1.1396767920536346,0.0004357634840029139,0.9902274073029711,0.0009646610559857985,0.9752501251115904,0.12481732529550732,2026-10-05,SPY,2026-12-31,87,90
887.40375,1.140169848544977,0.0004263117951084455,0.9903928179971505,0.0009522043614757308,0.9756179195638109,0.12493631891780618,2026-10-05,SPY,2026-12-31,87,90
887.7874999999999,1.1406629050363195,0.0004170612119213132,0.9905546401928743,0.0009398754946534253,0.975980958310339,0.12505601221567836,2026-10-05,SPY,2026-12-31,87,90
888.17125,1.1411559615276619,0.0004080125426561359,0.9907129512195338,0.0009276737057529516,0.9763392902613648,0.1251763885923615,2026-10-05,SPY,2026-12-31,87,90
888.5550000000001,1.1416490180190044,0.00039918696677492525,0.9908678326254059,0.0009155982396138943,0.9766929640383128,0.12529743140682478,2026-10-05,SPY,2026-12-31,87,90
888.93875,1.142142074510347,0.0003904972356336519,0.9910193532817431,0.0009036483358966183,0.9770420279718155,0.12541912421849918,2026-10-05,SPY,2026-12-31,87,90
889.3225,1.1426351310016893,0.000381977553520153,0.991167571881912,0.0008918232292952724,0.9773865300997651,0.12554144999592393,2026-10-05,SPY,2026-12-31,87,90
889.70625,1.1431281874930317,0.0003736300742704116,0.9913125540954942,0.0008801221497484311,0.9777265181654469,0.1256643914634198,2026-10-05,SPY,2026-12-31,87,90
890.0899999999999,1.143621243984374,0.0003654673478026389,0.9914543684133545,0.0008685443226472009,0.9780620396157569,0.1257879311527318,2026-10-05,SPY,2026-12-31,87,90
890.47375,1.1441143004757166,0.00035746745327582615,0.9915930815283114,0.0008570889690409676,0.9783931415994972,0.12591205156142712,2026-10-05,SPY,2026-12-31,87,90
890.8575,1.1446073569670592,0.0003496378593259986,0.9917287573601669,0.0008457553058409287,0.978719870965744,0.12603673497238438,2026-10-05,SPY,2026-12-31,87,90
891.24125,1.1451004134584017,0.00034197464747279683,0.9918614605099089,0.0008345425460208437,0.9790422742623032,0.12616196356114762,2026-10-05,SPY,2026-12-31,87,90
891.625,1.145593469949744,0.00033447829800420484,0.9919912549188222,0.0008234498988155991,0.9793603977342356,0.12628771939199776,2026-10-05,SPY,2026-12-31,87,90
892.00875,1.1460865264410864,0.00032712678319526907,0.9921182003937774,0.0008124765699172613,0.9796742873224585,0.1264139844588944,2026-10-05,SPY,2026-12-31,87,90
892.3924999999999,1.1465795829324288,0.00031993266056324027,0.9922423549245486,0.0008016217616685444,0.9799839886624269,0.12654074049122746,2026-10-05,SPY,2026-12-31,87,90
892.77625,1.1470726394237714,0.0003128877016143918,0.9923637773315414,0.0007908846732540202,0.9802895470828806,0.12666796911466047,2026-10-05,SPY,2026-12-31,87,90
893.16,1.147565695915114,0.00030598774958874,0.9924825240587409,0.000780264500888632,0.9805910076046723,0.126795651798076,2026-10-05,SPY,2026-12-31,87,90
893.54375,1.1480587524064563,0.00029923294707483053,0.9925986507799133,0.0007697604380038752,0.9808884149396618,0.1269237698407318,2026-10-05,SPY,2026-12-31,87,90
893.9275,1.1485518088977988,0.0002926204963107583,0.9927122126593629,0.0007593716754314647,0.9811818134896828,0.12705230440512633,2026-10-05,SPY,2026-12-31,87,90
894.31125,1.1490448653891412,0.00028614763846922963,0.9928232637952238,0.0007490974015844201,0.9814712473455807,0.1271812365187039,2026-10-05,SPY,2026-12-31,87,90
894.6949999999999,1.1495379218804835,0.00027981165273394104,0.9929318572342234,0.0007389368026356588,0.9817567602863216,0.12731054707540398,2026-10-05,SPY,2026-12-31,87,90
895.07875,1.150030978371826,0.00027360985768367925,0.9930380449865348,0.0007288890626943272,0.98203839577816,0.12744021683705686,2026-10-05,SPY,2026-12-31,87,90
895.4625,1.1505240348631685,0.0002675363045919073,0.9931418774064213,0.0007189533639792207,0.9823161969738867,0.12757022643463106,2026-10-05,SPY,2026-12-31,87,90
895.84625,1.151017091354511,0.0002615944329298752,0.9932434043666833,0.0007091288869900447,0.982590206712133,0.12770055633117544,2026-10-05,SPY,2026-12-31,87,90
896.23,1.1515101478458536,0.00025578001815837714,0.9933426755894859,0.0006994148106760069,0.9828604675167437,0.12783118689123943,2026-10-05,SPY,2026-12-31,87,90
896.61375,1.152003204337196,0.0002500894305828134,0.9934397392899631,0.0006898103126018986,0.9831270215962156,0.12796209836366573,2026-10-05,SPY,2026-12-31,87,90
896.9975,1.1524962608285383,0.0002445202058567433,0.993534642513955,0.0006803145691118015,0.9833899108431944,0.12809327086967318,2026-10-05,SPY,2026-12-31,87,90
897.3812499999999,1.1529893173198806,0.00023906695656587655,0.9936274308007448,0.0006709267554900781,0.9836491768340415,0.12822468440350074,2026-10-05,SPY,2026-12-31,87,90
897.765,1.1534823738112232,0.00023373127088128465,0.9937181489606361,0.0006616460461200518,0.9839048608284551,0.12835631879696274,2026-10-05,SPY,2026-12-31,87,90
898.1487500000001,1.1539754303025658,0.00022851241043953452,0.9938068419669897,0.0006524716146401016,0.9841570037691548,0.12848815376666425,2026-10-05,SPY,2026-12-31,87,90
