ticker,date,close,daily_return
ALV.DE,2026-05-11,371.7,
ALV.DE,2026-05-12,368.2,-0.00941619585687381
ALV.DE,2026-05-13,372.3,0.011135252580119603
ALV.DE,2026-05-14,380.3,0.021488047273704014
ALV.DE,2026-05-15,374.5,-0.015251117538785164
ALV.DE,2026-05-18,381.4,0.01842456608811749
ALV.DE,2026-05-19,382.6,0.0031463030938647663
ALV.DE,2026-05-20,385.7,0.008102456874019781
ALV.DE,2026-05-21,385.9,0.0005185377236194277
ALV.DE,2026-05-22,385.6,-0.0007774034724020717
ALV.DE,2026-05-25,391.0,0.014004149377593311
ALV.DE,2026-05-26,388.9,-0.005370843989769836
ALV.DE,2026-05-27,389.4,0.001285677552069986
ALV.DE,2026-05-28,380.9,-0.021828454031843858
ALV.DE,2026-05-29,381.6,0.0018377526909951758
ALV.DE,2026-06-01,374.9,-0.01755765199161441
ALV.DE,2026-06-02,376.7,0.004801280341424352
ALV.DE,2026-06-03,368.6,-0.021502521900716665
ALV.DE,2026-06-04,371.3,0.007325013564839944
ALV.DE,2026-06-05,372.8,0.004039859951521674
ALV.DE,2026-06-08,374.1,0.0034871244635192866
ALV.DE,2026-06-09,377.9,0.010157711841753514
ALV.DE,2026-06-10,381.5,0.009526329716856408
ALV.DE,2026-06-11,383.3,0.004718217562254212
ALV.DE,2026-06-12,386.4,0.008087659796504054
ALV.DE,2026-06-15,394.7,0.02148033126293991
ALV.DE,2026-06-16,399.0,0.010894350139346365
ALV.DE,2026-06-17,400.2,0.003007518796992459
ALV.DE,2026-06-18,400.0,-0.0004997501249375258
ALV.DE,2026-06-19,400.4,0.0009999999999998899
ALV.DE,2026-06-22,406.6,0.01548451548451557
ALV.DE,2026-06-23,405.2,-0.0034431874077718305
ALV.DE,2026-06-24,404.5,-0.0017275419545903503
ALV.DE,2026-06-25,407.1,0.006427688504326401
ALV.DE,2026-06-26,407.9,0.0019651191353473596
ALV.DE,2026-06-29,408.8,0.002206423142927294
ALV.DE,2026-06-30,414.1,0.012964774951076397
ALV.DE,2026-07-01,414.1,0.0
ALV.DE,2026-07-02,418.4,0.010383965225790659
ALV.DE,2026-07-03,419.8,0.0033460803059275346
ALV.DE,2026-07-06,420.2,0.000952834683182413
ALV.DE,2026-07-07,422.8,0.006187529747739173
ALV.DE,2026-07-08,418.5,-0.010170293282876108
ALV.DE,2026-07-09,422.7,0.01003584229390686
ALV.DE,2026-07-10,421.6,-0.0026023184291459334
ALV.DE,2026-07-13,421.0,-0.0014231499051233776
ALV.DE,2026-07-14,421.0,0.0
ALV.DE,2026-07-15,416.4,-0.01092636579572448
ALV.DE,2026-07-16,419.6,0.007684918347742764
ALV.DE,2026-07-17,422.9,0.007864632983793918
ALV.DE,2026-07-20,422.8,-0.00023646252069042806
ALV.DE,2026-07-21,422.8,0.0
ALV.DE,2026-07-22,426.1,0.007805108798486282
ALV.DE,2026-07-23,424.4,-0.003989673785496417
ALV.DE,2026-07-24,427.1,0.006361922714420487
ALV.DE,2026-07-27,430.4,0.007726527745258505
ALV.DE,2026-07-28,432.4,0.004646840148698983
ALV.DE,2026-07-29,428.2,-0.00971322849213685
ALV.DE,2026-07-30,431.5,0.007706679121905591
ALV.DE,2026-07-31,432.5,0.002317497103128563
ALV.DE,2026-08-03,432.9,0.0009248554913294793
ALV.DE,2026-08-04,434.7,0.004158004158004269
ALV.DE,2026-08-05,436.6,0.004370830457786967
ALV.DE,2026-08-06,440.7,0.009390746678882289
ALV.DE,2026-08-07,433.5,-0.016337644656228667
ALV.DE,2026-08-10,437.7,0.009688581314878819
ALV.DE,2026-08-11,435.7,-0.004569339730408961
ALV.DE,2026-08-12,438.9,0.007344503098462241
ALV.DE,2026-08-13,437.8,-0.0025062656641603454
ALV.DE,2026-08-14,442.7,0.011192325262676883
ALV.DE,2026-08-17,438.6,-0.009261350801897383
ALV.DE,2026-08-18,442.0,0.007751937984496138
ALV.DE,2026-08-19,438.0,-0.009049773755656076
ALV.DE,2026-08-20,438.3,0.00068493150684934
ALV.DE,2026-08-21,440.8,0.005703855806525215
ALV.DE,2026-08-24,445.4,0.01043557168784015
ALV.DE,2026-08-25,450.0,0.01032779524023364
ALV.DE,2026-08-26,451.7,0.0037777777777776578
ALV.DE,2026-08-27,445.2,-0.014390081912773911
ALV.DE,2026-08-28,453.0,0.017520215633423097
ALV.DE,2026-08-31,450.8,-0.004856512141280356
ALV.DE,2026-09-01,451.8,0.002218278615794045
ALV.DE,2026-09-02,449.2,-0.0057547587428066205
ALV.DE,2026-09-03,453.3,0.00912733748886918
ALV.DE,2026-09-04,453.3,0.0
AMD,2026-05-11,458.79,
AMD,2026-05-12,448.29,-0.02288628784411173
AMD,2026-05-13,445.5,-0.006223649869504189
AMD,2026-05-14,449.7,0.00942760942760934
AMD,2026-05-15,424.1,-0.05692684011563254
AMD,2026-05-18,420.99,-0.0073331761377034566
AMD,2026-05-19,414.05,-0.01648495213663037
AMD,2026-05-20,447.58,0.08098055790363468
AMD,2026-05-21,449.59,0.004490817284060977
AMD,2026-05-22,467.51,0.039858537778865166
AMD,2026-05-25,467.51,0.0
AMD,2026-05-26,503.89,0.07781651729374772
AMD,2026-05-27,495.54,-0.016571077020778313
AMD,2026-05-28,518.09,0.045505912741655496
AMD,2026-05-29,516.1,-0.0038410314810167767
AMD,2026-06-01,510.13,-0.011567525673319201
AMD,2026-06-02,521.54,0.022366847666281053
AMD,2026-06-03,542.52,0.04022701997929223
AMD,2026-06-04,523.2,-0.03561159035611583
AMD,2026-06-05,466.38,-0.10860091743119271
AMD,2026-06-08,490.33,0.05135297396972427
AMD,2026-06-09,475.51,-0.030224542654946673
AMD,2026-06-10,452.4,-0.04860045004311164
AMD,2026-06-11,488.45,0.07968611847922191
AMD,2026-06-12,511.57,0.0473334015764153
AMD,2026-06-15,547.26,0.06976562347283854
AMD,2026-06-16,507.29,-0.07303658224609866
AMD,2026-06-17,512.48,0.010230834433953007
AMD,2026-06-18,537.37,0.04856774898532623
AMD,2026-06-19,537.37,0.0
AMD,2026-06-22,551.63,0.02653665072482636
AMD,2026-06-23,519.85,-0.05761107989050629
AMD,2026-06-24,519.74,-0.00021159949985571913
AMD,2026-06-25,532.57,0.02468541963289339
AMD,2026-06-26,521.58,-0.020635784967234394
AMD,2026-06-29,539.49,0.034337973081789874
AMD,2026-06-30,580.91,0.07677621457302264
AMD,2026-07-01,540.88,-0.068909125337832
AMD,2026-07-02,517.82,-0.04263422570625641
AMD,2026-07-03,517.82,0.0
AMD,2026-07-06,552.05,0.06610405160094213
AMD,2026-07-07,516.11,-0.0651027986595416
AMD,2026-07-08,517.41,0.0025188428823312847
AMD,2026-07-09,546.72,0.05664753290427327
AMD,2026-07-10,557.89,0.020430933567456844
AMD,2026-07-13,534.39,-0.04212299915754003
AMD,2026-07-14,548.13,0.0257115589737833
AMD,2026-07-15,529.14,-0.03464506595150785
AMD,2026-07-16,500.94,-0.053294024265789774
AMD,2026-07-17,495.76,-0.010340559747674338
AMD,2026-07-20,503.57,0.01575359044699054
AMD,2026-07-21,544.43,0.0811406557181722
AMD,2026-07-22,552.33,0.014510589056444534
AMD,2026-07-23,539.69,-0.022884869552622478
AMD,2026-07-24,521.95,-0.03287072208119479
AMD,2026-07-27,494.95,-0.05172909282498339
AMD,2026-07-28,454.62,-0.08148297807859373
AMD,2026-07-29,429.56,-0.05512295983458715
AMD,2026-07-30,485.39,0.12997020206723153
AMD,2026-07-31,476.15,-0.01903623890067785
AMD,2026-08-03,484.64,0.017830515593825425
AMD,2026-08-04,518.58,0.07003136348629924
AMD,2026-08-05,482.05,-0.07044236183423969
AMD,2026-08-06,489.28,0.014998444144798118
AMD,2026-08-07,483.36,-0.012099411379986824
AMD,2026-08-10,469.56,-0.028550148957298904
AMD,2026-08-11,474.32,0.010137149672033274
AMD,2026-08-12,482.93,0.018152302243211293
AMD,2026-08-13,483.01,0.00016565547801961067
AMD,2026-08-14,514.39,0.0649675990145131
AMD,2026-08-17,506.0,-0.016310581465425078
AMD,2026-08-18,484.39,-0.04270750988142291
AMD,2026-08-19,466.42,-0.03709820599104019
AMD,2026-08-20,469.46,0.006517730800565946
AMD,2026-08-21,473.25,0.008073105269884584
AMD,2026-08-24,456.75,-0.03486529318541998
AMD,2026-08-25,479.18,0.04910782703886163
AMD,2026-08-26,480.93,0.0036520722901622893
AMD,2026-08-27,476.67,-0.008857837938993196
AMD,2026-08-28,465.58,-0.023265571569429655
AMD,2026-08-31,470.72,0.011039993126852554
AMD,2026-09-01,459.61,-0.02360214140040795
AMD,2026-09-02,457.06,-0.0055481821544353105
AMD,2026-09-03,456.16,-0.0019691069006256834
AMD,2026-09-04,456.16,0.0
AMZN,2026-05-11,268.99,
AMZN,2026-05-12,265.82,-0.011784824714673459
AMZN,2026-05-13,270.13,0.01621397938454594
AMZN,2026-05-14,267.22,-0.010772590974715723
AMZN,2026-05-15,264.14,-0.011526083376992902
AMZN,2026-05-18,264.86,0.0027258272128418692
AMZN,2026-05-19,259.34,-0.02084119912406568
AMZN,2026-05-20,265.01,0.021863191177604824
AMZN,2026-05-21,268.46,0.013018376665031361
AMZN,2026-05-22,266.32,-0.007971392386202703
AMZN,2026-05-25,266.32,0.0
AMZN,2026-05-26,265.29,-0.0038675277861218715
AMZN,2026-05-27,271.85,0.02472765652681974
AMZN,2026-05-28,274.0,0.007908773220525855
AMZN,2026-05-29,270.64,-0.01226277372262774
AMZN,2026-06-01,261.26,-0.03465858705291158
AMZN,2026-06-02,256.52,-0.01814284620684381
AMZN,2026-06-03,250.02,-0.025339154841727662
AMZN,2026-06-04,253.79,0.015078793696504222
AMZN,2026-06-05,246.03,-0.03057646085346144
AMZN,2026-06-08,245.22,-0.0032922814290939906
AMZN,2026-06-09,244.19,-0.0042003099257809096
AMZN,2026-06-10,238.0,-0.025349113395306877
AMZN,2026-06-11,241.51,0.014747899159663902
AMZN,2026-06-12,238.55,-0.012256221274481338
AMZN,2026-06-15,246.02,0.031314189897296174
AMZN,2026-06-16,246.0,-8.129420372327001e-05
AMZN,2026-06-17,237.5,-0.03455284552845528
AMZN,2026-06-18,244.39,0.029010526315789376
AMZN,2026-06-19,244.39,0.0
AMZN,2026-06-22,232.79,-0.04746511723065594
AMZN,2026-06-23,234.11,0.005670346664375714
AMZN,2026-06-24,234.27,0.0006834394088248708
AMZN,2026-06-25,227.01,-0.030989883467793633
AMZN,2026-06-26,232.69,0.02502092418836188
AMZN,2026-06-29,240.14,0.03201684644806391
AMZN,2026-06-30,238.34,-0.007495627550595407
AMZN,2026-07-01,241.7,0.014097507762020678
AMZN,2026-07-02,242.67,0.004013239553165127
AMZN,2026-07-03,242.67,0.0
AMZN,2026-07-06,244.16,0.006140025549099537
AMZN,2026-07-07,245.98,0.007454128440366858
AMZN,2026-07-08,243.62,-0.009594275957394816
AMZN,2026-07-09,247.04,0.014038256300796359
AMZN,2026-07-10,245.34,-0.006881476683937793
AMZN,2026-07-13,247.31,0.008029673106709101
AMZN,2026-07-14,247.49,0.0007278314665803975
AMZN,2026-07-15,254.96,0.030183037698492843
AMZN,2026-07-16,249.89,-0.019885472230938284
AMZN,2026-07-17,247.23,-0.010644683660810728
AMZN,2026-07-20,249.99,0.01116369372648962
AMZN,2026-07-21,247.55,-0.009760390415616604
AMZN,2026-07-22,244.85,-0.01090688749747537
AMZN,2026-07-23,233.66,-0.04570144986726565
AMZN,2026-07-24,232.11,-0.006633570144654599
AMZN,2026-07-27,231.39,-0.003101977510663212
AMZN,2026-07-28,230.86,-0.0022905052076579446
AMZN,2026-07-29,226.65,-0.018236160443558913
AMZN,2026-07-30,235.5,0.03904698874917267
AMZN,2026-07-31,271.58,0.1532059447983014
AMZN,2026-08-03,284.02,0.045806024007658985
AMZN,2026-08-04,277.42,-0.023237800154918498
AMZN,2026-08-05,272.65,-0.017194146060125592
AMZN,2026-08-06,272.26,-0.0014304052814964052
AMZN,2026-08-07,274.48,0.008153970469404248
AMZN,2026-08-10,278.09,0.013152142232585096
AMZN,2026-08-11,272.27,-0.02092847639253481
AMZN,2026-08-12,267.28,-0.018327395599955998
AMZN,2026-08-13,265.13,-0.008043998802753527
AMZN,2026-08-14,262.65,-0.009353901859465275
AMZN,2026-08-17,261.31,-0.00510184656386814
AMZN,2026-08-18,259.45,-0.007117982472924944
AMZN,2026-08-19,265.84,0.02462902293312763
AMZN,2026-08-20,260.11,-0.021554318386999505
AMZN,2026-08-21,258.63,-0.005689900426742556
AMZN,2026-08-24,262.07,0.013300854502571235
AMZN,2026-08-25,261.06,-0.0038539321555309813
AMZN,2026-08-26,260.28,-0.0029878188922087823
AMZN,2026-08-27,256.26,-0.015444905486399207
AMZN,2026-08-28,266.43,0.03968625614610177
AMZN,2026-08-31,259.77,-0.024997185001689126
AMZN,2026-09-01,254.92,-0.018670362243523142
AMZN,2026-09-02,254.98,0.00023536795857515003
AMZN,2026-09-03,258.9,0.015373754804298256
AMZN,2026-09-04,258.9,0.0
ARKX,2026-05-11,34.9,
ARKX,2026-05-12,34.605,-0.008452722063037266
ARKX,2026-05-13,34.81,0.00592399942204902
ARKX,2026-05-14,35.11,0.008618213157138621
ARKX,2026-05-15,33.84,-0.036172030760467044
ARKX,2026-05-18,34.11,0.007978723404255206
ARKX,2026-05-19,33.69,-0.012313104661389684
ARKX,2026-05-20,34.64,0.028198278420896505
ARKX,2026-05-21,34.46,-0.0051963048498845366
ARKX,2026-05-22,35.42,0.02785838653511319
ARKX,2026-05-25,35.42,0.0
ARKX,2026-05-26,36.31,0.025127046866177283
ARKX,2026-05-27,36.395,0.002340952905535598
ARKX,2026-05-28,37.74,0.036955625772771006
ARKX,2026-05-29,37.38,-0.009538950715421324
ARKX,2026-06-01,36.385,-0.026618512573568842
ARKX,2026-06-02,36.66,0.00755805963996159
ARKX,2026-06-03,35.84,-0.02236770321876691
ARKX,2026-06-04,36.36,0.014508928571428381
ARKX,2026-06-05,34.04,-0.06380638063806376
ARKX,2026-06-08,34.37,0.009694477085781417
ARKX,2026-06-09,33.7,-0.019493744544660907
ARKX,2026-06-10,32.7,-0.029673590504451064
ARKX,2026-06-11,34.45,0.05351681957186538
ARKX,2026-06-12,33.78,-0.01944847605224964
ARKX,2026-06-15,35.18,0.0414446417998815
ARKX,2026-06-16,34.75,-0.012222853894258146
ARKX,2026-06-17,34.51,-0.0069064748201439485
ARKX,2026-06-18,34.56,0.0014488554042306756
ARKX,2026-06-19,34.56,0.0
ARKX,2026-06-22,33.36,-0.03472222222222232
ARKX,2026-06-23,32.8,-0.016786570743405393
ARKX,2026-06-24,32.18,-0.01890243902439015
ARKX,2026-06-25,31.92,-0.008079552517091249
ARKX,2026-06-26,31.93,0.00031328320801993215
ARKX,2026-06-29,33.13,0.037582211086752304
ARKX,2026-06-30,34.12,0.029882281919709985
ARKX,2026-07-01,33.83,-0.008499413833528702
ARKX,2026-07-02,33.87,0.0011823825007388766
ARKX,2026-07-03,33.87,0.0
ARKX,2026-07-06,34.07,0.005904930617065318
ARKX,2026-07-07,32.6,-0.04314646316407389
ARKX,2026-07-08,32.3,-0.00920245398773023
ARKX,2026-07-09,32.315,0.0004643962848296379
ARKX,2026-07-10,32.05,-0.008200526071483805
ARKX,2026-07-13,31.3,-0.023400936037441422
ARKX,2026-07-14,31.74,0.014057507987220275
ARKX,2026-07-15,31.565,-0.0055135475740389905
ARKX,2026-07-16,30.77,-0.02518612387137653
ARKX,2026-07-17,30.3,-0.015274618134546558
ARKX,2026-07-20,30.48,0.005940594059405946
ARKX,2026-07-21,31.18,0.02296587926509175
ARKX,2026-07-22,30.95,-0.0073765234124438805
ARKX,2026-07-23,30.94,-0.0003231017770597422
ARKX,2026-07-24,30.37,-0.01842275371687141
ARKX,2026-07-27,30.72,0.011524530786960696
ARKX,2026-07-28,30.57,-0.0048828125
ARKX,2026-07-29,29.52,-0.034347399411187474
ARKX,2026-07-30,30.35,0.028116531165311764
ARKX,2026-07-31,30.6,0.008237232289950658
ARKX,2026-08-03,31.59,0.03235294117647047
ARKX,2026-08-04,33.2,0.05096549540993989
ARKX,2026-08-05,32.58,-0.01867469879518091
ARKX,2026-08-06,33.01,0.01319828115408228
ARKX,2026-08-07,34.27,0.038170251438958136
ARKX,2026-08-10,34.41,0.004085205719287721
ARKX,2026-08-11,34.41,0.0
ARKX,2026-08-12,34.69,0.008137169427492097
ARKX,2026-08-13,34.85,0.004612280196022001
ARKX,2026-08-14,34.86,0.0002869440459110084
ARKX,2026-08-17,34.7,-0.004589787722317773
ARKX,2026-08-18,33.98,-0.02074927953890504
ARKX,2026-08-19,33.64,-0.010005885815185245
ARKX,2026-08-20,32.92,-0.021403091557669396
ARKX,2026-08-21,33.25,0.010024301336573505
ARKX,2026-08-24,32.45,-0.02406015037593978
ARKX,2026-08-25,32.49,0.0012326656394452407
ARKX,2026-08-26,32.45,-0.001231148045552466
ARKX,2026-08-27,32.82,0.011402157164869031
ARKX,2026-08-28,32.35,-0.014320536258379035
ARKX,2026-08-31,32.38,0.0009273570324574987
ARKX,2026-09-01,31.83,-0.01698579369981479
ARKX,2026-09-02,31.85,0.0006283380458687038
ARKX,2026-09-03,32.35,0.01569858712715866
ARKX,2026-09-04,32.35,0.0
ASML,2026-05-11,1563.7876,
ASML,2026-05-12,1518.9755,-0.028656129515287176
ASML,2026-05-13,1579.5371,0.0398700308201152
ASML,2026-05-14,1582.4634,0.001852631381687786
ASML,2026-05-15,1499.8702,-0.05219280268978099
ASML,2026-05-18,1470.4883,-0.01958962848918533
ASML,2026-05-19,1457.5549,-0.0087953096940655
ASML,2026-05-20,1548.1278,0.06214030085590583
ASML,2026-05-21,1589.9437,0.027010625350181172
ASML,2026-05-22,1630.7909,0.02569097257972075
ASML,2026-05-25,1630.7909,0.0
ASML,2026-05-26,1629.922,-0.0005328089579110795
ASML,2026-05-27,1595.8062,-0.020930940253582664
ASML,2026-05-28,1603.6959,0.004944021398086917
ASML,2026-05-29,1610.6769,0.004353069681103605
ASML,2026-06-01,1626.4664,0.009803021326002748
ASML,2026-06-02,1703.1672,0.04715793698535675
ASML,2026-06-03,1724.1301,0.012308186771093244
ASML,2026-06-04,1755.2,0.0180206238496734
ASML,2026-06-05,1639.6195,-0.06585033044667277
ASML,2026-06-08,1746.7809,0.06535748080575998
ASML,2026-06-09,1775.4738,0.01642615854111984
ASML,2026-06-10,1731.95,-0.024513907217329822
ASML,2026-06-11,1897.0265,0.09531250902162292
ASML,2026-06-12,1861.1431,-0.01891560291856753
ASML,2026-06-15,1890.2155,0.015620722554864352
ASML,2026-06-16,1801.5601,-0.04690227119606205
ASML,2026-06-17,1865.4174,0.03544555632643065
ASML,2026-06-18,1927.1876,0.033113339674005315
ASML,2026-06-19,1927.1876,0.0
ASML,2026-06-22,1926.7582,-0.00022281172834448526
ASML,2026-06-23,1776.1628,-0.07815998914653632
ASML,2026-06-24,1760.4932,-0.008822164274581268
ASML,2026-06-25,1838.8019,0.044481114723987636
ASML,2026-06-26,1792.302,-0.025288150942197718
ASML,2026-06-29,1880.6777,0.04930848707416491
ASML,2026-06-30,1986.8704,0.05646512424749872
ASML,2026-07-01,1840.6595,-0.07358854407413795
ASML,2026-07-02,1767.0347,-0.03999914161201468
ASML,2026-07-03,1767.0347,0.0
ASML,2026-07-06,1822.7126,0.03150922842658388
ASML,2026-07-07,1745.0232,-0.04262295657582005
ASML,2026-07-08,1766.3656,0.012230439113932734
ASML,2026-07-09,1801.9196,0.020128335832627187
ASML,2026-07-10,1794.9984,-0.003841014882129068
ASML,2026-07-13,1723.8107,-0.03965892114444225
ASML,2026-07-14,1773.3466,0.02873627597276207
ASML,2026-07-15,1812.9254,0.022318705209686485
ASML,2026-07-16,1782.5646,-0.01674685566212497
ASML,2026-07-17,1745.3228,-0.020892258266544728
ASML,2026-07-20,1736.7738,-0.004898234297976312
ASML,2026-07-21,1799.1831,0.03593404046053661
ASML,2026-07-22,1799.5326,0.0001942548259818988
ASML,2026-07-23,1800.6711,0.0006326642818252903
ASML,2026-07-24,1754.8204,-0.025463117612094743
ASML,2026-07-27,1653.1221,-0.05795368004611756
ASML,2026-07-28,1582.95,-0.04244822569367379
ASML,2026-07-29,1550.6899,-0.02037973404087301
ASML,2026-07-30,1651.4399,0.06497108158117237
ASML,2026-07-31,1629.0,-0.01358808152812585
ASML,2026-08-03,1642.52,0.008299570288520464
ASML,2026-08-04,1711.89,0.04223388451891008
ASML,2026-08-05,1678.22,-0.019668319810268176
ASML,2026-08-06,1704.37,0.015581985675298782
ASML,2026-08-07,1740.99,0.021485944953267166
ASML,2026-08-10,1733.48,-0.00431363764295023
ASML,2026-08-11,1799.38,0.03801601402958221
ASML,2026-08-12,1810.0699,0.005940879636319174
ASML,2026-08-13,1847.9,0.020899800609910146
ASML,2026-08-14,1844.08,-0.0020672114291899746
ASML,2026-08-17,1883.12,0.021170448136740294
ASML,2026-08-18,1802.98,-0.042557033009048784
ASML,2026-08-19,1751.73,-0.028425162786054226
ASML,2026-08-20,1750.3101,-0.0008105701221079453
ASML,2026-08-21,1763.76,0.007684295485697046
ASML,2026-08-24,1740.13,-0.01339751440105219
ASML,2026-08-25,1744.16,0.00231591892559746
ASML,2026-08-26,1745.64,0.0008485460049536542
ASML,2026-08-27,1735.01,-0.006089457161843281
ASML,2026-08-28,1696.16,-0.022391801776358577
ASML,2026-08-31,1696.01,-8.843505329692025e-05
ASML,2026-09-01,1665.14,-0.01820154362297388
ASML,2026-09-02,1682.3,0.010305439782841042
ASML,2026-09-03,1646.1899,-0.021464720917791058
ASML,2026-09-04,1646.1899,0.0
BTC-USD,2026-05-11,81728.2969,
BTC-USD,2026-05-12,80477.4922,-0.015304426342450883
BTC-USD,2026-05-13,79277.1172,-0.014915661102073985
BTC-USD,2026-05-14,81051.25,0.02237887630959423
BTC-USD,2026-05-15,79065.6797,-0.024497713483752626
BTC-USD,2026-05-18,76954.1719,-0.026705743984137165
BTC-USD,2026-05-19,76750.9062,-0.002641386359977238
BTC-USD,2026-05-20,77457.7734,0.00920988734853534
BTC-USD,2026-05-21,77539.1719,0.0010508758053195955
BTC-USD,2026-05-22,75488.2422,-0.02645023992060469
BTC-USD,2026-05-25,77279.9297,0.023734656521118502
BTC-USD,2026-05-26,75825.7344,-0.018817244084527007
BTC-USD,2026-05-27,74344.7031,-0.019532040298972708
BTC-USD,2026-05-28,73536.5547,-0.010870288888140123
BTC-USD,2026-05-29,73372.5234,-0.002230608989898575
BTC-USD,2026-06-01,71319.7734,-0.027977094215625664
BTC-USD,2026-06-02,66703.6562,-0.06472422695611102
BTC-USD,2026-06-03,64014.3672,-0.040316965413958794
BTC-USD,2026-06-04,63801.5742,-0.0033241443961348205
BTC-USD,2026-06-05,60922.668,-0.04512280827077153
BTC-USD,2026-06-08,63090.5898,0.03558481384958401
BTC-USD,2026-06-09,61643.7812,-0.022932240839504736
BTC-USD,2026-06-10,61449.2891,-0.0031550968518458955
BTC-USD,2026-06-11,63561.0547,0.03436598910954691
BTC-USD,2026-06-12,63543.1992,-0.0002809188753124525
BTC-USD,2026-06-15,66289.5,0.043219429216273975
BTC-USD,2026-06-16,65600.6406,-0.010391681940578823
BTC-USD,2026-06-17,64418.4453,-0.018021093836696478
BTC-USD,2026-06-18,62896.4727,-0.023626347902562683
BTC-USD,2026-06-19,63540.8359,0.010244822520866004
BTC-USD,2026-06-22,63952.1055,0.006472524230673571
BTC-USD,2026-06-23,62668.0195,-0.020078869803590638
BTC-USD,2026-06-24,60995.1328,-0.02669442425893165
BTC-USD,2026-06-25,59721.6758,-0.020878010122145407
BTC-USD,2026-06-26,60016.4297,0.004935459296003364
BTC-USD,2026-06-29,60138.3789,0.002031930266588322
BTC-USD,2026-06-30,58558.8594,-0.02626475021261343
BTC-USD,2026-07-01,60003.7578,0.024674292067922377
BTC-USD,2026-07-02,61485.3008,0.024690836946215322
BTC-USD,2026-07-03,62544.1992,0.01722197641098644
BTC-USD,2026-07-06,63995.0156,0.02319665802036508
BTC-USD,2026-07-07,63297.3945,-0.010901178684922352
BTC-USD,2026-07-08,62257.5742,-0.016427537155577543
BTC-USD,2026-07-09,63193.1484,0.015027475966129078
BTC-USD,2026-07-10,64127.1406,0.014779959910970364
BTC-USD,2026-07-13,62239.1211,-0.029441816403084742
BTC-USD,2026-07-14,64956.1133,0.04365409009607624
BTC-USD,2026-07-15,64712.375,-0.00375235351404557
BTC-USD,2026-07-16,63789.2812,-0.014264563771612448
BTC-USD,2026-07-17,63899.4609,0.0017272447333989138
BTC-USD,2026-07-20,65230.0273,0.020822811041900424
BTC-USD,2026-07-21,66505.125,0.019547710659933992
BTC-USD,2026-07-22,66100.7969,-0.0060796532598051956
BTC-USD,2026-07-23,65044.8125,-0.015975365646461737
BTC-USD,2026-07-24,64098.4961,-0.014548683647908178
BTC-USD,2026-07-27,63724.8984,-0.005828494001125173
BTC-USD,2026-07-28,63871.3633,0.0022983936212912504
BTC-USD,2026-07-29,63908.168,0.0005762316333710604
BTC-USD,2026-07-30,64725.3086,0.012786168428423617
BTC-USD,2026-07-31,62813.7461,-0.02953346289645964
BTC-USD,2026-08-03,63460.8984,0.010302717799535843
BTC-USD,2026-08-04,64055.9531,0.009376714086984927
BTC-USD,2026-08-05,64597.5,0.008454279013764276
BTC-USD,2026-08-06,64262.1133,-0.005191945508727147
BTC-USD,2026-08-07,64880.1914,0.00961807927346836
BTC-USD,2026-08-10,63910.5859,-0.014944553631511148
BTC-USD,2026-08-11,63551.875,-0.005612699288366274
BTC-USD,2026-08-12,63402.4336,-0.0023514868758790497
BTC-USD,2026-08-13,63402.1719,-4.127601814896131e-06
BTC-USD,2026-08-14,62975.5938,-0.0067281307125063305
BTC-USD,2026-08-17,64506.2539,0.024305608056053085
BTC-USD,2026-08-18,64680.7109,0.0027044974626870832
BTC-USD,2026-08-19,69266.1875,0.07089403527257776
BTC-USD,2026-08-20,73032.7578,0.054378195710569566
BTC-USD,2026-08-21,78335.1875,0.07260344343726799
BTC-USD,2026-08-24,78964.4844,0.008033387294821948
BTC-USD,2026-08-25,78564.9766,-0.005059335257307174
BTC-USD,2026-08-26,79027.4219,0.005886150801704737
BTC-USD,2026-08-27,80257.5391,0.015565700745705291
BTC-USD,2026-08-28,77830.2891,-0.03024326471031802
BTC-USD,2026-08-31,78548.6328,0.009229616236900329
BTC-USD,2026-09-01,77403.625,-0.014577055757487467
BTC-USD,2026-09-02,77300.4766,-0.001332604254645764
BTC-USD,2026-09-03,81271.7422,0.05137439993481219
BTC-USD,2026-09-04,81271.7422,0.0
CASH,2026-05-11,100.0,
CASH,2026-05-12,100.0,0.0
CASH,2026-05-13,100.0,0.0
CASH,2026-05-14,100.0,0.0
CASH,2026-05-15,100.0,0.0
CASH,2026-05-18,100.0,0.0
CASH,2026-05-19,100.0,0.0
CASH,2026-05-20,100.0,0.0
CASH,2026-05-21,100.0,0.0
CASH,2026-05-22,100.0,0.0
CASH,2026-05-25,100.0,0.0
CASH,2026-05-26,100.0,0.0
CASH,2026-05-27,100.0,0.0
CASH,2026-05-28,100.0,0.0
CASH,2026-05-29,100.0,0.0
CASH,2026-06-01,100.0,0.0
CASH,2026-06-02,100.0,0.0
CASH,2026-06-03,100.0,0.0
CASH,2026-06-04,100.0,0.0
CASH,2026-06-05,100.0,0.0
CASH,2026-06-08,100.0,0.0
CASH,2026-06-09,100.0,0.0
CASH,2026-06-10,100.0,0.0
CASH,2026-06-11,100.0,0.0
CASH,2026-06-12,100.0,0.0
CASH,2026-06-15,100.0,0.0
CASH,2026-06-16,100.0,0.0
CASH,2026-06-17,100.0,0.0
CASH,2026-06-18,100.0,0.0
CASH,2026-06-19,100.0,0.0
CASH,2026-06-22,100.0,0.0
CASH,2026-06-23,100.0,0.0
CASH,2026-06-24,100.0,0.0
CASH,2026-06-25,100.0,0.0
CASH,2026-06-26,100.0,0.0
CASH,2026-06-29,100.0,0.0
CASH,2026-06-30,100.0,0.0
CASH,2026-07-01,100.0,0.0
CASH,2026-07-02,100.0,0.0
CASH,2026-07-03,100.0,0.0
CASH,2026-07-06,100.0,0.0
CASH,2026-07-07,100.0,0.0
CASH,2026-07-08,100.0,0.0
CASH,2026-07-09,100.0,0.0
CASH,2026-07-10,100.0,0.0
CASH,2026-07-13,100.0,0.0
CASH,2026-07-14,100.0,0.0
CASH,2026-07-15,100.0,0.0
CASH,2026-07-16,100.0,0.0
CASH,2026-07-17,100.0,0.0
CASH,2026-07-20,100.0,0.0
CASH,2026-07-21,100.0,0.0
CASH,2026-07-22,100.0,0.0
CASH,2026-07-23,100.0,0.0
CASH,2026-07-24,100.0,0.0
CASH,2026-07-27,100.0,0.0
CASH,2026-07-28,100.0,0.0
CASH,2026-07-29,100.0,0.0
CASH,2026-07-30,100.0,0.0
CASH,2026-07-31,100.0,0.0
CASH,2026-08-03,100.0,0.0
CASH,2026-08-04,100.0,0.0
CASH,2026-08-05,100.0,0.0
CASH,2026-08-06,100.0,0.0
CASH,2026-08-07,100.0,0.0
CASH,2026-08-10,100.0,0.0
CASH,2026-08-11,100.0,0.0
CASH,2026-08-12,100.0,0.0
CASH,2026-08-13,100.0,0.0
CASH,2026-08-14,100.0,0.0
CASH,2026-08-17,100.0,0.0
CASH,2026-08-18,100.0,0.0
CASH,2026-08-19,100.0,0.0
CASH,2026-08-20,100.0,0.0
CASH,2026-08-21,100.0,0.0
CASH,2026-08-24,100.0,0.0
CASH,2026-08-25,100.0,0.0
CASH,2026-08-26,100.0,0.0
CASH,2026-08-27,100.0,0.0
CASH,2026-08-28,100.0,0.0
CASH,2026-08-31,100.0,0.0
CASH,2026-09-01,100.0,0.0
CASH,2026-09-02,100.0,0.0
CASH,2026-09-03,100.0,0.0
CASH,2026-09-04,100.0,0.0
CRWD,2026-05-11,135.565,
CRWD,2026-05-12,136.545,0.00722900453656905
CRWD,2026-05-13,140.6425,0.030008422131898138
CRWD,2026-05-14,144.9875,0.030893933199424017
CRWD,2026-05-15,148.52,0.024364169324941898
CRWD,2026-05-18,154.7075,0.0416610557500674
CRWD,2026-05-19,154.22,-0.0031511077355655948
CRWD,2026-05-20,162.5275,0.05386785112177406
CRWD,2026-05-21,162.0575,-0.0028918183076710458
CRWD,2026-05-22,165.865,0.023494747234777735
CRWD,2026-05-25,165.865,0.0
CRWD,2026-05-26,167.8875,0.012193651463539457
CRWD,2026-05-27,161.34,-0.0389993299084207
CRWD,2026-05-28,167.75,0.03972976323292432
CRWD,2026-05-29,182.75,0.08941877794336817
CRWD,2026-06-01,195.5425,0.06999999999999984
CRWD,2026-06-02,192.2375,-0.016901696562128365
CRWD,2026-06-03,186.9025,-0.027752129527277458
CRWD,2026-06-04,179.7725,-0.038148232367143264
CRWD,2026-06-05,167.755,-0.0668483778108443
CRWD,2026-06-08,164.6975,-0.018225984322374877
CRWD,2026-06-09,161.2325,-0.02103857071297377
CRWD,2026-06-10,161.935,0.004357062006729473
CRWD,2026-06-11,172.8825,0.06760428567017618
CRWD,2026-06-12,170.7,-0.012624181163507053
CRWD,2026-06-15,173.2275,0.014806678383128213
CRWD,2026-06-16,169.8725,-0.01936759463711013
CRWD,2026-06-17,170.74,0.005106771254911768
CRWD,2026-06-18,171.215,0.002782007731052971
CRWD,2026-06-19,171.215,0.0
CRWD,2026-06-22,168.86,-0.013754635983996621
CRWD,2026-06-23,170.23,0.008113229894587182
CRWD,2026-06-24,168.255,-0.01160195030253186
CRWD,2026-06-25,169.6625,0.008365278892157768
CRWD,2026-06-26,175.2725,0.03306564503057552
CRWD,2026-06-29,185.7275,0.05964997361251756
CRWD,2026-06-30,190.785,0.02723075473475922
CRWD,2026-07-01,193.185,0.012579605314883224
CRWD,2026-07-02,193.98,0.00411522633744843
CRWD,2026-07-03,193.98,0.0
CRWD,2026-07-06,199.38,0.027837921435199586
CRWD,2026-07-07,194.62,-0.02387400942923057
CRWD,2026-07-08,191.12,-0.017983763230911554
CRWD,2026-07-09,198.4,0.038091251569694506
CRWD,2026-07-10,187.18,-0.05655241935483868
CRWD,2026-07-13,187.91,0.0038999893150977183
CRWD,2026-07-14,210.73,0.12144111542759828
CRWD,2026-07-15,206.77,-0.018791818915199432
CRWD,2026-07-16,203.76,-0.014557237510277266
CRWD,2026-07-17,203.08,-0.0033372595210049427
CRWD,2026-07-20,198.49,-0.022601930273783766
CRWD,2026-07-21,191.15,-0.03697919290644369
CRWD,2026-07-22,188.42,-0.014281977504577603
CRWD,2026-07-23,183.42,-0.026536461097548036
CRWD,2026-07-24,183.28,-0.0007632755424707982
CRWD,2026-07-27,180.11,-0.01729594063727624
CRWD,2026-07-28,181.8,0.009383154738770827
CRWD,2026-07-29,179.38,-0.013311331133113447
CRWD,2026-07-30,185.22,0.032556583788605264
CRWD,2026-07-31,190.86,0.030450275348234523
CRWD,2026-08-03,202.54,0.061196688672325195
CRWD,2026-08-04,211.22,0.04285573220104677
CRWD,2026-08-05,209.86,-0.006438784206041048
CRWD,2026-08-06,207.39,-0.011769751262746708
CRWD,2026-08-07,214.42,0.03389748782487101
CRWD,2026-08-10,225.16,0.0500886111370209
CRWD,2026-08-11,221.9,-0.014478593000532891
CRWD,2026-08-12,221.78,-0.000540784136998651
CRWD,2026-08-13,225.53,0.01690864820993787
CRWD,2026-08-14,216.95,-0.03804371923912564
CRWD,2026-08-17,213.9,-0.014058538833832568
CRWD,2026-08-18,212.92,-0.0045815801776531995
CRWD,2026-08-19,201.63,-0.05302461018222804
CRWD,2026-08-20,190.34,-0.055993651738332595
CRWD,2026-08-21,191.95,0.008458547861720955
CRWD,2026-08-24,190.68,-0.0066163063297732805
CRWD,2026-08-25,185.38,-0.027795259072792122
CRWD,2026-08-26,189.18,0.020498435645700752
CRWD,2026-08-27,227.96,0.2049899566550375
CRWD,2026-08-28,218.4,-0.04193718196174767
CRWD,2026-08-31,231.0,0.05769230769230771
CRWD,2026-09-01,215.07,-0.068961038961039
CRWD,2026-09-02,203.42,-0.054168410285023505
CRWD,2026-09-03,214.97,0.056779077770130915
CRWD,2026-09-04,214.97,0.0
DLR,2026-05-11,194.9403,
DLR,2026-05-12,193.9767,-0.004943051795857523
DLR,2026-05-13,192.0297,-0.010037287983556853
DLR,2026-05-14,191.5628,-0.002431394726961411
DLR,2026-05-15,187.2615,-0.02245373318828081
DLR,2026-05-18,187.2515,-5.340125973585241e-05
DLR,2026-05-19,185.0462,-0.011777208727299926
DLR,2026-05-20,189.3873,0.023459546859108782
DLR,2026-05-21,192.9833,0.01898754562739957
DLR,2026-05-22,190.7581,-0.011530531398312727
DLR,2026-05-25,190.7581,0.0
DLR,2026-05-26,192.3873,0.008540659610260404
DLR,2026-05-27,190.4403,-0.010120210637604488
DLR,2026-05-28,190.1621,-0.0014608252559988877
DLR,2026-05-29,188.7416,-0.0074699427488442716
DLR,2026-06-01,183.7747,-0.02631587313024797
DLR,2026-06-02,186.0197,0.012216044972458207
DLR,2026-06-03,182.2846,-0.020079056142978335
DLR,2026-06-04,187.4502,0.028338104261138808
DLR,2026-06-05,185.5528,-0.01012215511106418
DLR,2026-06-08,180.9436,-0.0248403688869151
DLR,2026-06-09,183.7052,0.015262214303241484
DLR,2026-06-10,179.5827,-0.022440845441500823
DLR,2026-06-11,181.629,0.011394750162460054
DLR,2026-06-12,182.98,0.007438239488187559
DLR,2026-06-15,184.9,0.010492950049185712
DLR,2026-06-16,190.45,0.030016224986479045
DLR,2026-06-17,187.08,-0.017694933053294726
DLR,2026-06-18,188.15,0.0057194782980543035
DLR,2026-06-19,188.15,0.0
DLR,2026-06-22,195.54,0.039277172468774824
DLR,2026-06-23,195.0,-0.0027615833077631047
DLR,2026-06-24,193.02,-0.010153846153846069
DLR,2026-06-25,192.44,-0.003004869961662049
DLR,2026-06-26,193.0,0.0029099979214299854
DLR,2026-06-29,190.58,-0.012538860103626925
DLR,2026-06-30,179.58,-0.0577185433938503
DLR,2026-07-01,176.32,-0.018153469205925088
DLR,2026-07-02,173.3,-0.01712794918330296
DLR,2026-07-03,173.3,0.0
DLR,2026-07-06,173.7,0.002308136180034559
DLR,2026-07-07,174.9,0.006908462867012188
DLR,2026-07-08,176.3,0.008004574042310031
DLR,2026-07-09,179.33,0.01718661372660235
DLR,2026-07-10,180.41,0.006022416773545869
DLR,2026-07-13,177.92,-0.013801895682057586
DLR,2026-07-14,173.11,-0.02703462230215814
DLR,2026-07-15,176.07,0.017098954422043677
DLR,2026-07-16,173.6,-0.014028511387516374
DLR,2026-07-17,173.88,0.001612903225806539
DLR,2026-07-20,176.25,0.013630089717046268
DLR,2026-07-21,179.31,0.01736170212765953
DLR,2026-07-22,178.41,-0.005019240421616278
DLR,2026-07-23,179.34,0.005212712291911892
DLR,2026-07-24,199.08,0.11007025761124134
DLR,2026-07-27,195.76,-0.01667671287924466
DLR,2026-07-28,193.18,-0.013179403351042063
DLR,2026-07-29,188.18,-0.025882596542085134
DLR,2026-07-30,193.19,0.026623445637155907
DLR,2026-07-31,188.52,-0.024173093845437088
DLR,2026-08-03,191.22,0.01432208784213862
DLR,2026-08-04,193.89,0.013962974584248444
DLR,2026-08-05,194.93,0.005363866109650006
DLR,2026-08-06,192.56,-0.012158210639716893
DLR,2026-08-07,193.8,0.006439551308683011
DLR,2026-08-10,191.3,-0.012899896800825594
DLR,2026-08-11,190.81,-0.0025614218504966813
DLR,2026-08-12,197.06,0.03275509669304544
DLR,2026-08-13,197.58,0.0026387902161779664
DLR,2026-08-14,200.15,0.01300738941188384
DLR,2026-08-17,197.91,-0.0111916062952786
DLR,2026-08-18,195.25,-0.013440452731039332
DLR,2026-08-19,192.35,-0.014852752880921916
DLR,2026-08-20,194.3,0.010137769690668152
DLR,2026-08-21,190.62,-0.01893978383942363
DLR,2026-08-24,188.55,-0.01085930122757317
DLR,2026-08-25,192.32,0.019994696367011233
DLR,2026-08-26,193.43,0.005771630615640566
DLR,2026-08-27,192.1,-0.006875872408623307
DLR,2026-08-28,185.47,-0.03451327433628315
DLR,2026-08-31,185.59,0.000647004906453974
DLR,2026-09-01,183.27,-0.012500673527668482
DLR,2026-09-02,183.76,0.0026736508975826467
DLR,2026-09-03,187.79,0.021930779277318235
DLR,2026-09-04,187.79,0.0
EQIX,2026-05-11,1075.734,
EQIX,2026-05-12,1070.198,-0.005146253627755448
EQIX,2026-05-13,1066.8804,-0.003099987105189994
EQIX,2026-05-14,1069.2573,0.0022278973350715603
EQIX,2026-05-15,1049.2125,-0.018746470096580037
EQIX,2026-05-18,1052.3619,0.003001679831301951
EQIX,2026-05-19,1038.309,-0.013353676145060112
EQIX,2026-05-20,1059.9952,0.020886075339807464
EQIX,2026-05-21,1073.2917,0.012543924727206335
EQIX,2026-05-22,1074.6553,0.0012704840631860836
EQIX,2026-05-25,1074.6553,0.0
EQIX,2026-05-26,1072.5055,-0.0020004554018390186
EQIX,2026-05-27,1065.1306,-0.006876328373141227
EQIX,2026-05-28,1064.3544,-0.0007287369267205968
EQIX,2026-05-29,1062.9611,-0.0013090564571348606
EQIX,2026-06-01,1045.7732,-0.016169829733185814
EQIX,2026-06-02,1066.7032,0.020013899763351883
EQIX,2026-06-03,1071.8784,0.004851583833253903
EQIX,2026-06-04,1083.9707,0.011281410279375015
EQIX,2026-06-05,1075.8096,-0.007528893539281101
EQIX,2026-06-08,1057.6863,-0.016846196576048356
EQIX,2026-06-09,1054.8,-0.002728880954589341
EQIX,2026-06-10,1033.3923,-0.020295506257110296
EQIX,2026-06-11,1038.2194,0.004671120541540619
EQIX,2026-06-12,1050.829,0.012145409727462253
EQIX,2026-06-15,1059.3185,0.008078859643196212
EQIX,2026-06-16,1089.4745,0.02846735896710939
EQIX,2026-06-17,1083.3438,-0.0056272083467763245
EQIX,2026-06-18,1086.9962,0.0033714135808040613
EQIX,2026-06-19,1086.9962,0.0
EQIX,2026-06-22,1110.6332,0.021745246211532177
EQIX,2026-06-23,1110.6234,-8.823795290879843e-06
EQIX,2026-06-24,1089.7928,-0.018755772658850867
EQIX,2026-06-25,1082.438,-0.0067488058280434915
EQIX,2026-06-26,1086.1105,0.0033928040220316813
EQIX,2026-06-29,1080.0096,-0.0056172000915191145
EQIX,2026-06-30,1037.4331,-0.0394223347644318
EQIX,2026-07-01,1008.7999,-0.02760004476433231
EQIX,2026-07-02,997.2551,-0.011444093124910126
EQIX,2026-07-03,997.2551,0.0
EQIX,2026-07-06,994.0901,-0.0031737115207532973
EQIX,2026-07-07,1018.0656,0.024118035176087238
EQIX,2026-07-08,1011.1387,-0.0068039819830864046
EQIX,2026-07-09,1029.9489,0.018602986909708852
EQIX,2026-07-10,1046.2111,0.015789327023894018
EQIX,2026-07-13,1034.5867,-0.011110950744070647
EQIX,2026-07-14,1018.6727,-0.015381987802472352
EQIX,2026-07-15,1017.7371,-0.0009184500576091548
EQIX,2026-07-16,1004.3412,-0.013162436546727108
EQIX,2026-07-17,1015.1495,0.010761581820998734
EQIX,2026-07-20,1012.4723,-0.0026372470261769587
EQIX,2026-07-21,1022.9921,0.010390210181552728
EQIX,2026-07-22,1023.848,0.0008366633525320744
EQIX,2026-07-23,1028.6351,0.004675596377587299
EQIX,2026-07-24,1079.084,0.04904450567553065
EQIX,2026-07-27,1041.8121,-0.034540313821722846
EQIX,2026-07-28,1029.9388,-0.011396776827606647
EQIX,2026-07-29,1003.2265,-0.025935812885192755
EQIX,2026-07-30,1042.5486,0.039195635282760266
EQIX,2026-07-31,1014.433,-0.026968143259700428
EQIX,2026-08-03,1026.535,0.011929816951932848
EQIX,2026-08-04,1046.5297,0.019477855114535814
EQIX,2026-08-05,1051.1774,0.004441058863403402
EQIX,2026-08-06,1047.8533,-0.00316226357225724
EQIX,2026-08-07,1037.662,-0.009725884338962265
EQIX,2026-08-10,1038.4183,0.0007288500494380123
EQIX,2026-08-11,1027.4906,-0.010523408533921197
EQIX,2026-08-12,1064.0857,0.0356159949297834
EQIX,2026-08-13,1068.6738,0.004311776767604192
EQIX,2026-08-14,1096.8591,0.026374090952730356
EQIX,2026-08-17,1092.3904,-0.004074087546887206
EQIX,2026-08-18,1079.9299,-0.011406636308777474
EQIX,2026-08-19,1077.08,-0.0026389675848406124
EQIX,2026-08-20,1082.61,0.0051342518661565695
EQIX,2026-08-21,1065.39,-0.01590600493252403
EQIX,2026-08-24,1055.2,-0.009564572597828058
EQIX,2026-08-25,1073.4399,0.0172857278241092
EQIX,2026-08-26,1079.61,0.005747969681395126
EQIX,2026-08-27,1076.45,-0.0029269828919701313
EQIX,2026-08-28,1044.41,-0.029764503692693567
EQIX,2026-08-31,1046.72,0.0022117750691776905
EQIX,2026-09-01,1027.59,-0.018276138795475516
EQIX,2026-09-02,1019.24,-0.00812580893157766
EQIX,2026-09-03,1040.83,0.021182449668380343
EQIX,2026-09-04,1040.83,0.0
ETH-USD,2026-05-11,2339.3608,
ETH-USD,2026-05-12,2274.6436,-0.027664479972478007
ETH-USD,2026-05-13,2257.5764,-0.007503241386914383
ETH-USD,2026-05-14,2280.9348,0.01034667088121588
ETH-USD,2026-05-15,2223.3289,-0.025255390903764607
ETH-USD,2026-05-18,2128.5161,-0.042644522814415886
ETH-USD,2026-05-19,2109.9639,-0.008716025215876777
ETH-USD,2026-05-20,2126.9834,0.008066251749615283
ETH-USD,2026-05-21,2131.4106,0.0020814454875388577
ETH-USD,2026-05-22,2064.637,-0.03132836066405975
ETH-USD,2026-05-25,2111.3704,0.022635165406800217
ETH-USD,2026-05-26,2070.8582,-0.019187632828422507
ETH-USD,2026-05-27,2022.1982,-0.023497504561152516
ETH-USD,2026-05-28,2007.5527,-0.0072423662527244526
ETH-USD,2026-05-29,2011.9785,0.0022045747541272753
ETH-USD,2026-06-01,2003.2212,-0.004352581302434433
ETH-USD,2026-06-02,1857.7163,-0.07263546332277226
ETH-USD,2026-06-03,1811.7323,-0.024752972238010762
ETH-USD,2026-06-04,1769.5806,-0.023265964844806253
ETH-USD,2026-06-05,1580.8608,-0.10664662575979877
ETH-USD,2026-06-08,1690.1486,0.06913182994986022
ETH-USD,2026-06-09,1637.7067,-0.031027981799943483
ETH-USD,2026-06-10,1620.1377,-0.01072780614501967
ETH-USD,2026-06-11,1672.2806,0.032184239648271884
ETH-USD,2026-06-12,1665.1278,-0.004277272606044713
ETH-USD,2026-06-15,1794.9612,0.07797203313763656
ETH-USD,2026-06-16,1790.3982,-0.002542116230701774
ETH-USD,2026-06-17,1747.8855,-0.02374482950217438
ETH-USD,2026-06-18,1709.5334,-0.02194199791691165
ETH-USD,2026-06-19,1710.9824,0.0008475997017665104
ETH-USD,2026-06-22,1726.5109,0.009075780089847774
ETH-USD,2026-06-23,1665.4368,-0.0353742915842582
ETH-USD,2026-06-24,1619.9249,-0.027327305365175025
ETH-USD,2026-06-25,1564.8167,-0.034018984460328916
ETH-USD,2026-06-26,1576.6161,0.007540435886196795
ETH-USD,2026-06-29,1610.2058,0.02130493276073997
ETH-USD,2026-06-30,1569.5839,-0.02522776902182311
ETH-USD,2026-07-01,1608.9607,0.025087413294695438
ETH-USD,2026-07-02,1698.1694,0.05544492168143078
ETH-USD,2026-07-03,1756.5187,0.0343601174299808
ETH-USD,2026-07-06,1797.5737,0.023372936479412187
ETH-USD,2026-07-07,1768.5115,-0.01616745950388565
ETH-USD,2026-07-08,1742.6776,-0.014607708233732253
ETH-USD,2026-07-09,1744.4846,0.001036910097427013
ETH-USD,2026-07-10,1795.6932,0.029354572691556058
ETH-USD,2026-07-13,1773.5007,-0.012358737004739995
ETH-USD,2026-07-14,1889.4799,0.06539563249115155
ETH-USD,2026-07-15,1916.9437,0.014535110958311837
ETH-USD,2026-07-16,1863.1934,-0.028039581965813576
ETH-USD,2026-07-17,1840.9882,-0.011917818085873444
ETH-USD,2026-07-20,1903.7589,0.03409619898704408
ETH-USD,2026-07-21,1928.3838,0.012934883718731305
ETH-USD,2026-07-22,1933.4901,0.0026479687290466014
ETH-USD,2026-07-23,1877.1002,-0.029164824790155364
ETH-USD,2026-07-24,1860.1768,-0.009015714771113514
ETH-USD,2026-07-27,1890.6135,0.016362261909728115
ETH-USD,2026-07-28,1919.9485,0.015516127436940419
ETH-USD,2026-07-29,1908.519,-0.005953024260807016
ETH-USD,2026-07-30,1917.3729,0.004639146898721025
ETH-USD,2026-07-31,1860.3459,-0.029742258274329414
ETH-USD,2026-08-03,1858.2565,-0.0011231244684121178
ETH-USD,2026-08-04,1868.3859,0.005451023580436809
ETH-USD,2026-08-05,1906.526,0.020413395326950523
ETH-USD,2026-08-06,1902.0575,-0.0023437917972271016
ETH-USD,2026-08-07,1913.2794,0.005899874215159029
ETH-USD,2026-08-10,1871.2787,-0.02195220415794985
ETH-USD,2026-08-11,1881.3735,0.005394599959909652
ETH-USD,2026-08-12,1878.135,-0.0017213487911889036
ETH-USD,2026-08-13,1883.9913,0.003118146459120341
ETH-USD,2026-08-14,1880.65,-0.0017735219902553778
ETH-USD,2026-08-17,1912.2021,0.01677723127642028
ETH-USD,2026-08-18,1916.4596,0.0022264905995030837
ETH-USD,2026-08-19,2251.458,0.17480065846418058
ETH-USD,2026-08-20,2326.3848,0.033279235055683865
ETH-USD,2026-08-21,2515.2817,0.0811976161467356
ETH-USD,2026-08-24,2481.8313,-0.013298868273879716
ETH-USD,2026-08-25,2443.1594,-0.01558200188707426
ETH-USD,2026-08-26,2506.261,0.025827868619624272
ETH-USD,2026-08-27,2510.4102,0.0016555338809485232
ETH-USD,2026-08-28,2442.5359,-0.027037135206031238
ETH-USD,2026-08-31,2466.8203,0.009942289896332834
ETH-USD,2026-09-01,2417.842,-0.019854830933570544
ETH-USD,2026-09-02,2391.501,-0.010894425690346932
ETH-USD,2026-09-03,2508.0208,0.04872245506064998
ETH-USD,2026-09-04,2508.0208,0.0
ETN,2026-05-11,417.9716,
ETN,2026-05-12,400.5445,-0.041694459623572544
ETN,2026-05-13,405.9412,0.013473409321560936
ETN,2026-05-14,407.0984,0.0028506591595041098
ETN,2026-05-15,398.4597,-0.021220176743509733
ETN,2026-05-18,380.9328,-0.043986631521330755
ETN,2026-05-19,370.9673,-0.026160782164203145
ETN,2026-05-20,378.7581,0.021001311975475945
ETN,2026-05-21,380.5737,0.004793560850579803
ETN,2026-05-22,390.3895,0.02579211332785225
ETN,2026-05-25,390.3895,0.0
ETN,2026-05-26,402.1406,0.03010096326873546
ETN,2026-05-27,405.3726,0.008036990047759263
ETN,2026-05-28,400.9535,-0.010901328802193189
ETN,2026-05-29,399.6168,-0.0033338030469867164
ETN,2026-06-01,399.0981,-0.0012979934777517244
ETN,2026-06-02,416.595,0.043841100721852655
ETN,2026-06-03,420.1762,0.008596358573674578
ETN,2026-06-04,417.5826,-0.006172648522215107
ETN,2026-06-05,394.9682,-0.0541555131846968
ETN,2026-06-08,402.1506,0.018184755127121477
ETN,2026-06-09,400.734,-0.0035225609510467493
ETN,2026-06-10,374.5385,-0.0653687982552017
ETN,2026-06-11,392.6739,0.04842065635442028
ETN,2026-06-12,390.4294,-0.005715938849004232
ETN,2026-06-15,406.0609,0.040036687810907745
ETN,2026-06-16,406.7093,0.0015968048142531721
ETN,2026-06-17,408.6346,0.0047338479842973236
ETN,2026-06-18,420.7348,0.029611295763990686
ETN,2026-06-19,420.7348,0.0
ETN,2026-06-22,434.7104,0.03321712394601062
ETN,2026-06-23,404.2853,-0.06998935383188432
ETN,2026-06-24,403.597,-0.001702510578544425
ETN,2026-06-25,418.8395,0.03776663354782128
ETN,2026-06-26,401.6917,-0.04094121972736564
ETN,2026-06-29,407.258,0.013857144670900379
ETN,2026-06-30,425.0742,0.04374671584106404
ETN,2026-07-01,411.298,-0.032408930017394644
ETN,2026-07-02,397.5419,-0.033445579604082676
ETN,2026-07-03,397.5419,0.0
ETN,2026-07-06,412.4053,0.03738826020603114
ETN,2026-07-07,394.7089,-0.042910214781429756
ETN,2026-07-08,398.5793,0.009805707446677747
ETN,2026-07-09,404.834,0.01569248578639182
ETN,2026-07-10,406.2804,0.003572822440802925
ETN,2026-07-13,401.8613,-0.010876970683301401
ETN,2026-07-14,414.5002,0.03145090109448212
ETN,2026-07-15,411.8467,-0.006401685692793424
ETN,2026-07-16,395.2974,-0.04018315552850127
ETN,2026-07-17,399.0083,0.009387615501645241
ETN,2026-07-20,400.4248,0.0035500514650947945
ETN,2026-07-21,401.961,0.003836425715889824
ETN,2026-07-22,405.9113,0.009827570336425673
ETN,2026-07-23,414.1111,0.020200965087692868
ETN,2026-07-24,403.0783,-0.026642125748380097
ETN,2026-07-27,397.6616,-0.013438331956843075
ETN,2026-07-28,385.312,-0.031055550749682692
ETN,2026-07-29,360.9918,-0.06311820031558846
ETN,2026-07-30,385.9405,0.0691115421458326
ETN,2026-07-31,414.181,0.07317319638648967
ETN,2026-08-03,437.1544,0.05546705425888687
ETN,2026-08-04,443.6784,0.014923788940474969
ETN,2026-08-05,446.1822,0.005643276751809534
ETN,2026-08-06,447.09,0.0020345948359212773
ETN,2026-08-07,448.68,0.003556330940079233
ETN,2026-08-10,444.96,-0.008290986894891716
ETN,2026-08-11,459.29,0.032205142035239165
ETN,2026-08-12,459.96,0.0014587733240436496
ETN,2026-08-13,453.33,-0.014414296895382206
ETN,2026-08-14,451.51,-0.0040147354024662185
ETN,2026-08-17,455.4,0.00861553453965569
ETN,2026-08-18,431.33,-0.052854633289415864
ETN,2026-08-19,424.67,-0.015440613915099766
ETN,2026-08-20,415.29,-0.02208773871476677
ETN,2026-08-21,419.2,0.009415107515230225
ETN,2026-08-24,408.67,-0.025119274809160208
ETN,2026-08-25,409.2,0.0012968899111751586
ETN,2026-08-26,419.44,0.025024437927663845
ETN,2026-08-27,416.04,-0.008106046156780455
ETN,2026-08-28,402.78,-0.03187193539082789
ETN,2026-08-31,401.88,-0.002234470430507951
ETN,2026-09-01,390.71,-0.02779436647755551
ETN,2026-09-02,390.85,0.00035832202912655653
ETN,2026-09-03,397.12,0.01604195983113721
ETN,2026-09-04,397.12,0.0
GD,2026-05-11,342.5225,
GD,2026-05-12,344.9419,0.007063477581764621
GD,2026-05-13,339.8642,-0.014720450023612663
GD,2026-05-14,339.1274,-0.002167924718166736
GD,2026-05-15,333.0343,-0.017966994114896218
GD,2026-05-18,341.6065,0.025739691076865023
GD,2026-05-19,338.6496,-0.00865586574025956
GD,2026-05-20,338.2613,-0.0011466129001777015
GD,2026-05-21,337.2258,-0.0030612428912205614
GD,2026-05-22,341.3875,0.012340989331184105
GD,2026-05-25,341.3875,0.0
GD,2026-05-26,343.1299,0.005103877558493064
GD,2026-05-27,341.1884,-0.0056582069939110635
GD,2026-05-28,347.4309,0.018296343017523586
GD,2026-05-29,345.3003,-0.006132442451146414
GD,2026-06-01,337.7137,-0.02197102058700784
GD,2026-06-02,336.1306,-0.004687698485433045
GD,2026-06-03,335.5631,-0.0016883318567246786
GD,2026-06-04,340.0036,0.013232980622720492
GD,2026-06-05,344.922,0.014465729186396992
GD,2026-06-08,339.3664,-0.016106829949959822
GD,2026-06-09,344.1653,0.01414076349338056
GD,2026-06-10,339.5755,-0.013336033586186735
GD,2026-06-11,357.2875,0.052159239992284556
GD,2026-06-12,358.6416,0.003789945072245615
GD,2026-06-15,357.9546,-0.0019155613849590747
GD,2026-06-16,362.5145,0.012738766312822891
GD,2026-06-17,361.2401,-0.0035154455890730185
GD,2026-06-18,348.4763,-0.03533328664231905
GD,2026-06-19,348.4763,0.0
GD,2026-06-22,341.8554,-0.018999570415549116
GD,2026-06-23,348.8049,0.02032877058545801
GD,2026-06-24,342.8112,-0.01718353153869112
GD,2026-06-25,343.1896,0.0011038145778201613
GD,2026-06-26,345.1908,0.00583117903339736
GD,2026-06-29,346.5448,0.003922468385600064
GD,2026-06-30,352.6878,0.01772642382745304
GD,2026-07-01,361.27,0.02433370249835698
GD,2026-07-02,373.54,0.0339635175907218
GD,2026-07-03,373.54,0.0
GD,2026-07-06,376.88,0.008941478824222138
GD,2026-07-07,374.64,-0.005943536404160454
GD,2026-07-08,374.31,-0.000880845611787251
GD,2026-07-09,374.6,0.0007747588896904745
GD,2026-07-10,375.06,0.0012279765082754412
GD,2026-07-13,372.78,-0.006079027355623157
GD,2026-07-14,369.5,-0.00879875529803098
GD,2026-07-15,365.63,-0.010473612990527736
GD,2026-07-16,368.82,0.008724667013100706
GD,2026-07-17,368.58,-0.0006507239303725765
GD,2026-07-20,370.6,0.005480492701720241
GD,2026-07-21,367.73,-0.007744198596869922
GD,2026-07-22,373.16,0.01476626872977449
GD,2026-07-23,381.79,0.02312680887554941
GD,2026-07-24,386.75,0.0129914350821132
GD,2026-07-27,389.14,0.006179702650290775
GD,2026-07-28,393.19,0.010407565400627039
GD,2026-07-29,380.96,-0.03110455504972154
GD,2026-07-30,382.2,0.00325493490130202
GD,2026-07-31,383.42,0.00319204604918899
GD,2026-08-03,382.43,-0.0025820249334933543
GD,2026-08-04,385.76,0.008707475877938409
GD,2026-08-05,384.08,-0.004355039402737515
GD,2026-08-06,386.92,0.007394292855655182
GD,2026-08-07,392.05,0.01325855473999793
GD,2026-08-10,395.97,0.009998724652467761
GD,2026-08-11,391.89,-0.010303810894764842
GD,2026-08-12,394.21,0.005920028579448289
GD,2026-08-13,392.96,-0.0031708987595444604
GD,2026-08-14,395.78,0.007176302931596101
GD,2026-08-17,391.14,-0.011723684875435847
GD,2026-08-18,393.48,0.005982512655315242
GD,2026-08-19,392.34,-0.00289722476364751
GD,2026-08-20,386.07,-0.015981036855788333
GD,2026-08-21,384.29,-0.0046105628512963515
GD,2026-08-24,383.77,-0.0013531447604674396
GD,2026-08-25,376.58,-0.018735179925476242
GD,2026-08-26,382.02,0.014445801688884208
GD,2026-08-27,380.06,-0.0051306214334327915
GD,2026-08-28,379.32,-0.0019470609903700087
GD,2026-08-31,371.35,-0.021011283349151033
GD,2026-09-01,369.41,-0.005224182038508163
GD,2026-09-02,364.07,-0.014455483067594366
GD,2026-09-03,365.87,0.004944104155794271
GD,2026-09-04,365.87,0.0
GOOGL,2026-05-11,388.408,
GOOGL,2026-05-12,387.1188,-0.0033191901299663984
GOOGL,2026-05-13,402.3797,0.03942174856917302
GOOGL,2026-05-14,400.8306,-0.00384984630188856
GOOGL,2026-05-15,396.5432,-0.010696289155568417
GOOGL,2026-05-18,396.7031,0.0004032347547504589
GOOGL,2026-05-19,387.4286,-0.02337894511033567
GOOGL,2026-05-20,388.6779,0.003224594157478222
GOOGL,2026-05-21,387.4286,-0.0032142295715810176
GOOGL,2026-05-22,382.7414,-0.012098229196295884
GOOGL,2026-05-25,382.7414,0.0
GOOGL,2026-05-26,388.6479,0.015432090701450019
GOOGL,2026-05-27,388.5979,-0.00012865115185234366
GOOGL,2026-05-28,389.8971,0.003343301649340047
GOOGL,2026-05-29,380.1129,-0.025094313345751962
GOOGL,2026-06-01,376.1453,-0.01043795146126325
GOOGL,2026-06-02,361.634,-0.03857897466750215
GOOGL,2026-06-03,358.7757,-0.007903847536459674
GOOGL,2026-06-04,371.9678,0.036769770081976016
GOOGL,2026-06-05,368.31,-0.009833646890940573
GOOGL,2026-06-08,363.31,-0.013575520621215809
GOOGL,2026-06-09,364.26,0.00261484682502533
GOOGL,2026-06-10,356.38,-0.02163289957722503
GOOGL,2026-06-11,357.77,0.00390033110724497
GOOGL,2026-06-12,359.68,0.005338625373843664
GOOGL,2026-06-15,369.35,0.026885008896797125
GOOGL,2026-06-16,373.25,0.010559090293759343
GOOGL,2026-06-17,363.79,-0.025344943067649006
GOOGL,2026-06-18,368.03,0.011655075730503839
GOOGL,2026-06-19,368.03,0.0
GOOGL,2026-06-22,349.68,-0.04986006575550894
GOOGL,2026-06-23,346.13,-0.010152139098604462
GOOGL,2026-06-24,345.29,-0.002426833848553911
GOOGL,2026-06-25,343.71,-0.004575863766688948
GOOGL,2026-06-26,337.39,-0.0183875941927788
GOOGL,2026-06-29,353.65,0.04819348528409262
GOOGL,2026-06-30,357.37,0.01051887459352474
GOOGL,2026-07-01,361.21,0.0107451660743767
GOOGL,2026-07-02,359.91,-0.0035990144237423305
GOOGL,2026-07-03,359.91,0.0
GOOGL,2026-07-06,366.46,0.018198994192992535
GOOGL,2026-07-07,367.03,0.001555422147028196
GOOGL,2026-07-08,361.92,-0.013922567637522754
GOOGL,2026-07-09,358.89,-0.00837201591511949
GOOGL,2026-07-10,357.18,-0.004764691130987209
GOOGL,2026-07-13,352.51,-0.013074640237415336
GOOGL,2026-07-14,359.51,0.019857592692405834
GOOGL,2026-07-15,370.92,0.03173764290283998
GOOGL,2026-07-16,354.46,-0.04437614579963345
GOOGL,2026-07-17,346.77,-0.021694972634429877
GOOGL,2026-07-20,351.99,0.015053205294575767
GOOGL,2026-07-21,347.15,-0.013750390636097731
GOOGL,2026-07-22,342.09,-0.014575831773008807
GOOGL,2026-07-23,317.69,-0.07132625917156299
GOOGL,2026-07-24,319.74,0.006452831376499102
GOOGL,2026-07-27,326.56,0.021329830487270884
GOOGL,2026-07-28,333.71,0.021894904458598763
GOOGL,2026-07-29,336.71,0.008989841479128513
GOOGL,2026-07-30,333.66,-0.009058240028511078
GOOGL,2026-07-31,356.13,0.06734400287718034
GOOGL,2026-08-03,373.51,0.048802403616656775
GOOGL,2026-08-04,377.65,0.011084040587935995
GOOGL,2026-08-05,362.43,-0.04030186680789083
GOOGL,2026-08-06,357.75,-0.012912838341196942
GOOGL,2026-08-07,354.3,-0.009643605870020888
GOOGL,2026-08-10,357.52,0.009088343211967276
GOOGL,2026-08-11,343.8,-0.03837547549787412
GOOGL,2026-08-12,343.54,-0.0007562536358347582
GOOGL,2026-08-13,346.36,0.008208651103219333
GOOGL,2026-08-14,345.9,-0.0013280979327867648
GOOGL,2026-08-17,344.0,-0.005492917028042776
GOOGL,2026-08-18,344.2,0.0005813953488371659
GOOGL,2026-08-19,344.72,0.0015107495642070479
GOOGL,2026-08-20,340.67,-0.011748665583662166
GOOGL,2026-08-21,344.82,0.012181876889658438
GOOGL,2026-08-24,348.06,0.009396206716547839
GOOGL,2026-08-25,346.96,-0.0031603746480493022
GOOGL,2026-08-26,342.0,-0.014295596034124891
GOOGL,2026-08-27,340.65,-0.003947368421052699
GOOGL,2026-08-28,346.59,0.017437252311756968
GOOGL,2026-08-31,339.35,-0.020889235119305072
GOOGL,2026-09-01,335.02,-0.012759687638131845
GOOGL,2026-09-02,337.12,0.006268282490597743
GOOGL,2026-09-03,342.48,0.015899383009017498
GOOGL,2026-09-04,342.48,0.0
HON,2026-05-11,227.8558,
HON,2026-05-12,227.263,-0.002601645426624999
HON,2026-05-13,226.6599,-0.0026537535806533397
HON,2026-05-14,226.4103,-0.0011012093449259686
HON,2026-05-15,222.9702,-0.015194096734998386
HON,2026-05-18,227.1423,0.018711469066269748
HON,2026-05-19,227.0586,-0.00036849146988471304
HON,2026-05-20,227.3096,0.0011054415027660358
HON,2026-05-21,234.0121,0.029486216156290768
HON,2026-05-22,238.3201,0.01840930447613598
HON,2026-05-25,238.3201,0.0
HON,2026-05-26,242.2934,0.016672114521603554
HON,2026-05-27,242.1157,-0.0007334083388156332
HON,2026-05-28,243.6319,0.006262295258010919
HON,2026-05-29,248.7136,0.020858106019778333
HON,2026-06-01,247.3334,-0.0055493547598522985
HON,2026-06-02,245.9636,-0.005538273439818497
HON,2026-06-03,233.4474,-0.050886391319691304
HON,2026-06-04,227.571,-0.02517226578663967
HON,2026-06-05,223.7335,-0.016862869170500616
HON,2026-06-08,221.4645,-0.010141529989921017
HON,2026-06-09,225.5424,0.018413334868568
HON,2026-06-10,215.2744,-0.045525808007718216
HON,2026-06-11,229.1185,0.06430908644966604
HON,2026-06-12,230.3628,0.005430814185672483
HON,2026-06-15,237.7868,0.03222742560864855
HON,2026-06-16,239.9617,0.009146428649529748
HON,2026-06-17,239.0415,-0.003834778633423519
HON,2026-06-18,239.4598,0.0017499053511629281
HON,2026-06-19,239.4598,0.0
HON,2026-06-22,238.5187,-0.003930095991059868
HON,2026-06-23,232.5168,-0.02516322619568201
HON,2026-06-24,237.7972,0.022709756886384103
HON,2026-06-25,241.7915,0.016797085920271515
HON,2026-06-26,242.8058,0.004194936546570105
HON,2026-06-29,227.1185,-0.0646084236867488
HON,2026-06-30,223.2302,-0.017120137725460616
HON,2026-07-01,221.0866,-0.009602643369938213
HON,2026-07-02,229.1724,0.03657299899677313
HON,2026-07-03,229.1724,0.0
HON,2026-07-06,230.4884,0.005742401790093332
HON,2026-07-07,224.3768,-0.026515868043684665
HON,2026-07-08,219.7008,-0.020839944236659136
HON,2026-07-09,222.7516,0.013886157902019525
HON,2026-07-10,225.7426,0.013427512978582579
HON,2026-07-13,221.5851,-0.01841699351385162
HON,2026-07-14,222.0138,0.001934696872668784
HON,2026-07-15,222.1734,0.0007188742321422303
HON,2026-07-16,225.6529,0.015661190763610833
HON,2026-07-17,224.3468,-0.005788093128871741
HON,2026-07-20,225.5034,0.005155411175911562
HON,2026-07-21,229.1724,0.016270264661198075
HON,2026-07-22,232.293,0.013616822968210762
HON,2026-07-23,245.5333,0.05699827373188171
HON,2026-07-24,242.4226,-0.012669157299641243
HON,2026-07-27,245.0148,0.01069289744438029
HON,2026-07-28,246.3109,0.005289884529424249
HON,2026-07-29,240.3987,-0.02400299783728621
HON,2026-07-30,241.1863,0.003276224039481024
HON,2026-07-31,242.3229,0.004712539642591773
HON,2026-08-03,246.0318,0.015305610819282833
HON,2026-08-04,248.0457,0.008185527236723056
HON,2026-08-05,247.3777,-0.002693052127087925
HON,2026-08-06,240.0198,-0.02974358642674746
HON,2026-08-07,245.4734,0.022721458812981155
HON,2026-08-10,242.2032,-0.013322013709020974
HON,2026-08-11,229.4316,-0.05273093006203056
HON,2026-08-12,234.636,0.02268388487026196
HON,2026-08-13,233.29,-0.005736545116691416
HON,2026-08-14,233.96,0.002871961935788203
HON,2026-08-17,229.45,-0.019276799452898064
HON,2026-08-18,227.71,-0.007583351492699841
HON,2026-08-19,221.73,-0.026261472926090268
HON,2026-08-20,218.32,-0.015379064628151307
HON,2026-08-21,215.9,-0.011084646390619235
HON,2026-08-24,214.77,-0.0052339045854562505
HON,2026-08-25,215.68,0.004237090841365143
HON,2026-08-26,220.67,0.023136127596439016
HON,2026-08-27,220.39,-0.001268863008111687
HON,2026-08-28,217.43,-0.013430736421797596
HON,2026-08-31,213.53,-0.017936807248309816
HON,2026-09-01,209.98,-0.016625298552896628
HON,2026-09-02,206.07,-0.018620821030574275
HON,2026-09-03,207.63,0.0075702431212694155
HON,2026-09-04,207.63,0.0
HYG,2026-05-11,78.3932,
HYG,2026-05-12,78.2854,-0.0013751192705488968
HYG,2026-05-13,78.3246,0.0005007319372452024
HYG,2026-05-14,78.2658,-0.0007507219953885036
HYG,2026-05-15,77.8835,-0.004884636712331525
HYG,2026-05-18,77.962,0.001007915668915782
HYG,2026-05-19,77.7757,-0.0023896257150920475
HYG,2026-05-20,78.2756,0.006427457419219573
HYG,2026-05-21,78.3148,0.0005007946282111764
HYG,2026-05-22,78.3246,0.00012513598962127226
HYG,2026-05-25,78.3246,0.0
HYG,2026-05-26,78.5892,0.0033782489792479886
HYG,2026-05-27,78.5402,-0.0006234953403267962
HYG,2026-05-28,78.6383,0.0012490418919228752
HYG,2026-05-29,78.7167,0.0009969696699954067
HYG,2026-06-01,78.6566,-0.0007634974535264405
HYG,2026-06-02,78.7157,0.0007513673359895723
HYG,2026-06-03,78.4989,-0.002754215486872269
HYG,2026-06-04,78.6467,0.0018828289313606028
HYG,2026-06-05,78.2527,-0.005009746117764502
HYG,2026-06-08,78.361,0.0013839778052386897
HYG,2026-06-09,78.4398,0.001005602276642703
HYG,2026-06-10,78.2921,-0.0018829726745861475
HYG,2026-06-11,78.7551,0.005913751195842254
HYG,2026-06-12,78.7551,0.0
HYG,2026-06-15,78.8536,0.0012507126522600664
HYG,2026-06-16,78.8438,-0.00012428094595551276
HYG,2026-06-17,78.5482,-0.003749185097623453
HYG,2026-06-18,78.8241,0.003512492966102343
HYG,2026-06-19,78.8241,0.0
HYG,2026-06-22,78.7551,-0.0008753667977179358
HYG,2026-06-23,78.6861,-0.0008761337361009591
HYG,2026-06-24,78.6664,-0.0002503618809420738
HYG,2026-06-25,78.696,0.0003762724619404967
HYG,2026-06-26,78.6467,-0.0006264613195080537
HYG,2026-06-29,78.8241,0.002255657262161037
HYG,2026-06-30,78.7847,-0.0004998471279722416
HYG,2026-07-01,78.7738,-0.00013835173580667437
HYG,2026-07-02,78.8925,0.0015068461848990466
HYG,2026-07-03,78.8925,0.0
HYG,2026-07-06,79.0509,0.0020077954178154833
HYG,2026-07-07,78.942,-0.0013775934239838028
HYG,2026-07-08,78.843,-0.0012540852777987999
HYG,2026-07-09,78.9321,0.001130093984247127
HYG,2026-07-10,78.8925,-0.0005016970282053501
HYG,2026-07-13,78.7045,-0.002382989511043543
HYG,2026-07-14,78.8628,0.0020113208266363536
HYG,2026-07-15,78.9915,0.0016319481428508364
HYG,2026-07-16,78.9816,-0.00012532994056324576
HYG,2026-07-17,78.8331,-0.001880184751891556
HYG,2026-07-20,78.8628,0.00037674530114872873
HYG,2026-07-21,78.8331,-0.00037660341758083415
HYG,2026-07-22,78.7045,-0.0016312944689477193
HYG,2026-07-23,78.4175,-0.0036465513407745176
HYG,2026-07-24,78.4175,0.0
HYG,2026-07-27,78.457,0.0005037140944303964
HYG,2026-07-28,78.6055,0.0018927565418001002
HYG,2026-07-29,78.4274,-0.0022657447634071293
HYG,2026-07-30,78.655,0.002902046988680018
HYG,2026-07-31,78.6649,0.00012586612421339183
HYG,2026-08-03,78.8777,0.0027051454969115873
HYG,2026-08-04,79.1164,0.0030262038573638517
HYG,2026-08-05,79.0866,-0.0003766602120419682
HYG,2026-08-06,79.0269,-0.0007548687135369159
HYG,2026-08-07,79.1761,0.0018879647309968384
HYG,2026-08-10,79.0468,-0.001633068564882545
HYG,2026-08-11,79.0766,0.00037699185798789614
HYG,2026-08-12,79.1761,0.0012582736232968905
HYG,2026-08-13,79.3551,0.002260783241407216
HYG,2026-08-14,79.2755,-0.0010030861280497794
HYG,2026-08-17,79.1761,-0.001253855226393874
HYG,2026-08-18,79.0965,-0.0010053538883577628
HYG,2026-08-19,79.2755,0.0022630584159852862
HYG,2026-08-20,79.1264,-0.001880782839590922
HYG,2026-08-21,79.1761,0.0006281089497310877
HYG,2026-08-24,79.2656,0.001130391620703719
HYG,2026-08-25,79.4844,0.0027603399204696455
HYG,2026-08-26,79.4645,-0.0002503635933590598
HYG,2026-08-27,79.4347,-0.0003750102246914411
HYG,2026-08-28,79.3054,-0.0016277521032999065
HYG,2026-08-31,79.375,0.0008776199350863934
HYG,2026-09-01,79.1,-0.003464566929133883
HYG,2026-09-02,79.11,0.0001264222503161161
HYG,2026-09-03,79.21,0.0012640626975097824
HYG,2026-09-04,79.21,0.0
IEI,2026-05-11,116.3143,
IEI,2026-05-12,116.0477,-0.002292065549979627
IEI,2026-05-13,116.0971,0.0004256870235255228
IEI,2026-05-14,115.9786,-0.0010206973300797006
IEI,2026-05-15,115.475,-0.004342180367757575
IEI,2026-05-18,115.4652,-8.486685429742735e-05
IEI,2026-05-19,115.1986,-0.0023089207830584435
IEI,2026-05-20,115.6626,0.004027826727060813
IEI,2026-05-21,115.6824,0.00017118757489464898
IEI,2026-05-22,115.6626,-0.000171158274724581
IEI,2026-05-25,115.6626,0.0
IEI,2026-05-26,115.9588,0.002560896953725633
IEI,2026-05-27,115.9983,0.00034063822668062294
IEI,2026-05-28,116.1267,0.0011069127737217688
IEI,2026-05-29,116.2551,0.0011056888725848868
IEI,2026-06-01,116.1154,-0.001201667711782095
IEI,2026-06-02,116.1055,-8.5260008577559e-05
IEI,2026-06-03,115.9569,-0.001279870462639554
IEI,2026-06-04,116.0659,0.000940004432681496
IEI,2026-06-05,115.6202,-0.0038400598280804443
IEI,2026-06-08,115.6003,-0.00017211525321692012
IEI,2026-06-09,115.7786,0.001542383540527048
IEI,2026-06-10,115.739,-0.00034203211992533955
IEI,2026-06-11,116.2343,0.004279456363023737
IEI,2026-06-12,116.0956,-0.0011932794364486465
IEI,2026-06-15,116.2243,0.0011085691447392243
IEI,2026-06-16,116.3729,0.0012785622283808529
IEI,2026-06-17,115.7885,-0.005021787718618387
IEI,2026-06-18,116.0758,0.0024812481377685103
IEI,2026-06-19,116.0758,0.0
IEI,2026-06-22,115.8083,-0.0023045285925231696
IEI,2026-06-23,115.9569,0.0012831550070244724
IEI,2026-06-24,116.3531,0.003416786754388834
IEI,2026-06-25,116.4522,0.0008517177453801761
IEI,2026-06-26,116.6899,0.002041180845016255
IEI,2026-06-29,116.6602,-0.000254520742583475
IEI,2026-06-30,116.3333,-0.0028021553194663706
IEI,2026-07-01,116.1972,-0.0011699143753336472
IEI,2026-07-02,116.3562,0.0013683634373289344
IEI,2026-07-03,116.3562,0.0
IEI,2026-07-06,116.4456,0.000768330351111457
IEI,2026-07-07,116.0879,-0.0030718206613216115
IEI,2026-07-08,115.9289,-0.0013696517897214822
IEI,2026-07-09,116.0879,0.0013715303086634378
IEI,2026-07-10,116.0183,-0.000599545689085712
IEI,2026-07-13,115.7004,-0.002740084969353962
IEI,2026-07-14,115.9885,0.0024900518926469495
IEI,2026-07-15,116.227,0.0020562383339728374
IEI,2026-07-16,116.1972,-0.00025639481359762684
IEI,2026-07-17,116.227,0.00025646056875738843
IEI,2026-07-20,116.0084,-0.0018808022232356114
IEI,2026-07-21,115.7998,-0.0017981456515216987
IEI,2026-07-22,115.611,-0.001630400052504366
IEI,2026-07-23,115.4123,-0.0017186945878852056
IEI,2026-07-24,115.5812,0.001463448869834405
IEI,2026-07-27,115.7104,0.001117828851058933
IEI,2026-07-28,115.9289,0.001888335015694187
IEI,2026-07-29,115.8196,-0.0009428192624962861
IEI,2026-07-30,115.8892,0.0006009345568454005
IEI,2026-07-31,115.7302,-0.0013720001518692237
IEI,2026-08-03,115.8488,0.0010247973303425528
IEI,2026-08-04,116.1878,0.002926227979918705
IEI,2026-08-05,116.2376,0.0004286164296078976
IEI,2026-08-06,115.9585,-0.0024011163341294273
IEI,2026-08-07,116.1778,0.0018911938322763167
IEI,2026-08-10,115.8787,-0.002574502185443417
IEI,2026-08-11,115.9784,0.000860382451649766
IEI,2026-08-12,116.0881,0.0009458657819041427
IEI,2026-08-13,116.3971,0.002661771533860824
IEI,2026-08-14,116.2177,-0.00154127551287786
IEI,2026-08-17,116.1479,-0.0006005969830755742
IEI,2026-08-18,116.2077,0.0005148607938672001
IEI,2026-08-19,116.3771,0.0014577347284214781
IEI,2026-08-20,116.1778,-0.0017125362292065294
IEI,2026-08-21,116.0382,-0.0012016065031357215
IEI,2026-08-24,116.1279,0.0007730212981587048
IEI,2026-08-25,116.4868,0.0030905579107174397
IEI,2026-08-26,116.3273,-0.0013692538553725653
IEI,2026-08-27,116.2276,-0.0008570645067839111
IEI,2026-08-28,115.8189,-0.003516376488889028
IEI,2026-08-31,115.799,-0.00017181997066106902
IEI,2026-09-01,115.53,-0.0023229906994015614
IEI,2026-09-02,115.63,0.0008655760408551316
IEI,2026-09-03,115.71,0.000691861973536323
IEI,2026-09-04,115.71,0.0
ILMN,2026-05-11,142.51,
ILMN,2026-05-12,145.7,0.022384394077608505
ILMN,2026-05-13,145.0,-0.0048043925875085325
ILMN,2026-05-14,143.24,-0.012137931034482685
ILMN,2026-05-15,142.54,-0.004886903099692974
ILMN,2026-05-18,141.51,-0.007226041812824491
ILMN,2026-05-19,141.68,0.001201328528019241
ILMN,2026-05-20,141.92,0.0016939582156971777
ILMN,2026-05-21,144.83,0.02050450958286376
ILMN,2026-05-22,144.41,-0.002899951667472367
ILMN,2026-05-25,144.41,0.0
ILMN,2026-05-26,145.23,0.0056782771276226995
ILMN,2026-05-27,150.17,0.03401501067272594
ILMN,2026-05-28,158.7,0.056802290737164585
ILMN,2026-05-29,162.96,0.02684310018903613
ILMN,2026-06-01,164.4,0.008836524300441795
ILMN,2026-06-02,162.55,-0.011253041362530358
ILMN,2026-06-03,170.93,0.051553368194401594
ILMN,2026-06-04,168.06,-0.01679049903469254
ILMN,2026-06-05,162.32,-0.03415446864215166
ILMN,2026-06-08,158.04,-0.02636766880236574
ILMN,2026-06-09,160.03,0.01259174892432302
ILMN,2026-06-10,162.47,0.015247141161032207
ILMN,2026-06-11,166.21,0.023019634394042088
ILMN,2026-06-12,160.97,-0.031526382287467736
ILMN,2026-06-15,166.89,0.03677703919985076
ILMN,2026-06-16,164.28,-0.015639043681466736
ILMN,2026-06-17,159.09,-0.03159240321402479
ILMN,2026-06-18,161.93,0.017851530580174746
ILMN,2026-06-19,161.93,0.0
ILMN,2026-06-22,161.38,-0.0033965293645402683
ILMN,2026-06-23,164.93,0.02199776924030239
ILMN,2026-06-24,175.09,0.061601891711635215
ILMN,2026-06-25,177.65,0.01462105203038444
ILMN,2026-06-26,176.55,-0.006191950464396245
ILMN,2026-06-29,181.1,0.025771736052109695
ILMN,2026-06-30,175.83,-0.029099944781888376
ILMN,2026-07-01,183.89,0.04583973155889187
ILMN,2026-07-02,188.68,0.026048180977758628
ILMN,2026-07-03,188.68,0.0
ILMN,2026-07-06,194.33,0.029944880220479142
ILMN,2026-07-07,191.76,-0.013224926671126513
ILMN,2026-07-08,187.81,-0.020598664997913962
ILMN,2026-07-09,193.76,0.03168095415579564
ILMN,2026-07-10,190.2,-0.018373245251858017
ILMN,2026-07-13,190.05,-0.0007886435331229125
ILMN,2026-07-14,191.2,0.00605103920021044
ILMN,2026-07-15,187.15,-0.021182008368200722
ILMN,2026-07-16,190.25,0.016564253272775886
ILMN,2026-07-17,186.65,-0.018922470433639926
ILMN,2026-07-20,184.68,-0.010554513795874576
ILMN,2026-07-21,192.53,0.04250595624864628
ILMN,2026-07-22,190.87,-0.008622032929933021
ILMN,2026-07-23,196.86,0.031382616440509326
ILMN,2026-07-24,194.09,-0.014070913339429114
ILMN,2026-07-27,189.47,-0.023803390179813477
ILMN,2026-07-28,192.98,0.01852536021533746
ILMN,2026-07-29,194.82,0.009534666804850156
ILMN,2026-07-30,205.09,0.05271532696848369
ILMN,2026-07-31,205.1,4.875908137891294e-05
ILMN,2026-08-03,198.16,-0.033837152608483634
ILMN,2026-08-04,203.01,0.024475171578522303
ILMN,2026-08-05,199.87,-0.0154672183636273
ILMN,2026-08-06,193.72,-0.03077000050032519
ILMN,2026-08-07,187.96,-0.02973363617592395
ILMN,2026-08-10,191.79,0.020376675888486906
ILMN,2026-08-11,192.84,0.005474737994681789
ILMN,2026-08-12,192.91,0.000362995229205465
ILMN,2026-08-13,192.64,-0.0013996164014308254
ILMN,2026-08-14,190.89,-0.00908430232558144
ILMN,2026-08-17,193.14,0.011786892975011787
ILMN,2026-08-18,188.29,-0.02511131821476642
ILMN,2026-08-19,205.0,0.088746083169579
ILMN,2026-08-20,213.24,0.04019512195121955
ILMN,2026-08-21,219.4,0.028887638341774435
ILMN,2026-08-24,223.22,0.017411121239744753
ILMN,2026-08-25,224.99,0.007929397007436556
ILMN,2026-08-26,224.84,-0.0006666962976132895
ILMN,2026-08-27,227.69,0.012675680483899665
ILMN,2026-08-28,215.59,-0.05314243049760636
ILMN,2026-08-31,213.63,-0.009091330766733186
ILMN,2026-09-01,207.13,-0.030426438234330333
ILMN,2026-09-02,213.25,0.029546661516921757
ILMN,2026-09-03,221.66,0.03943728018757331
ILMN,2026-09-04,221.66,0.0
JNJ,2026-05-11,219.0833,
JNJ,2026-05-12,221.8833,0.012780526858961805
JNJ,2026-05-13,227.978,0.027468042885607113
JNJ,2026-05-14,228.354,0.0016492819482580856
JNJ,2026-05-15,224.3074,-0.017720731846168736
JNJ,2026-05-18,226.4939,0.009747783621940176
JNJ,2026-05-19,227.5625,0.004718007858048212
JNJ,2026-05-20,226.8897,-0.0029565503982422747
JNJ,2026-05-21,229.2742,0.01050951189057936
JNJ,2026-05-22,231.8565,0.011262933203997738
JNJ,2026-05-25,231.8565,0.0
JNJ,2026-05-26,229.0503,-0.012103175886809425
JNJ,2026-05-27,230.1549,0.004822521516016476
JNJ,2026-05-28,229.6673,-0.002118573187014472
JNJ,2026-05-29,224.2241,-0.023700370057034736
JNJ,2026-06-01,222.4131,-0.008076741081801675
JNJ,2026-06-02,221.7961,-0.0027741171720550017
JNJ,2026-06-03,222.1444,0.0015703612462076855
JNJ,2026-06-04,227.0502,0.02208383375858225
JNJ,2026-06-05,231.6276,0.02016029935230179
JNJ,2026-06-08,231.0206,-0.00262058580238278
JNJ,2026-06-09,235.8369,0.020847924384232552
JNJ,2026-06-10,237.3196,0.006286972055687512
JNJ,2026-06-11,237.1603,-0.0006712467069723838
JNJ,2026-06-12,239.6879,0.010657770292920032
JNJ,2026-06-15,234.5034,-0.02163021162102885
JNJ,2026-06-16,234.0258,-0.0020366442448168653
JNJ,2026-06-17,233.0506,-0.0041670619222324845
JNJ,2026-06-18,227.2691,-0.024807917250588507
JNJ,2026-06-19,227.2691,0.0
JNJ,2026-06-22,230.1549,0.012697722655653498
JNJ,2026-06-23,237.9067,0.033680794977643425
JNJ,2026-06-24,239.8172,0.008030458999263246
JNJ,2026-06-25,243.6782,0.01609976265255364
JNJ,2026-06-26,253.4102,0.03993791812316405
JNJ,2026-06-29,257.2413,0.01511817598502363
JNJ,2026-06-30,252.7236,-0.017562109972232398
JNJ,2026-07-01,252.7335,3.9173231150435583e-05
JNJ,2026-07-02,261.7491,0.035672358432894846
JNJ,2026-07-03,261.7491,0.0
JNJ,2026-07-06,258.0573,-0.01410434649058967
JNJ,2026-07-07,265.9284,0.030501365394429936
JNJ,2026-07-08,262.1073,-0.014368905314362856
JNJ,2026-07-09,257.8284,-0.01632499361902562
JNJ,2026-07-10,255.7188,-0.00818218629134726
JNJ,2026-07-13,256.5049,0.003074079809540997
JNJ,2026-07-14,252.6042,-0.015207116901080786
JNJ,2026-07-15,245.8077,-0.026905728408316176
JNJ,2026-07-16,248.7432,0.011942262182999208
JNJ,2026-07-17,251.7981,0.01228134075624987
JNJ,2026-07-20,247.5989,-0.016676853399608782
JNJ,2026-07-21,249.3801,0.0071938930261807865
JNJ,2026-07-22,254.3754,0.020030868541635938
JNJ,2026-07-23,257.9976,0.014239584488122459
JNJ,2026-07-24,262.1073,0.015929217946213603
JNJ,2026-07-27,264.6448,0.009681149666567634
JNJ,2026-07-28,265.421,0.0029329879143666915
JNJ,2026-07-29,264.2268,-0.004499267201916846
JNJ,2026-07-30,254.5645,-0.03656820579895759
JNJ,2026-07-31,255.0919,0.0020717735583712926
JNJ,2026-08-03,253.1614,-0.007567860837604079
JNJ,2026-08-04,253.6789,0.0020441504905566177
JNJ,2026-08-05,256.3258,0.0104340565967449
JNJ,2026-08-06,255.7188,-0.002368079998189887
JNJ,2026-08-07,257.9677,0.008794425752036927
JNJ,2026-08-10,260.5251,0.009913644227552698
JNJ,2026-08-11,258.525,-0.007677187342025937
JNJ,2026-08-12,259.5797,0.004079682815975261
JNJ,2026-08-13,260.7938,0.004677176219866075
JNJ,2026-08-14,259.0723,-0.006601000483907216
JNJ,2026-08-17,261.0824,0.0077588379768891436
JNJ,2026-08-18,269.7794,0.03331132240242929
JNJ,2026-08-19,272.0682,0.00848396875372992
JNJ,2026-08-20,266.0578,-0.022091519699840023
JNJ,2026-08-21,268.9137,0.010734133710795346
JNJ,2026-08-24,271.7,0.010361316660326247
JNJ,2026-08-25,273.14,0.0052999631946999415
JNJ,2026-08-26,270.0,-0.011495936149959696
JNJ,2026-08-27,265.77,-0.015666666666666718
JNJ,2026-08-28,268.04,0.008541219851751602
JNJ,2026-08-31,265.85,-0.008170422325026072
JNJ,2026-09-01,271.19,0.020086514952040613
JNJ,2026-09-02,275.21,0.01482355544083469
JNJ,2026-09-03,278.43,0.011700156244322635
JNJ,2026-09-04,278.43,0.0
JPM,2026-05-11,298.6546,
JPM,2026-05-12,303.5127,0.016266617021803764
JPM,2026-05-13,298.9035,-0.015186184960299776
JPM,2026-05-14,298.565,-0.001132472520395389
JPM,2026-05-15,296.4744,-0.007002160333595686
JPM,2026-05-18,299.3813,0.009804893778349921
JPM,2026-05-19,294.3739,-0.016725827565048368
JPM,2026-05-20,300.6257,0.021237616514235835
JPM,2026-05-21,301.6411,0.0033776220728967132
JPM,2026-05-22,305.006,0.011155310068820201
JPM,2026-05-25,305.006,0.0
JPM,2026-05-26,305.3643,0.0011747309888987534
JPM,2026-05-27,297.9378,-0.024320131724631988
JPM,2026-05-28,295.3993,-0.00852023476040975
JPM,2026-05-29,297.9677,0.008694671923731745
JPM,2026-06-01,295.2499,-0.009121122859960806
JPM,2026-06-02,299.6103,0.014768506272144322
JPM,2026-06-03,299.5008,-0.0003654747517023438
JPM,2026-06-04,309.4958,0.03337219800414548
JPM,2026-06-05,310.9691,0.004760323080313267
JPM,2026-06-08,309.7148,-0.004033519729130686
JPM,2026-06-09,311.2976,0.005110508119082313
JPM,2026-06-10,307.7536,-0.011384604314328084
JPM,2026-06-11,312.0841,0.014071321992658925
JPM,2026-06-12,319.2817,0.023063014104211188
JPM,2026-06-15,317.9676,-0.004115801187478008
JPM,2026-06-16,329.6549,0.03675626070077587
JPM,2026-06-17,331.9645,0.007006114576182609
JPM,2026-06-18,323.7615,-0.024710473559672708
JPM,2026-06-19,323.7615,0.0
JPM,2026-06-22,329.9934,0.01924842824115891
JPM,2026-06-23,332.6415,0.008024705948664446
JPM,2026-06-24,331.9546,-0.002064985878190151
JPM,2026-06-25,333.6171,0.005008214978795111
JPM,2026-06-26,327.5743,-0.01811298041976861
JPM,2026-06-29,327.9128,0.001033353349148669
JPM,2026-06-30,325.862,-0.006254101700208015
JPM,2026-07-01,332.5718,0.02059092499278825
JPM,2026-07-02,332.97,0.0011973354325292007
JPM,2026-07-03,332.97,0.0
JPM,2026-07-06,337.72,0.01426554944889924
JPM,2026-07-07,339.22,0.004441549212365281
JPM,2026-07-08,330.62,-0.02535227875714885
JPM,2026-07-09,335.47,0.014669408989171906
JPM,2026-07-10,336.47,0.002980892479208297
JPM,2026-07-13,334.53,-0.005765744345707091
JPM,2026-07-14,342.89,0.024990284877290492
JPM,2026-07-15,346.91,0.011723876461839255
JPM,2026-07-16,343.15,-0.010838546020581874
JPM,2026-07-17,341.1,-0.005974063820486486
JPM,2026-07-20,338.87,-0.006537672236880732
JPM,2026-07-21,345.23,0.018768259214448024
JPM,2026-07-22,348.21,0.00863192654172562
JPM,2026-07-23,349.9,0.0048533930674019565
JPM,2026-07-24,353.21,0.009459845670191536
JPM,2026-07-27,356.2,0.00846521899153485
JPM,2026-07-28,357.31,0.0031162268388547076
JPM,2026-07-29,344.71,-0.03526349668355211
JPM,2026-07-30,350.85,0.01781207391720585
JPM,2026-07-31,351.79,0.002679207638591974
JPM,2026-08-03,352.64,0.0024162142187098556
JPM,2026-08-04,357.52,0.013838475499092562
JPM,2026-08-05,359.24,0.004810919668829738
JPM,2026-08-06,356.3,-0.008183943881527656
JPM,2026-08-07,357.52,0.003424080830760401
JPM,2026-08-10,359.79,0.0063492951443278045
JPM,2026-08-11,362.04,0.006253647961310671
JPM,2026-08-12,365.18,0.008673074798364766
JPM,2026-08-13,363.11,-0.005668437482885147
JPM,2026-08-14,362.84,-0.0007435763267330531
JPM,2026-08-17,360.96,-0.005181347150259086
JPM,2026-08-18,363.25,0.006344193262411313
JPM,2026-08-19,357.26,-0.016490020646937387
JPM,2026-08-20,351.55,-0.015982757655488955
JPM,2026-08-21,351.58,8.533636751528739e-05
JPM,2026-08-24,356.39,0.013681096763183298
JPM,2026-08-25,356.69,0.000841774460562883
JPM,2026-08-26,356.5,-0.0005326754324483929
JPM,2026-08-27,354.22,-0.0063955119214585965
JPM,2026-08-28,357.62,0.009598554570605877
JPM,2026-08-31,356.02,-0.004474022705665326
JPM,2026-09-01,354.95,-0.003005449132071236
JPM,2026-09-02,356.22,0.0035779687279899886
JPM,2026-09-03,362.06,0.01639436303407993
JPM,2026-09-04,362.06,0.0
LDO.MI,2026-05-11,50.6962,
LDO.MI,2026-05-12,49.3969,-0.025629139856636063
LDO.MI,2026-05-13,49.2437,-0.0031014091977432656
LDO.MI,2026-05-14,49.2586,0.00030257677631873037
LDO.MI,2026-05-15,48.4039,-0.017351284851782278
LDO.MI,2026-05-18,49.3277,0.019085238999336784
LDO.MI,2026-05-19,50.3207,0.020130677084072568
LDO.MI,2026-05-20,51.536,0.024151094877455925
LDO.MI,2026-05-21,50.7357,-0.015528950636448324
LDO.MI,2026-05-22,51.6941,0.01889005177813652
LDO.MI,2026-05-25,51.3977,-0.005733729768000573
LDO.MI,2026-05-26,52.0004,0.011726205647334398
LDO.MI,2026-05-27,51.0321,-0.018621010607610677
LDO.MI,2026-05-28,53.7689,0.053628990380564456
LDO.MI,2026-05-29,53.7689,0.0
LDO.MI,2026-06-01,51.8423,-0.035831121707901814
LDO.MI,2026-06-02,51.7138,-0.0024786708923022482
LDO.MI,2026-06-03,50.2614,-0.028085346657952037
LDO.MI,2026-06-04,50.6467,0.007665922556872706
LDO.MI,2026-06-05,51.2396,0.011706587003694313
LDO.MI,2026-06-08,50.7752,-0.009063302601893919
LDO.MI,2026-06-09,51.4075,0.012452929776741506
LDO.MI,2026-06-10,51.6941,0.005575062004571363
LDO.MI,2026-06-11,53.0674,0.026565894367055476
LDO.MI,2026-06-12,52.8402,-0.004281347870820795
LDO.MI,2026-06-15,51.3779,-0.02767400577590562
LDO.MI,2026-06-16,51.0815,-0.005769017417994848
LDO.MI,2026-06-17,51.6842,0.011798792126307855
LDO.MI,2026-06-18,51.1803,-0.00974959465368519
LDO.MI,2026-06-19,52.03,0.01660209103893484
LDO.MI,2026-06-22,50.08,-0.0374783778589276
LDO.MI,2026-06-23,50.43,0.006988817891373733
LDO.MI,2026-06-24,48.03,-0.04759071980963714
LDO.MI,2026-06-25,46.125,-0.03966271080574646
LDO.MI,2026-06-26,46.255,0.002818428184281796
LDO.MI,2026-06-29,46.06,-0.004215760458328832
LDO.MI,2026-06-30,46.925,0.01877985236647839
LDO.MI,2026-07-01,48.76,0.03910495471497066
LDO.MI,2026-07-02,51.94,0.0652173913043479
LDO.MI,2026-07-03,52.53,0.01135926068540627
LDO.MI,2026-07-06,54.92,0.04549781077479542
LDO.MI,2026-07-07,53.93,-0.01802621995630016
LDO.MI,2026-07-08,53.37,-0.010383830891896983
LDO.MI,2026-07-09,52.19,-0.02210979951283487
LDO.MI,2026-07-10,51.82,-0.007089480743437404
LDO.MI,2026-07-13,51.15,-0.012929370899266712
LDO.MI,2026-07-14,51.0,-0.0029325513196480912
LDO.MI,2026-07-15,50.37,-0.012352941176470678
LDO.MI,2026-07-16,49.61,-0.015088346237839945
LDO.MI,2026-07-17,50.75,0.022979238056843432
LDO.MI,2026-07-20,49.905,-0.01665024630541867
LDO.MI,2026-07-21,50.66,0.015128744614767875
LDO.MI,2026-07-22,51.16,0.009869719699960422
LDO.MI,2026-07-23,51.88,0.014073494917904661
LDO.MI,2026-07-24,52.26,0.007324595219737828
LDO.MI,2026-07-27,53.05,0.015116724071947862
LDO.MI,2026-07-28,54.05,0.018850141376060225
LDO.MI,2026-07-29,53.73,-0.005920444033302497
LDO.MI,2026-07-30,53.72,-0.00018611576400517915
LDO.MI,2026-07-31,55.12,0.026061057334326065
LDO.MI,2026-08-03,54.71,-0.007438316400580458
LDO.MI,2026-08-04,56.53,0.03326631328824714
LDO.MI,2026-08-05,57.4,0.015390058376083537
LDO.MI,2026-08-06,58.55,0.020034843205574804
LDO.MI,2026-08-07,58.04,-0.00871050384286931
LDO.MI,2026-08-10,58.51,0.008097863542384509
LDO.MI,2026-08-11,58.9,0.006665527260297344
LDO.MI,2026-08-12,59.74,0.014261460101867574
LDO.MI,2026-08-13,59.3,-0.007365249414127972
LDO.MI,2026-08-14,59.9,0.010118043844856706
LDO.MI,2026-08-17,59.71,-0.0031719532554256302
LDO.MI,2026-08-18,59.16,-0.00921118740579474
LDO.MI,2026-08-19,58.47,-0.01166328600405675
LDO.MI,2026-08-20,57.33,-0.01949717804002049
LDO.MI,2026-08-21,56.25,-0.01883830455259028
LDO.MI,2026-08-24,54.77,-0.026311111111111063
LDO.MI,2026-08-25,54.41,-0.006572941391272735
LDO.MI,2026-08-26,54.12,-0.005329902591435398
LDO.MI,2026-08-27,55.05,0.017184035476718318
LDO.MI,2026-08-28,52.87,-0.03960036330608541
LDO.MI,2026-08-31,51.72,-0.021751465859655705
LDO.MI,2026-09-01,51.05,-0.012954369682907974
LDO.MI,2026-09-02,51.39,0.0066601371204702
LDO.MI,2026-09-03,50.64,-0.014594279042615343
LDO.MI,2026-09-04,50.64,0.0
LMT,2026-05-11,505.7899,
LMT,2026-05-12,514.4296,0.01708159850562474
LMT,2026-05-13,513.3829,-0.0020346807415438928
LMT,2026-05-14,513.847,0.0009040036199101653
LMT,2026-05-15,509.5025,-0.008454851346801684
LMT,2026-05-18,521.6474,0.023836781958871622
LMT,2026-05-19,519.9886,-0.0031799257506122114
LMT,2026-05-20,515.9996,-0.007671322025136762
LMT,2026-05-21,516.197,0.00038255843609191764
LMT,2026-05-22,526.5153,0.019989073938825763
LMT,2026-05-25,526.5153,0.0
LMT,2026-05-26,526.1796,-0.0006375883093995283
LMT,2026-05-27,524.4417,-0.003302864649256776
LMT,2026-05-28,530.4352,0.011428343703408839
LMT,2026-05-29,523.7604,-0.012583629442389999
LMT,2026-06-01,513.325,-0.019923995781277015
LMT,2026-06-02,510.2738,-0.00594399259728251
LMT,2026-06-03,508.8825,-0.0027265754189221836
LMT,2026-06-04,515.8593,0.013710041119511907
LMT,2026-06-05,520.5403,0.009074179723036924
LMT,2026-06-08,516.873,-0.007045179787232514
LMT,2026-06-09,526.8712,0.01934362986652416
LMT,2026-06-10,521.7926,-0.009639167978815366
LMT,2026-06-11,545.3071,0.04506483993832022
LMT,2026-06-12,537.0085,-0.015218213736809871
LMT,2026-06-15,527.0997,-0.018451849458621328
LMT,2026-06-16,532.6554,0.010540131212368298
LMT,2026-06-17,529.0477,-0.006773046889227086
LMT,2026-06-18,507.8091,-0.04014496235405607
LMT,2026-06-19,507.8091,0.0
LMT,2026-06-22,490.5657,-0.03395646119772178
LMT,2026-06-23,500.5739,0.02040134481477196
LMT,2026-06-24,488.6178,-0.02388478504372682
LMT,2026-06-25,501.9155,0.027214931588656954
LMT,2026-06-26,504.2809,0.004712745472096325
LMT,2026-06-29,498.9837,-0.010504462889631472
LMT,2026-06-30,506.3282,0.014718917672060128
LMT,2026-07-01,518.6122,0.024260943791003742
LMT,2026-07-02,542.5541,0.046165323530761304
LMT,2026-07-03,542.5541,0.0
LMT,2026-07-06,534.6928,-0.014489430639266998
LMT,2026-07-07,532.0889,-0.004869899127125099
LMT,2026-07-08,524.7145,-0.01385933816698659
LMT,2026-07-09,515.0742,-0.018372467313176988
LMT,2026-07-10,520.0036,0.009570271623001059
LMT,2026-07-13,517.4792,-0.004854581775972311
LMT,2026-07-14,511.8242,-0.010927975462588613
LMT,2026-07-15,511.2975,-0.0010290642763667313
LMT,2026-07-16,510.3633,-0.0018271163070424645
LMT,2026-07-17,505.6425,-0.009249881408008753
LMT,2026-07-20,506.4078,0.0015135199276168354
LMT,2026-07-21,503.9728,-0.004808377754055182
LMT,2026-07-22,511.1981,0.014336686424346823
LMT,2026-07-23,565.0948,0.10543212112877565
LMT,2026-07-24,579.0186,0.024639759558927166
LMT,2026-07-27,576.4346,-0.004462723649982792
LMT,2026-07-28,577.7366,0.0022587124367619005
LMT,2026-07-29,565.701,-0.02083233085804137
LMT,2026-07-30,570.5808,0.008626111673834647
LMT,2026-07-31,579.1578,0.015032051551681969
LMT,2026-08-03,582.6859,0.006091776714394648
LMT,2026-08-04,585.7073,0.005185297945256684
LMT,2026-08-05,574.0494,-0.019903969098558294
LMT,2026-08-06,579.2671,0.009089287437631821
LMT,2026-08-07,584.3358,0.008750194858295757
LMT,2026-08-10,599.4522,0.025869371686622733
LMT,2026-08-11,594.0954,-0.008936158712904763
LMT,2026-08-12,602.9904,0.01497234282574822
LMT,2026-08-13,594.3339,-0.014355949945471846
LMT,2026-08-14,604.9383,0.01784249560726736
LMT,2026-08-17,590.0901,-0.02454498252135795
LMT,2026-08-18,603.4376,0.022619427101047807
LMT,2026-08-19,585.5284,-0.029678627914468625
LMT,2026-08-20,567.967,-0.02999239661133435
LMT,2026-08-21,560.1057,-0.013841121051047067
LMT,2026-08-24,560.6721,0.0010112377003126394
LMT,2026-08-25,553.099,-0.013507181826953651
LMT,2026-08-26,562.143,0.016351503076302842
LMT,2026-08-27,562.4114,0.000477458582602619
LMT,2026-08-28,560.3839,-0.0036050122739331725
LMT,2026-08-31,557.78,-0.004646635993646564
LMT,2026-09-01,544.5,-0.023808670084979666
LMT,2026-09-02,531.55,-0.02378328741965119
LMT,2026-09-03,532.95,0.0026338067914590813
LMT,2026-09-04,532.95,0.0
MSFT,2026-05-11,410.9944,
MSFT,2026-05-12,406.1242,-0.011849796493577536
MSFT,2026-05-13,403.5745,-0.0062781287103796934
MSFT,2026-05-14,407.7775,0.010414434014041962
MSFT,2026-05-15,420.2171,0.03050585184322352
MSFT,2026-05-18,421.8306,0.00383968191679962
MSFT,2026-05-19,415.7353,-0.014449639262775205
MSFT,2026-05-20,419.3605,0.00871997157806903
MSFT,2026-05-21,418.3025,-0.0025228890179213037
MSFT,2026-05-22,417.7835,-0.0012407288983451448
MSFT,2026-05-25,417.7835,0.0
MSFT,2026-05-26,415.2483,-0.006068214757165014
MSFT,2026-05-27,411.8946,-0.008076372618503025
MSFT,2026-05-28,426.1877,0.034700867649150924
MSFT,2026-05-29,449.394,0.05445089100412792
MSFT,2026-06-01,459.6547,0.022832303057005676
MSFT,2026-06-02,440.4808,-0.0417137037867773
MSFT,2026-06-03,426.537,-0.03165586332026282
MSFT,2026-06-04,427.2457,0.0016615205714862746
MSFT,2026-06-05,415.8871,-0.026585639129896532
MSFT,2026-06-08,410.9663,-0.01183205730593706
MSFT,2026-06-09,402.652,-0.020231099240983985
MSFT,2026-06-10,396.6133,-0.014997317783098096
MSFT,2026-06-11,389.6066,-0.017666326368782848
MSFT,2026-06-12,390.0058,0.0010246232995025917
MSFT,2026-06-15,399.0089,0.023084528486499334
MSFT,2026-06-16,393.09,-0.014834004955779245
MSFT,2026-06-17,378.198,-0.037884453941845364
MSFT,2026-06-18,378.6871,0.00129323793356928
MSFT,2026-06-19,378.6871,0.0
MSFT,2026-06-22,366.6498,-0.03178692910320935
MSFT,2026-06-23,373.2374,0.017967008300563414
MSFT,2026-06-24,364.7733,-0.022677523742261507
MSFT,2026-06-25,352.167,-0.03455927284151561
MSFT,2026-06-26,372.2692,0.057081441475209216
MSFT,2026-06-29,367.8775,-0.011797108114235622
MSFT,2026-06-30,372.3191,0.012073584277374927
MSFT,2026-07-01,383.558,0.03018620317893972
MSFT,2026-07-02,389.7563,0.01616000709149601
MSFT,2026-07-03,389.7563,0.0
MSFT,2026-07-06,386.0133,-0.009603436814234922
MSFT,2026-07-07,388.1094,0.005430123780709062
MSFT,2026-07-08,382.6197,-0.014144723111576218
MSFT,2026-07-09,383.6378,0.0026608666516647617
MSFT,2026-07-10,384.3764,0.0019252534552121059
MSFT,2026-07-13,390.2553,0.015294643479672576
MSFT,2026-07-14,384.2067,-0.015499084829853627
MSFT,2026-07-15,394.8866,0.02779727683041444
MSFT,2026-07-16,400.3463,0.013825994601994518
MSFT,2026-07-17,393.08,-0.018150036605808495
MSFT,2026-07-20,401.5341,0.021507326752823852
MSFT,2026-07-21,397.0026,-0.011285467411111694
MSFT,2026-07-22,389.6066,-0.018629600914452316
MSFT,2026-07-23,380.863,-0.02244212495373543
MSFT,2026-07-24,380.9828,0.0003145488010123376
MSFT,2026-07-27,388.3689,0.01938696445088861
MSFT,2026-07-28,392.6109,0.010922604770876365
MSFT,2026-07-29,389.8062,-0.0071437140435989255
MSFT,2026-07-30,450.2524,0.1550673129365312
MSFT,2026-07-31,463.8468,0.03019284294764435
MSFT,2026-08-03,486.7337,0.04934150672161586
MSFT,2026-08-04,491.884,0.010581350746825313
MSFT,2026-08-05,486.5441,-0.010856014832765437
MSFT,2026-08-06,498.9207,0.025437776349564123
MSFT,2026-08-07,499.0505,0.0002601615847970251
MSFT,2026-08-10,505.1091,0.01214025434299737
MSFT,2026-08-11,502.8633,-0.004446168164461972
MSFT,2026-08-12,491.5047,-0.022587848427196744
MSFT,2026-08-13,495.9464,0.009036943085183102
MSFT,2026-08-14,494.4691,-0.0029787493164582513
MSFT,2026-08-17,479.4474,-0.03037945141566989
MSFT,2026-08-18,480.725,0.002664734442193284
MSFT,2026-08-19,483.4,0.005564511935097993
MSFT,2026-08-20,481.15,-0.004654530409598623
MSFT,2026-08-21,483.24,0.004343759742284181
MSFT,2026-08-24,487.31,0.008422316033440902
MSFT,2026-08-25,491.71,0.009029160082903998
MSFT,2026-08-26,496.37,0.009477130829147251
MSFT,2026-08-27,505.06,0.01750710155730606
MSFT,2026-08-28,513.53,0.016770284718647277
MSFT,2026-08-31,507.29,-0.012151188830253234
MSFT,2026-09-01,501.02,-0.012359794200555996
MSFT,2026-09-02,496.82,-0.008382898886271972
MSFT,2026-09-03,510.12,0.026770258846262163
MSFT,2026-09-04,510.12,0.0
NOC,2026-05-11,543.3367,
NOC,2026-05-12,553.337,0.018405346077303486
NOC,2026-05-13,546.8948,-0.011642452971697081
NOC,2026-05-14,543.7728,-0.00570859331630158
NOC,2026-05-15,535.8835,-0.014508449116984012
NOC,2026-05-18,545.1108,0.017218854471167777
NOC,2026-05-19,551.3945,0.011527381222312894
NOC,2026-05-20,547.2615,-0.007495540851423121
NOC,2026-05-21,546.6768,-0.0010684106227095702
NOC,2026-05-22,550.6412,0.0072518167955912816
NOC,2026-05-25,550.6412,0.0
NOC,2026-05-26,551.8503,0.002195803728453072
NOC,2026-05-27,546.439,-0.009805738983923673
NOC,2026-05-28,554.3182,0.01441917579089358
NOC,2026-05-29,558.6692,0.007849282235365962
NOC,2026-06-01,536.7787,-0.03918329487288741
NOC,2026-06-02,534.1606,-0.004877429003795952
NOC,2026-06-03,523.6783,-0.019623873419342464
NOC,2026-06-04,542.7018,0.03632669140577338
NOC,2026-06-05,541.9353,-0.001412377847281987
NOC,2026-06-08,538.3615,-0.0065945141421863696
NOC,2026-06-09,546.1859,0.014533728730601991
NOC,2026-06-10,539.6855,-0.011901442347742597
NOC,2026-06-11,550.0186,0.0191465214462867
NOC,2026-06-12,547.8384,-0.003963865949260681
NOC,2026-06-15,542.2638,-0.010175628433494288
NOC,2026-06-16,548.7145,0.011895870607626868
NOC,2026-06-17,547.6593,-0.0019230401237801953
NOC,2026-06-18,519.139,-0.05207671996074936
NOC,2026-06-19,519.139,0.0
NOC,2026-06-22,505.0331,-0.027171720868592097
NOC,2026-06-23,510.8964,0.011609734094656377
NOC,2026-06-24,500.7327,-0.01989385714990355
NOC,2026-06-25,497.0693,-0.0073160790178073976
NOC,2026-06-26,497.7662,0.0014020177870570638
NOC,2026-06-29,493.7743,-0.008019628492252018
NOC,2026-06-30,507.0042,0.026793415534182463
NOC,2026-07-01,517.596,0.020890951199220797
NOC,2026-07-02,546.5244,0.05588992186956632
NOC,2026-07-03,546.5244,0.0
NOC,2026-07-06,545.2701,-0.0022950484918881076
NOC,2026-07-07,546.5543,0.00235516306505712
NOC,2026-07-08,542.6421,-0.007157934719386527
NOC,2026-07-09,529.8204,-0.023628280960876547
NOC,2026-07-10,537.1869,0.013903768144828188
NOC,2026-07-13,539.367,0.004058364044245977
NOC,2026-07-14,526.2765,-0.02427011663672396
NOC,2026-07-15,522.8421,-0.0065258471544902275
NOC,2026-07-16,516.3019,-0.012508939123302976
NOC,2026-07-17,519.2087,0.005630039323891722
NOC,2026-07-20,521.5878,0.0045821651293593835
NOC,2026-07-21,509.9706,-0.022272760214100185
NOC,2026-07-22,522.9019,0.02535695194977894
NOC,2026-07-23,531.0647,0.015610576285915334
NOC,2026-07-24,539.785,0.016420409791876533
NOC,2026-07-27,545.1009,0.009848180294006026
NOC,2026-07-28,546.7335,0.0029950418353739128
NOC,2026-07-29,532.6276,-0.02580032136315047
NOC,2026-07-30,532.4285,-0.0003738071402984433
NOC,2026-07-31,540.024,0.014265765262377883
NOC,2026-08-03,545.9868,0.01104173147860088
NOC,2026-08-04,549.0529,0.005615703529828986
NOC,2026-08-05,554.9461,0.010733391991919028
NOC,2026-08-06,565.1696,0.01842250986176852
NOC,2026-08-07,568.9922,0.006763633429682114
NOC,2026-08-10,575.2737,0.011039694392998678
NOC,2026-08-11,573.0836,-0.0038070574058920448
NOC,2026-08-12,574.7062,0.0028313495622627194
NOC,2026-08-13,572.1379,-0.004468892105218281
NOC,2026-08-14,583.2175,0.019365261416871782
NOC,2026-08-17,567.6185,-0.026746453938710557
NOC,2026-08-18,586.4728,0.033216500166925345
NOC,2026-08-19,580.2013,-0.010693590563790933
NOC,2026-08-20,561.3072,-0.0325647322748156
NOC,2026-08-21,548.5353,-0.022753850298018574
NOC,2026-08-24,546.7932,-0.0031759122885984814
NOC,2026-08-25,540.0638,-0.012307029421726456
NOC,2026-08-26,547.4601,0.013695233785341543
NOC,2026-08-27,542.662,-0.008764291680800063
NOC,2026-08-28,543.1,0.0008071322480660559
NOC,2026-08-31,539.7,-0.006260357208617173
NOC,2026-09-01,532.91,-0.012581063553826377
NOC,2026-09-02,523.82,-0.017057289223320837
NOC,2026-09-03,528.24,0.00843801305792069
NOC,2026-09-04,528.24,0.0
NVDA,2026-05-11,219.1845,
NVDA,2026-05-12,220.523,0.0061067274373871605
NVDA,2026-05-13,225.5671,0.022873351079025772
NVDA,2026-05-14,235.4656,0.04388272935193105
NVDA,2026-05-15,225.0577,-0.044201361048068155
NVDA,2026-05-18,222.0612,-0.013314363383256866
NVDA,2026-05-19,220.3532,-0.007691573314023481
NVDA,2026-05-20,223.2099,0.01296418658771481
NVDA,2026-05-21,219.2545,-0.01772054017317326
NVDA,2026-05-22,215.0793,-0.01904271063991858
NVDA,2026-05-25,215.0793,0.0
NVDA,2026-05-26,214.6099,-0.0021824508448743396
NVDA,2026-05-27,212.3525,-0.010518620063659778
NVDA,2026-05-28,214.0006,0.007761151858348692
NVDA,2026-05-29,210.8942,-0.014515847151830297
NVDA,2026-06-01,224.0988,0.06261243789539961
NVDA,2026-06-02,222.5606,-0.006863936799304637
NVDA,2026-06-03,214.5,-0.03621755153427875
NVDA,2026-06-04,218.66,0.019393939393939297
NVDA,2026-06-05,205.1,-0.06201408579529866
NVDA,2026-06-08,208.64,0.0172598732325695
NVDA,2026-06-09,208.19,-0.002156825153374231
NVDA,2026-06-10,200.42,-0.03732167731399205
NVDA,2026-06-11,204.87,0.022203372916874686
NVDA,2026-06-12,205.19,0.0015619661248595929
NVDA,2026-06-15,212.45,0.03538184122033239
NVDA,2026-06-16,207.41,-0.023723228995057632
NVDA,2026-06-17,204.65,-0.013306976519936287
NVDA,2026-06-18,210.69,0.029513804055704806
NVDA,2026-06-19,210.69,0.0
NVDA,2026-06-22,208.65,-0.009682471878114773
NVDA,2026-06-23,200.04,-0.04126527677929559
NVDA,2026-06-24,199.0,-0.005198960207958403
NVDA,2026-06-25,195.74,-0.01638190954773866
NVDA,2026-06-26,192.53,-0.016399305200776593
NVDA,2026-06-29,194.97,0.012673349607853268
NVDA,2026-06-30,200.09,0.02626045032569113
NVDA,2026-07-01,197.58,-0.01254435504023188
NVDA,2026-07-02,194.83,-0.013918412794817314
NVDA,2026-07-03,194.83,0.0
NVDA,2026-07-06,195.55,0.003695529435918443
NVDA,2026-07-07,196.93,0.00705701866530295
NVDA,2026-07-08,204.12,0.03651043518001318
NVDA,2026-07-09,202.78,-0.006564765824025098
NVDA,2026-07-10,210.96,0.04033928395305253
NVDA,2026-07-13,203.53,-0.035219946909366695
NVDA,2026-07-14,211.8,0.040632830540952236
NVDA,2026-07-15,212.5,0.003305004721435356
NVDA,2026-07-16,207.4,-0.02400000000000002
NVDA,2026-07-17,202.81,-0.022131147540983664
NVDA,2026-07-20,203.28,0.0023174399684433578
NVDA,2026-07-21,207.29,0.01972648563557655
NVDA,2026-07-22,212.06,0.023011240291379353
NVDA,2026-07-23,208.76,-0.015561633499952876
NVDA,2026-07-24,206.84,-0.009197164207702557
NVDA,2026-07-27,196.51,-0.04994198414233231
NVDA,2026-07-28,197.01,0.002544399776092776
NVDA,2026-07-29,190.01,-0.03553119131008575
NVDA,2026-07-30,195.04,0.026472290932056275
NVDA,2026-07-31,200.75,0.02927604593929445
NVDA,2026-08-03,206.64,0.029339975093399584
NVDA,2026-08-04,211.94,0.025648470770422094
NVDA,2026-08-05,219.22,0.03434934415400592
NVDA,2026-08-06,218.99,-0.0010491743454064117
NVDA,2026-08-07,223.96,0.022695100232887233
NVDA,2026-08-10,217.55,-0.028621182353991803
NVDA,2026-08-11,217.5,-0.0002298322224776328
NVDA,2026-08-12,224.09,0.0302988505747126
NVDA,2026-08-13,225.3,0.005399616225623571
NVDA,2026-08-14,225.16,-0.0006213936972925271
NVDA,2026-08-17,225.01,-0.0006661929294724533
NVDA,2026-08-18,219.74,-0.023421181280831926
NVDA,2026-08-19,217.56,-0.009920815509238179
NVDA,2026-08-20,216.85,-0.003263467549181831
NVDA,2026-08-21,214.72,-0.009822457920221295
NVDA,2026-08-24,208.48,-0.029061102831594687
NVDA,2026-08-25,213.05,0.021920567920184375
NVDA,2026-08-26,209.66,-0.01591175780333265
NVDA,2026-08-27,227.98,0.08737956691786697
NVDA,2026-08-28,217.55,-0.045749627160277084
NVDA,2026-08-31,220.78,0.014847161572052459
NVDA,2026-09-01,217.44,-0.015128181900534443
NVDA,2026-09-02,224.41,0.03205481972038271
NVDA,2026-09-03,228.45,0.01800276280023172
NVDA,2026-09-04,228.45,0.0
NVO,2026-05-11,45.8146,
NVO,2026-05-12,46.407,0.012930375906370362
NVO,2026-05-13,46.486,0.0017023293899627312
NVO,2026-05-14,45.2221,-0.027188831045906303
NVO,2026-05-15,44.1755,-0.023143551493628123
NVO,2026-05-18,43.7213,-0.010281717241457322
NVO,2026-05-19,43.7213,0.0
NVO,2026-05-20,44.5013,0.01784027464874094
NVO,2026-05-21,43.8299,-0.015087199699784004
NVO,2026-05-22,44.3927,0.012840549487906472
NVO,2026-05-25,44.3927,0.0
NVO,2026-05-26,43.6325,-0.01712443712592382
NVO,2026-05-27,43.9879,0.008145304532172215
NVO,2026-05-28,44.9358,0.021549107822832925
NVO,2026-05-29,45.0049,0.0015377494113824053
NVO,2026-06-01,43.514,-0.033127503894020305
NVO,2026-06-02,42.3785,-0.02609504986900768
NVO,2026-06-03,41.4701,-0.02143539766626945
NVO,2026-06-04,43.198,0.041666164296686015
NVO,2026-06-05,42.418,-0.018056391499606472
NVO,2026-06-08,40.5024,-0.045160073553680014
NVO,2026-06-09,41.6577,0.028524235600853265
NVO,2026-06-10,42.2699,0.01469596257114536
NVO,2026-06-11,43.4053,0.026860721222430106
NVO,2026-06-12,43.3264,-0.0018177503668905803
NVO,2026-06-15,43.3659,0.0009116843310315037
NVO,2026-06-16,43.0005,-0.00842597524783295
NVO,2026-06-17,42.9709,-0.0006883640887896947
NVO,2026-06-18,42.6451,-0.007581875175991182
NVO,2026-06-19,42.6451,0.0
NVO,2026-06-22,45.3011,0.062281481342522316
NVO,2026-06-23,46.8217,0.03356651383741238
NVO,2026-06-24,46.8118,-0.0002114404218557242
NVO,2026-06-25,47.0389,0.0048513409012258535
NVO,2026-06-26,47.4635,0.009026571624761726
NVO,2026-06-29,47.7301,0.005616947759857549
NVO,2026-06-30,47.3351,-0.00827570023947155
NVO,2026-07-01,48.1547,0.017314846699383768
NVO,2026-07-02,49.7937,0.034036137697877944
NVO,2026-07-03,49.7937,0.0
NVO,2026-07-06,48.6385,-0.02319972205319143
NVO,2026-07-07,49.0137,0.007714053681754152
NVO,2026-07-08,48.2731,-0.015110061064559477
NVO,2026-07-09,48.2633,-0.00020301161516456112
NVO,2026-07-10,48.8557,0.01227433681492962
NVO,2026-07-13,48.6582,-0.004042517045093952
NVO,2026-07-14,48.4509,-0.004260330221833142
NVO,2026-07-15,49.9221,0.030364761026111076
NVO,2026-07-16,50.8305,0.018196349913164767
NVO,2026-07-17,49.6851,-0.022533714993950515
NVO,2026-07-20,48.9841,-0.014108857585070744
NVO,2026-07-21,48.757,-0.004636198276583681
NVO,2026-07-22,47.582,-0.024099103718440373
NVO,2026-07-23,47.5721,-0.00020806187213651128
NVO,2026-07-24,48.1547,0.012246673995892632
NVO,2026-07-27,49.0433,0.01845302743034427
NVO,2026-07-28,50.317,0.025970927731209015
NVO,2026-07-29,50.9292,0.01216686209432205
NVO,2026-07-30,50.9588,0.0005811989978243837
NVO,2026-07-31,46.486,-0.0877728674929551
NVO,2026-08-03,46.4959,0.0002129673450070868
NVO,2026-08-04,43.7213,-0.059674078789742735
NVO,2026-08-05,43.9682,0.005647133090736167
NVO,2026-08-06,45.39,0.032337007200658574
NVO,2026-08-07,46.6637,0.02806124697069845
NVO,2026-08-10,47.1278,0.009945632258050674
NVO,2026-08-11,46.5748,-0.011734050815017882
NVO,2026-08-12,45.8047,-0.016534692580537302
NVO,2026-08-13,46.1305,0.00711280720100782
NVO,2026-08-14,45.311,-0.017764819371131835
NVO,2026-08-17,44.88,-0.009512039019222596
NVO,2026-08-18,45.71,0.01849376114082002
NVO,2026-08-19,46.48,0.016845329249617125
NVO,2026-08-20,46.14,-0.0073149741824439785
NVO,2026-08-21,46.74,0.013003901170351106
NVO,2026-08-24,46.92,0.0038510911424902705
NVO,2026-08-25,48.66,0.037084398976982014
NVO,2026-08-26,47.19,-0.030209617755856955
NVO,2026-08-27,46.26,-0.019707565162110585
NVO,2026-08-28,45.61,-0.014051015996541238
NVO,2026-08-31,45.33,-0.0061390046042534285
NVO,2026-09-01,45.12,-0.0046326935804102964
NVO,2026-09-02,46.77,0.03656914893617036
NVO,2026-09-03,47.51,0.015822108189009976
NVO,2026-09-04,47.51,0.0
PANW,2026-05-11,213.66,
PANW,2026-05-12,215.6,0.009079846485069654
PANW,2026-05-13,227.79,0.05653988868274573
PANW,2026-05-14,238.21,0.04574388691338527
PANW,2026-05-15,242.83,0.019394651777843164
PANW,2026-05-18,247.55,0.019437466540378034
PANW,2026-05-19,240.13,-0.02997374267824693
PANW,2026-05-20,246.66,0.02719360346478994
PANW,2026-05-21,252.92,0.025379064299035026
PANW,2026-05-22,260.58,0.030286256523802013
PANW,2026-05-25,260.58,0.0
PANW,2026-05-26,256.75,-0.0146979814260495
PANW,2026-05-27,248.47,-0.03224926971762421
PANW,2026-05-28,257.77,0.03742906588320505
PANW,2026-05-29,281.69,0.09279590332466925
PANW,2026-06-01,300.48,0.06670453335226667
PANW,2026-06-02,297.18,-0.01098242811501604
PANW,2026-06-03,280.43,-0.05636314691432798
PANW,2026-06-04,279.25,-0.0042078236993189355
PANW,2026-06-05,272.05,-0.025783348254252436
PANW,2026-06-08,266.33,-0.02102554677449009
PANW,2026-06-09,260.52,-0.021815041489881004
PANW,2026-06-10,263.22,0.010363887609396771
PANW,2026-06-11,279.53,0.06196337664311202
PANW,2026-06-12,279.62,0.0003219690194256053
PANW,2026-06-15,284.54,0.017595307917888547
PANW,2026-06-16,279.9,-0.016307021859844117
PANW,2026-06-17,282.13,0.007967131118256532
PANW,2026-06-18,287.78,0.02002622904334883
PANW,2026-06-19,287.78,0.0
PANW,2026-06-22,286.4,-0.0047953297657933325
PANW,2026-06-23,290.92,0.015782122905028118
PANW,2026-06-24,285.26,-0.019455520417984373
PANW,2026-06-25,293.09,0.02744864334291508
PANW,2026-06-26,304.2,0.03790644511924679
PANW,2026-06-29,332.0,0.09138724523339903
PANW,2026-06-30,341.02,0.027168674698795137
PANW,2026-07-01,352.04,0.03231482024514709
PANW,2026-07-02,348.06,-0.01130553346210661
PANW,2026-07-03,348.06,0.0
PANW,2026-07-06,357.53,0.027207952651841616
PANW,2026-07-07,337.04,-0.057309876094313594
PANW,2026-07-08,320.59,-0.048807263232850784
PANW,2026-07-09,338.31,0.05527309023987037
PANW,2026-07-10,325.91,-0.03665277408294165
PANW,2026-07-13,330.3,0.013469976373845505
PANW,2026-07-14,352.89,0.06839237057220693
PANW,2026-07-15,354.02,0.003202130975658024
PANW,2026-07-16,353.99,-8.47409750860395e-05
PANW,2026-07-17,358.68,0.013248961835080175
PANW,2026-07-20,348.66,-0.027935764469722235
PANW,2026-07-21,342.15,-0.01867148511443828
PANW,2026-07-22,335.28,-0.02007891275756246
PANW,2026-07-23,325.63,-0.028781913624433275
PANW,2026-07-24,323.79,-0.005650585019807641
PANW,2026-07-27,317.32,-0.01998208715525507
PANW,2026-07-28,319.0,0.0052943400983234135
PANW,2026-07-29,314.15,-0.01520376175548599
PANW,2026-07-30,325.68,0.036702212318955985
PANW,2026-07-31,331.83,0.01888356669123059
PANW,2026-08-03,347.13,0.04610794684024966
PANW,2026-08-04,366.34,0.05533949817071404
PANW,2026-08-05,362.66,-0.010045313097122754
PANW,2026-08-06,359.49,-0.00874096950311587
PANW,2026-08-07,363.86,0.012156110044785784
PANW,2026-08-10,385.04,0.05820920134117524
PANW,2026-08-11,383.8,-0.0032204446291295152
PANW,2026-08-12,387.01,0.008363731109953143
PANW,2026-08-13,396.0,0.02322937391798674
PANW,2026-08-14,384.27,-0.02962121212121216
PANW,2026-08-17,375.76,-0.02214588700653186
PANW,2026-08-18,374.14,-0.00431126250798386
PANW,2026-08-19,359.76,-0.038434810498743754
PANW,2026-08-20,349.56,-0.028352234823215472
PANW,2026-08-21,357.87,0.023772742876759345
PANW,2026-08-24,350.9,-0.019476346159219893
PANW,2026-08-25,339.9,-0.031347962382445194
PANW,2026-08-26,339.31,-0.0017358046484259315
PANW,2026-08-27,382.85,0.12831923609678464
PANW,2026-08-28,371.59,-0.029410996473814954
PANW,2026-08-31,382.13,0.028364595387389446
PANW,2026-09-01,362.09,-0.052442885928872474
PANW,2026-09-02,328.48,-0.09282222651826888
PANW,2026-09-03,331.94,0.010533365806137285
PANW,2026-09-04,331.94,0.0
PICK,2026-05-11,65.3611,
PICK,2026-05-12,65.6983,0.005159031901238009
PICK,2026-05-13,66.9279,0.01871585718351909
PICK,2026-05-14,65.7181,-0.018076168533600945
PICK,2026-05-15,62.3861,-0.0507014049401916
PICK,2026-05-18,62.1481,-0.0038149523691975995
PICK,2026-05-19,60.4622,-0.027127136630081927
PICK,2026-05-20,62.1679,0.02821101448508334
PICK,2026-05-21,62.9612,0.01276060474939622
PICK,2026-05-22,63.0406,0.001261094134165086
PICK,2026-05-25,63.0406,0.0
PICK,2026-05-26,65.3313,0.036336900346760626
PICK,2026-05-27,64.8851,-0.006829804396973671
PICK,2026-05-28,65.6983,0.01253292358338065
PICK,2026-05-29,65.5396,-0.002415587617944581
PICK,2026-06-01,66.4123,0.013315613766333723
PICK,2026-06-02,68.3559,0.029265663137701958
PICK,2026-06-03,66.4817,-0.027418262359211187
PICK,2026-06-04,66.1048,-0.005669229276628052
PICK,2026-06-05,61.2655,-0.07320648424925258
PICK,2026-06-08,61.5134,0.0040463229713296744
PICK,2026-06-09,61.325,-0.003062747303839375
PICK,2026-06-10,59.8375,-0.024256013045250824
PICK,2026-06-11,63.2488,0.05700940045957803
PICK,2026-06-12,64.538,0.02038299540860855
PICK,2026-06-15,65.82,0.019864266013821297
PICK,2026-06-16,65.6,-0.0033424491036159187
PICK,2026-06-17,64.08,-0.023170731707316983
PICK,2026-06-18,62.91,-0.018258426966292207
PICK,2026-06-19,62.91,0.0
PICK,2026-06-22,62.49,-0.0066762041010967055
PICK,2026-06-23,59.75,-0.0438470155224836
PICK,2026-06-24,58.3,-0.024267782426778295
PICK,2026-06-25,58.64,0.005831903945111572
PICK,2026-06-26,57.96,-0.011596180081855367
PICK,2026-06-29,57.88,-0.0013802622498274575
PICK,2026-06-30,58.15,0.0046648237733240006
PICK,2026-07-01,57.29,-0.014789337919174583
PICK,2026-07-02,57.74,0.00785477395706069
PICK,2026-07-03,57.74,0.0
PICK,2026-07-06,58.59,0.014721163837894125
PICK,2026-07-07,56.71,-0.032087386926096695
PICK,2026-07-08,55.84,-0.01534120966319874
PICK,2026-07-09,56.49,0.01164040114613174
PICK,2026-07-10,57.32,0.014692865993981119
PICK,2026-07-13,56.56,-0.013258897418004123
PICK,2026-07-14,58.37,0.03200141442715698
PICK,2026-07-15,58.25,-0.002055850608189136
PICK,2026-07-16,56.66,-0.027296137339055893
PICK,2026-07-17,56.27,-0.006883162725026315
PICK,2026-07-20,55.97,-0.005331437711036169
PICK,2026-07-21,57.62,0.02948007861354296
PICK,2026-07-22,58.56,0.0163137799375217
PICK,2026-07-23,58.04,-0.008879781420765065
PICK,2026-07-24,58.03,-0.00017229496898685248
PICK,2026-07-27,58.22,0.003274168533517141
PICK,2026-07-28,57.95,-0.004637581587083384
PICK,2026-07-29,57.47,-0.008283002588438393
PICK,2026-07-30,59.56,0.03636680006960158
PICK,2026-07-31,59.15,-0.006883814640698538
PICK,2026-08-03,59.39,0.004057480980558026
PICK,2026-08-04,61.82,0.04091597912106404
PICK,2026-08-05,63.25,0.02313167259786475
PICK,2026-08-06,62.25,-0.015810276679841917
PICK,2026-08-07,63.64,0.022329317269076387
PICK,2026-08-10,64.14,0.007856693903205425
PICK,2026-08-11,63.69,-0.007015902712815714
PICK,2026-08-12,63.67,-0.00031402103940958437
PICK,2026-08-13,62.23,-0.02261661693105077
PICK,2026-08-14,62.04,-0.0030531897798489194
PICK,2026-08-17,63.05,0.016279819471308743
PICK,2026-08-18,61.87,-0.018715305313243502
PICK,2026-08-19,63.23,0.02198157426862779
PICK,2026-08-20,63.56,0.005219041594179963
PICK,2026-08-21,65.7,0.033668974197608614
PICK,2026-08-24,65.87,0.0025875190258752845
PICK,2026-08-25,66.94,0.016244117200546526
PICK,2026-08-26,66.41,-0.007917538093815346
PICK,2026-08-27,66.66,0.003764493299202032
PICK,2026-08-28,65.76,-0.013501350135013412
PICK,2026-08-31,65.2,-0.008515815085158196
PICK,2026-09-01,64.12,-0.016564417177914126
PICK,2026-09-02,64.88,0.011852776044915636
PICK,2026-09-03,65.18,0.0046239210850802515
PICK,2026-09-04,65.18,0.0
REMX,2026-05-11,109.53,
REMX,2026-05-12,108.03,-0.013694878115584785
REMX,2026-05-13,106.26,-0.016384337683976624
REMX,2026-05-14,99.85,-0.06032373423677784
REMX,2026-05-15,96.57,-0.03284927391086634
REMX,2026-05-18,94.69,-0.019467743605674603
REMX,2026-05-19,92.13,-0.027035589819410788
REMX,2026-05-20,95.18,0.03310539455117789
REMX,2026-05-21,95.7,0.005463332632906104
REMX,2026-05-22,96.82,0.011703239289446055
REMX,2026-05-25,96.82,0.0
REMX,2026-05-26,98.96,0.02210287130758104
REMX,2026-05-27,98.03,-0.009397736459175299
REMX,2026-05-28,101.5,0.03539732734877088
REMX,2026-05-29,99.63,-0.018423645320197135
REMX,2026-06-01,99.45,-0.0018066847335139746
REMX,2026-06-02,102.18,0.027450980392156987
REMX,2026-06-03,98.32,-0.03777647289097685
REMX,2026-06-04,97.0,-0.013425549227013778
REMX,2026-06-05,88.59,-0.08670103092783499
REMX,2026-06-08,87.42,-0.01320690822891979
REMX,2026-06-09,88.03,0.006977808281857678
REMX,2026-06-10,85.13,-0.03294331477905266
REMX,2026-06-11,92.96,0.09197697638905211
REMX,2026-06-12,95.5,0.027323580034423367
REMX,2026-06-15,96.89,0.014554973821989448
REMX,2026-06-16,96.78,-0.0011353080813293337
REMX,2026-06-17,96.04,-0.007646207894193013
REMX,2026-06-18,95.55,-0.005102040816326592
REMX,2026-06-19,95.55,0.0
REMX,2026-06-22,97.29,0.018210361067503955
REMX,2026-06-23,91.82,-0.05622366121903599
REMX,2026-06-24,90.67,-0.01252450446525799
REMX,2026-06-25,89.21,-0.01610234917833908
REMX,2026-06-26,86.53,-0.03004147517094491
REMX,2026-06-29,86.38,-0.0017335028313880674
REMX,2026-06-30,88.5,0.024542718221810755
REMX,2026-07-01,87.66,-0.009491525423728886
REMX,2026-07-02,86.72,-0.010723248916267414
REMX,2026-07-03,86.72,0.0
REMX,2026-07-06,85.34,-0.01591328413284132
REMX,2026-07-07,81.06,-0.050152331849074305
REMX,2026-07-08,79.65,-0.01739452257586971
REMX,2026-07-09,80.03,0.0047708725674826535
REMX,2026-07-10,79.76,-0.0033737348494313757
REMX,2026-07-13,76.27,-0.04375626880641936
REMX,2026-07-14,79.14,0.03762947423626595
REMX,2026-07-15,76.65,-0.03146322971948434
REMX,2026-07-16,73.23,-0.044618395303326785
REMX,2026-07-17,72.67,-0.007647139150621318
REMX,2026-07-20,69.85,-0.038805559378010335
REMX,2026-07-21,71.95,0.030064423765211234
REMX,2026-07-22,70.96,-0.013759555246699251
REMX,2026-07-23,69.53,-0.02015219842164595
REMX,2026-07-24,67.51,-0.029052207680138054
REMX,2026-07-27,68.72,0.01792327062657373
REMX,2026-07-28,66.09,-0.038271245634458606
REMX,2026-07-29,64.59,-0.0226963231956423
REMX,2026-07-30,66.45,0.028797027403622888
REMX,2026-07-31,65.97,-0.00722347629796849
REMX,2026-08-03,67.63,0.025162952857359366
REMX,2026-08-04,71.52,0.05751885258021594
REMX,2026-08-05,72.46,0.013143176733780626
REMX,2026-08-06,73.42,0.013248688931824626
REMX,2026-08-07,77.04,0.04930536638518124
REMX,2026-08-10,78.45,0.01830218068535827
REMX,2026-08-11,76.72,-0.022052262587635485
REMX,2026-08-12,77.03,0.004040667361835171
REMX,2026-08-13,76.13,-0.011683759574191988
REMX,2026-08-14,78.55,0.03178773151188752
REMX,2026-08-17,78.93,0.004837683004455862
REMX,2026-08-18,76.55,-0.030153300392753213
REMX,2026-08-19,75.99,-0.007315480078380121
REMX,2026-08-20,75.69,-0.003947887879984124
REMX,2026-08-21,80.75,0.06685163165543662
REMX,2026-08-24,79.75,-0.012383900928792602
REMX,2026-08-25,79.12,-0.007899686520376092
REMX,2026-08-26,78.07,-0.013270980788675613
REMX,2026-08-27,79.25,0.015114640707057925
REMX,2026-08-28,77.42,-0.023091482649842288
REMX,2026-08-31,77.52,0.0012916559028675056
REMX,2026-09-01,76.19,-0.017156862745097978
REMX,2026-09-02,76.29,0.0013125082031764101
REMX,2026-09-03,76.03,-0.0034080482369904797
REMX,2026-09-04,76.03,0.0
RTX,2026-05-11,177.2802,
RTX,2026-05-12,177.5581,0.0015675749463277544
RTX,2026-05-13,176.7839,-0.004360262922390001
RTX,2026-05-14,174.372,-0.013643210722243282
RTX,2026-05-15,169.9055,-0.025614777601908667
RTX,2026-05-18,174.64,0.02786548993411042
RTX,2026-05-19,173.1909,-0.008297640861200106
RTX,2026-05-20,173.5482,0.0020630414184579227
RTX,2026-05-21,174.6697,0.006462181687853841
RTX,2026-05-22,176.4239,0.010042955360889616
RTX,2026-05-25,176.4239,0.0
RTX,2026-05-26,178.3774,0.011072762817282644
RTX,2026-05-27,176.0053,-0.013298209302299413
RTX,2026-05-28,178.3675,0.013421186748353575
RTX,2026-05-29,179.0652,0.003911587032390917
RTX,2026-06-01,173.8325,-0.029222316787404723
RTX,2026-06-02,173.683,-0.0008600232982901579
RTX,2026-06-03,171.9787,-0.009812704755214896
RTX,2026-06-04,178.816,0.03975666754080587
RTX,2026-06-05,180.3907,0.008806258947745116
RTX,2026-06-08,178.0685,-0.01287316918222503
RTX,2026-06-09,180.9589,0.01623195567997704
RTX,2026-06-10,176.8226,-0.022857676522127446
RTX,2026-06-11,183.6001,0.038329376448485775
RTX,2026-06-12,182.9223,-0.0036917191221572665
RTX,2026-06-15,183.032,0.0005997081821078609
RTX,2026-06-16,186.1516,0.017044014161458065
RTX,2026-06-17,191.9424,0.031107978658254876
RTX,2026-06-18,184.9855,-0.03624472758494213
RTX,2026-06-19,184.9855,0.0
RTX,2026-06-22,181.228,-0.02031240286400826
RTX,2026-06-23,185.7729,0.02507835433818162
RTX,2026-06-24,184.4473,-0.007135594050585281
RTX,2026-06-25,185.9722,0.00826740212515964
RTX,2026-06-26,187.3676,0.007503271994416583
RTX,2026-06-29,186.7098,-0.003510745721245323
RTX,2026-06-30,189.1018,0.012811325383027539
RTX,2026-07-01,191.145,0.010804762302632831
RTX,2026-07-02,198.5903,0.038951058097256075
RTX,2026-07-03,198.5903,0.0
RTX,2026-07-06,200.7033,0.010639996011889696
RTX,2026-07-07,200.185,-0.002582418923854357
RTX,2026-07-08,194.2647,-0.02957414391687685
RTX,2026-07-09,194.5537,0.001487660908028987
RTX,2026-07-10,195.2813,0.003739841493633822
RTX,2026-07-13,195.7398,0.0023478950621489414
RTX,2026-07-14,192.7497,-0.015275891770605732
RTX,2026-07-15,195.2414,0.012927127772442759
RTX,2026-07-16,193.7165,-0.007810331210491239
RTX,2026-07-17,192.8693,-0.004373401336489113
RTX,2026-07-20,193.7962,0.004805845201906189
RTX,2026-07-21,193.0288,-0.0039598299657063185
RTX,2026-07-22,194.2348,0.006247772353141112
RTX,2026-07-23,208.4675,0.07327574667361358
RTX,2026-07-24,212.0854,0.01735474354515687
RTX,2026-07-27,217.6968,0.02645820975889901
RTX,2026-07-28,217.8563,0.0007326703929502187
RTX,2026-07-29,214.5373,-0.015234813039604611
RTX,2026-07-30,213.6702,-0.00404172141627579
RTX,2026-07-31,214.5074,0.003918187936361672
RTX,2026-08-03,215.9327,0.006644526016351904
RTX,2026-08-04,217.2084,0.005907859254295378
RTX,2026-08-05,221.5739,0.020098209829822355
RTX,2026-08-06,222.5108,0.004228386105042059
RTX,2026-08-07,222.2915,-0.0009855701386178861
RTX,2026-08-10,223.3779,0.004887276391584816
RTX,2026-08-11,223.1188,-0.0011599177895397217
RTX,2026-08-12,222.0224,-0.00491397408017602
RTX,2026-08-13,219.75,-0.01023500331498084
RTX,2026-08-14,222.97,0.014653014789533625
RTX,2026-08-17,221.64,-0.005964928017222149
RTX,2026-08-18,225.49,0.017370510738134115
RTX,2026-08-19,220.35,-0.022794802430262995
RTX,2026-08-20,212.29,-0.036578171091445455
RTX,2026-08-21,209.91,-0.011211079184134887
RTX,2026-08-24,209.22,-0.003287123052736929
RTX,2026-08-25,210.28,0.0050664372430933025
RTX,2026-08-26,211.99,0.008132014456914582
RTX,2026-08-27,212.08,0.00042454832775140616
RTX,2026-08-28,211.71,-0.001744624669935857
RTX,2026-08-31,207.73,-0.018799300930518292
RTX,2026-09-01,205.16,-0.012371828816251873
RTX,2026-09-02,200.78,-0.021349190875414314
RTX,2026-09-03,202.13,0.006723777268652142
RTX,2026-09-04,202.13,0.0
SIE.DE,2026-05-11,268.65,
SIE.DE,2026-05-12,264.6,-0.015075376884421954
SIE.DE,2026-05-13,266.8,0.008314436885865417
SIE.DE,2026-05-14,273.7,0.025862068965517127
SIE.DE,2026-05-15,259.6,-0.05151625867738385
SIE.DE,2026-05-18,260.5,0.003466872110939878
SIE.DE,2026-05-19,256.8,-0.014203454894433754
SIE.DE,2026-05-20,264.1,0.028426791277258667
SIE.DE,2026-05-21,264.05,-0.00018932222642942254
SIE.DE,2026-05-22,268.6,0.0172315849270972
SIE.DE,2026-05-25,276.75,0.03034251675353672
SIE.DE,2026-05-26,272.55,-0.015176151761517542
SIE.DE,2026-05-27,274.05,0.005503577325261411
SIE.DE,2026-05-28,271.65,-0.008757525998905447
SIE.DE,2026-05-29,269.8,-0.006810233756672113
SIE.DE,2026-06-01,272.65,0.010563380281690016
SIE.DE,2026-06-02,278.7,0.022189620392444542
SIE.DE,2026-06-03,275.0,-0.013275923932543954
SIE.DE,2026-06-04,272.05,-0.010727272727272696
SIE.DE,2026-06-05,268.8,-0.011946333394596609
SIE.DE,2026-06-08,268.0,-0.0029761904761904656
SIE.DE,2026-06-09,264.3,-0.013805970149253666
SIE.DE,2026-06-10,258.4,-0.022323117669315273
SIE.DE,2026-06-11,258.5,0.0003869969040248833
SIE.DE,2026-06-12,264.5,0.023210831721470093
SIE.DE,2026-06-15,270.35,0.022117202268431058
SIE.DE,2026-06-16,273.05,0.009987053819123348
SIE.DE,2026-06-17,273.1,0.0001831166453030164
SIE.DE,2026-06-18,276.8,0.01354815086049066
SIE.DE,2026-06-19,274.5,-0.008309248554913329
SIE.DE,2026-06-22,279.0,0.016393442622950838
SIE.DE,2026-06-23,272.25,-0.024193548387096753
SIE.DE,2026-06-24,271.4,-0.0031221303948577583
SIE.DE,2026-06-25,272.4,0.003684598378776771
SIE.DE,2026-06-26,267.5,-0.01798825256975034
SIE.DE,2026-06-29,269.2,0.006355140186915742
SIE.DE,2026-06-30,281.15,0.044390787518573616
SIE.DE,2026-07-01,273.45,-0.027387515561088316
SIE.DE,2026-07-02,276.9,0.012616566099835413
SIE.DE,2026-07-03,284.1,0.02600216684723744
SIE.DE,2026-07-06,281.6,-0.008799718409010948
SIE.DE,2026-07-07,269.6,-0.042613636363636354
SIE.DE,2026-07-08,265.55,-0.015022255192878364
SIE.DE,2026-07-09,273.8,0.03106759555639238
SIE.DE,2026-07-10,272.85,-0.003469685902118269
SIE.DE,2026-07-13,272.1,-0.002748763056624526
SIE.DE,2026-07-14,272.9,0.0029400955531053707
SIE.DE,2026-07-15,270.1,-0.010260168559911853
SIE.DE,2026-07-16,270.7,0.002221399481673325
SIE.DE,2026-07-17,264.55,-0.02271887698559283
SIE.DE,2026-07-20,265.15,0.002268002268002167
SIE.DE,2026-07-21,270.45,0.0199886856496323
SIE.DE,2026-07-22,271.25,0.002958032908116248
SIE.DE,2026-07-23,268.2,-0.011244239631336472
SIE.DE,2026-07-24,272.25,0.015100671140939603
SIE.DE,2026-07-27,272.75,0.0018365472910928382
SIE.DE,2026-07-28,271.75,-0.0036663611365719273
SIE.DE,2026-07-29,271.25,-0.0018399264029438367
SIE.DE,2026-07-30,281.1,0.036313364055299724
SIE.DE,2026-07-31,282.65,0.005514051938811715
SIE.DE,2026-08-03,285.3,0.009375552803821074
SIE.DE,2026-08-04,287.45,0.007535927094286743
SIE.DE,2026-08-05,285.95,-0.005218298834579915
SIE.DE,2026-08-06,273.1,-0.04493792621087589
SIE.DE,2026-08-07,279.8,0.024533138044672276
SIE.DE,2026-08-10,276.95,-0.010185847033595485
SIE.DE,2026-08-11,280.25,0.011915508214479287
SIE.DE,2026-08-12,281.95,0.006066012488849193
SIE.DE,2026-08-13,284.1,0.007625465508068974
SIE.DE,2026-08-14,284.0,-0.0003519887363605534
SIE.DE,2026-08-17,282.3,-0.005985915492957683
SIE.DE,2026-08-18,275.8,-0.02302515054906129
SIE.DE,2026-08-19,276.65,0.0030819434372733046
SIE.DE,2026-08-20,276.0,-0.002349539128863154
SIE.DE,2026-08-21,280.35,0.015760869565217384
SIE.DE,2026-08-24,280.6,0.0008917424647760797
SIE.DE,2026-08-25,285.55,0.01764076977904483
SIE.DE,2026-08-26,288.1,0.008930134827525915
SIE.DE,2026-08-27,286.95,-0.003991669559180955
SIE.DE,2026-08-28,289.85,0.010106290294476405
SIE.DE,2026-08-31,285.6,-0.014662756598240456
SIE.DE,2026-09-01,277.85,-0.02713585434173671
SIE.DE,2026-09-02,273.8,-0.014576210185351823
SIE.DE,2026-09-03,270.6,-0.011687363038714316
SIE.DE,2026-09-04,270.6,0.0
TSM,2026-05-11,403.5948,
TSM,2026-05-12,396.3518,-0.017946217344723014
TSM,2026-05-13,398.8659,0.006343102264200651
TSM,2026-05-14,416.744,0.04482233251827239
TSM,2026-05-15,403.4053,-0.0320069395120266
TSM,2026-05-18,395.0249,-0.020774144514214332
TSM,2026-05-19,391.6927,-0.008435417615446528
TSM,2026-05-20,400.6817,0.022949112914282033
TSM,2026-05-21,406.1987,0.013769034123594759
TSM,2026-05-22,403.5749,-0.006459400288577832
TSM,2026-05-25,403.5749,0.0
TSM,2026-05-26,411.3567,0.01928217042239244
TSM,2026-05-27,421.7423,0.025247188145957056
TSM,2026-05-28,423.8673,0.005038621926233056
TSM,2026-05-29,417.4724,-0.015087033135134487
TSM,2026-06-01,434.6122,0.04105612730326591
TSM,2026-06-02,445.6464,0.025388610812121737
TSM,2026-06-03,435.6697,-0.022387031511979072
TSM,2026-06-04,443.8805,0.01884638752706458
TSM,2026-06-05,414.2,-0.06686596955712176
TSM,2026-06-08,425.8028,0.02801255432158367
TSM,2026-06-09,426.9202,0.0026242194743670844
TSM,2026-06-10,407.795,-0.04479806764823968
TSM,2026-06-11,421.07,0.03255312105347041
TSM,2026-06-12,423.93,0.006792219820932477
TSM,2026-06-15,441.4,0.04120963366593533
TSM,2026-06-16,425.83,-0.03527412777526051
TSM,2026-06-17,432.15,0.01484160345677843
TSM,2026-06-18,462.12,0.06935091981950725
TSM,2026-06-19,462.12,0.0
TSM,2026-06-22,467.67,0.01200986756686584
TSM,2026-06-23,436.39,-0.06688476917484554
TSM,2026-06-24,440.83,0.010174385297554878
TSM,2026-06-25,434.99,-0.013247737222965683
TSM,2026-06-26,432.35,-0.006069105036897393
TSM,2026-06-29,455.1,0.05261940557418754
TSM,2026-06-30,477.57,0.04937376400791038
TSM,2026-07-01,444.23,-0.06981175534476614
TSM,2026-07-02,434.16,-0.022668437521103924
TSM,2026-07-03,434.16,0.0
TSM,2026-07-06,451.79,0.04060714943799515
TSM,2026-07-07,432.57,-0.04254188893069799
TSM,2026-07-08,436.98,0.010194881753242235
TSM,2026-07-09,436.96,-4.5768685065783465e-05
TSM,2026-07-10,434.11,-0.00652233614060771
TSM,2026-07-13,421.58,-0.028863652069751944
TSM,2026-07-14,420.39,-0.0028227145500261397
TSM,2026-07-15,419.48,-0.002164656628368844
TSM,2026-07-16,409.74,-0.02321922380089636
TSM,2026-07-17,398.37,-0.02774930443696
TSM,2026-07-20,402.3,0.009865200692823262
TSM,2026-07-21,424.61,0.0554561272682077
TSM,2026-07-22,421.21,-0.00800734791926716
TSM,2026-07-23,415.58,-0.013366254362431995
TSM,2026-07-24,403.41,-0.029284373646469852
TSM,2026-07-27,399.09,-0.010708708262066047
TSM,2026-07-28,392.31,-0.01698864917687737
TSM,2026-07-29,374.67,-0.04496444138563882
TSM,2026-07-30,403.31,0.07644060106226802
TSM,2026-07-31,404.25,0.0023307133470531483
TSM,2026-08-03,406.11,0.00460111317254186
TSM,2026-08-04,417.17,0.027234000640220524
TSM,2026-08-05,414.0,-0.007598820624685421
TSM,2026-08-06,418.2,0.010144927536231751
TSM,2026-08-07,420.04,0.004399808703969388
TSM,2026-08-10,418.47,-0.0037377392629273087
TSM,2026-08-11,422.06,0.008578870647836023
TSM,2026-08-12,429.15,0.016798559446524086
TSM,2026-08-13,430.49,0.003122451357334244
TSM,2026-08-14,426.35,-0.009616948128876368
TSM,2026-08-17,430.97,0.010836167468042612
TSM,2026-08-18,413.41,-0.0407452954962062
TSM,2026-08-19,412.09,-0.003192956145231296
TSM,2026-08-20,416.0,0.009488218593025843
TSM,2026-08-21,418.95,0.007091346153846212
TSM,2026-08-24,410.12,-0.021076500775748852
TSM,2026-08-25,417.41,0.0177752852823565
TSM,2026-08-26,417.69,0.0006708032869360281
TSM,2026-08-27,427.3,0.023007493595728956
TSM,2026-08-28,417.52,-0.022887900772291192
TSM,2026-08-31,415.32,-0.0052692086606629385
TSM,2026-09-01,414.0,-0.0031782721756717924
TSM,2026-09-02,415.5,0.0036231884057971175
TSM,2026-09-03,417.01,0.003634175691937358
TSM,2026-09-04,417.01,0.0
TXG,2026-05-11,20.5,
TXG,2026-05-12,20.92,0.0204878048780488
TXG,2026-05-13,21.07,0.0071701720841299554
TXG,2026-05-14,21.52,0.0213573801613669
TXG,2026-05-15,21.2,-0.014869888475836479
TXG,2026-05-18,21.45,0.011792452830188704
TXG,2026-05-19,22.29,0.03916083916083912
TXG,2026-05-20,23.98,0.07581875280394801
TXG,2026-05-21,24.68,0.029190992493744794
TXG,2026-05-22,23.68,-0.04051863857374394
TXG,2026-05-25,23.68,0.0
TXG,2026-05-26,24.62,0.039695945945946054
TXG,2026-05-27,25.51,0.036149471974004976
TXG,2026-05-28,27.99,0.09721677773422166
TXG,2026-05-29,28.305,0.0112540192926045
TXG,2026-06-01,29.59,0.045398339515986486
TXG,2026-06-02,30.71,0.03785062521122007
TXG,2026-06-03,32.16,0.04721589058938447
TXG,2026-06-04,33.5,0.04166666666666674
TXG,2026-06-05,31.04,-0.07343283582089555
TXG,2026-06-08,29.18,-0.05992268041237114
TXG,2026-06-09,30.59,0.04832076764907467
TXG,2026-06-10,29.11,-0.04838182412553127
TXG,2026-06-11,29.05,-0.0020611473720371087
TXG,2026-06-12,28.84,-0.0072289156626506035
TXG,2026-06-15,32.22,0.11719833564493753
TXG,2026-06-16,31.75,-0.014587212911235214
TXG,2026-06-17,32.13,0.01196850393700788
TXG,2026-06-18,34.755,0.08169934640522869
TXG,2026-06-19,34.755,0.0
TXG,2026-06-22,32.94,-0.0522227017695297
TXG,2026-06-23,31.87,-0.032483302975106154
TXG,2026-06-24,34.6,0.08566049576404144
TXG,2026-06-25,35.73,0.03265895953757214
TXG,2026-06-26,36.75,0.02854743912678437
TXG,2026-06-29,37.15,0.010884353741496655
TXG,2026-06-30,38.34,0.03203230148048464
TXG,2026-07-01,39.05,0.01851851851851838
TXG,2026-07-02,39.01,-0.0010243277848911436
TXG,2026-07-03,39.01,0.0
TXG,2026-07-06,40.0,0.0253781081773905
TXG,2026-07-07,37.83,-0.05425000000000002
TXG,2026-07-08,37.47,-0.009516256938937317
TXG,2026-07-09,43.1,0.15025353616226322
TXG,2026-07-10,42.73,-0.008584686774942063
TXG,2026-07-13,41.77,-0.022466651064825482
TXG,2026-07-14,45.79,0.09624132152262388
TXG,2026-07-15,45.75,-0.0008735531775496685
TXG,2026-07-16,44.48,-0.02775956284153014
TXG,2026-07-17,43.74,-0.016636690647481855
TXG,2026-07-20,43.22,-0.011888431641518094
TXG,2026-07-21,47.2,0.09208699676075893
TXG,2026-07-22,47.05,-0.0031779661016950733
TXG,2026-07-23,48.06,0.02146652497343271
TXG,2026-07-24,46.27,-0.03724511027881816
TXG,2026-07-27,45.92,-0.0075642965204236745
TXG,2026-07-28,47.05,0.02460801393728218
TXG,2026-07-29,46.32,-0.015515409139213565
TXG,2026-07-30,49.43,0.06714162348877384
TXG,2026-07-31,47.27,-0.04369815901274521
TXG,2026-08-03,47.01,-0.0055003173259996485
TXG,2026-08-04,47.86,0.018081259306530484
TXG,2026-08-05,47.46,-0.008357709987463435
TXG,2026-08-06,45.6,-0.039190897597977226
TXG,2026-08-07,52.03,0.14100877192982453
TXG,2026-08-10,58.57,0.12569671343455702
TXG,2026-08-11,58.48,-0.0015366228444596564
TXG,2026-08-12,57.75,-0.012482900136798869
TXG,2026-08-13,58.15,0.006926406926407003
TXG,2026-08-14,56.09,-0.035425623387790095
TXG,2026-08-17,57.99,0.033874130861116125
TXG,2026-08-18,55.63,-0.04069667183997239
TXG,2026-08-19,62.19,0.11792198454071534
TXG,2026-08-20,63.87,0.027013989387361326
TXG,2026-08-21,65.12,0.019571003601064785
TXG,2026-08-24,63.8,-0.020270270270270396
TXG,2026-08-25,64.72,0.014420062695924774
TXG,2026-08-26,64.26,-0.00710754017305304
TXG,2026-08-27,64.85,0.00918145035792084
TXG,2026-08-28,61.54,-0.05104086353122583
TXG,2026-08-31,62.45,0.014787130321741948
TXG,2026-09-01,59.98,-0.039551641313050556
TXG,2026-09-02,61.65,0.027842614204734994
TXG,2026-09-03,63.22,0.025466342254663488
TXG,2026-09-04,63.22,0.0
VCIT,2026-05-11,81.3509,
VCIT,2026-05-12,81.1345,-0.0026600812037727017
VCIT,2026-05-13,81.2034,0.0008492071806691648
VCIT,2026-05-14,81.105,-0.001211771920880178
VCIT,2026-05-15,80.6526,-0.005577954503421467
VCIT,2026-05-18,80.5542,-0.0012200474628222269
VCIT,2026-05-19,80.2001,-0.004395798108602467
VCIT,2026-05-20,80.7411,0.006745627499217477
VCIT,2026-05-21,80.7903,0.0006093550868144781
VCIT,2026-05-22,80.8689,0.0009728890720790417
VCIT,2026-05-25,80.8689,0.0
VCIT,2026-05-26,81.1837,0.003892720192805843
VCIT,2026-05-27,81.2427,0.0007267468716010139
VCIT,2026-05-28,81.3804,0.0016949215129482553
VCIT,2026-05-29,81.4886,0.001329558468623926
VCIT,2026-06-01,81.4303,-0.0007154374967787147
VCIT,2026-06-02,81.4204,-0.00012157636653675752
VCIT,2026-06-03,81.2427,-0.002182499717515496
VCIT,2026-06-04,81.3513,0.0013367354851574476
VCIT,2026-06-05,80.897,-0.005584422129701561
VCIT,2026-06-08,80.8871,-0.0001223778384860097
VCIT,2026-06-09,81.0649,0.002198125535468387
VCIT,2026-06-10,80.9563,-0.001339667352947993
VCIT,2026-06-11,81.4896,0.006587504616688333
VCIT,2026-06-12,81.4303,-0.0007277002218687434
VCIT,2026-06-15,81.4797,0.0006066537885773826
VCIT,2026-06-16,81.5686,0.0010910693092882617
VCIT,2026-06-17,81.2032,-0.004479664969118113
VCIT,2026-06-18,81.46,0.0031624369482976533
VCIT,2026-06-19,81.46,0.0
VCIT,2026-06-22,81.2723,-0.0023041983795727417
VCIT,2026-06-23,81.3513,0.0009720409044655653
VCIT,2026-06-24,81.6674,0.0038856170706553783
VCIT,2026-06-25,81.7661,0.001208560576190676
VCIT,2026-06-26,81.8846,0.001449255865205945
VCIT,2026-06-29,81.934,0.000603288041951533
VCIT,2026-06-30,81.6279,-0.003735933800375957
VCIT,2026-07-01,81.5009,-0.0015558405888181914
VCIT,2026-07-02,81.6497,0.001825746709545495
VCIT,2026-07-03,81.6497,0.0
VCIT,2026-07-06,81.6992,0.0006062484001778667
VCIT,2026-07-07,81.2629,-0.00534032156985631
VCIT,2026-07-08,81.134,-0.0015862096971680506
VCIT,2026-07-09,81.2332,0.0012226686715803847
VCIT,2026-07-10,81.1241,-0.0013430469315501847
VCIT,2026-07-13,80.7671,-0.004400665153758254
VCIT,2026-07-14,81.015,0.003069319066798304
VCIT,2026-07-15,81.2431,0.002815527988644151
VCIT,2026-07-16,81.1836,-0.0007323698874119877
VCIT,2026-07-17,81.253,0.0008548524578855243
VCIT,2026-07-20,81.0249,-0.0028072809619337225
VCIT,2026-07-21,80.8465,-0.002201792288543336
VCIT,2026-07-22,80.6878,-0.0019629792260643653
VCIT,2026-07-23,80.4399,-0.003072335594724418
VCIT,2026-07-24,80.5093,0.0008627559208800317
VCIT,2026-07-27,80.6382,0.0016010572691602665
VCIT,2026-07-28,80.8266,0.0023363616747398286
VCIT,2026-07-29,80.5787,-0.003067059606614686
VCIT,2026-07-30,80.6977,0.0014768170744874354
VCIT,2026-07-31,80.5787,-0.001474639301987546
VCIT,2026-08-03,80.7699,0.002372835501193382
VCIT,2026-08-04,81.1782,0.005055100972020554
VCIT,2026-08-05,81.1483,-0.00036832548639897933
VCIT,2026-08-06,80.9392,-0.00257676377693683
VCIT,2026-08-07,81.0786,0.0017222804277778891
VCIT,2026-08-10,80.7301,-0.004298298194591488
VCIT,2026-08-11,80.7699,0.000493000751888184
VCIT,2026-08-12,80.8595,0.0011093241417903243
VCIT,2026-08-13,81.1284,0.0033255214291456614
VCIT,2026-08-14,80.8894,-0.0029459474117572437
VCIT,2026-08-17,80.6803,-0.002585011138665827
VCIT,2026-08-18,80.7301,0.000617251051371781
VCIT,2026-08-19,81.0786,0.0043168533174120505
VCIT,2026-08-20,80.76,-0.003929520243319273
VCIT,2026-08-21,80.7102,-0.0006166419019316693
VCIT,2026-08-24,80.8297,0.001480605920936906
VCIT,2026-08-25,81.2379,0.005050123902476278
VCIT,2026-08-26,81.1384,-0.0012247977852700709
VCIT,2026-08-27,81.0985,-0.0004917523638622301
VCIT,2026-08-28,80.8097,-0.0035611016233345616
VCIT,2026-08-31,80.75,-0.0007387726968421937
VCIT,2026-09-01,80.39,-0.004458204334365279
VCIT,2026-09-02,80.46,0.0008707550690383314
VCIT,2026-09-03,80.54,0.000994282873477692
VCIT,2026-09-04,80.54,0.0
VRT,2026-05-11,367.8435,
VRT,2026-05-12,367.0536,-0.0021473806115915872
VRT,2026-05-13,369.913,0.007790142911008102
VRT,2026-05-14,376.1517,0.016865316979938427
VRT,2026-05-15,370.8629,-0.014060284720233795
VRT,2026-05-18,339.6593,-0.08413783098821703
VRT,2026-05-19,322.5629,-0.05033396700752768
VRT,2026-05-20,315.6043,-0.0215728467222982
VRT,2026-05-21,323.3327,0.024487625802309898
VRT,2026-05-22,327.3919,0.012554251394925497
VRT,2026-05-25,327.3919,0.0
VRT,2026-05-26,323.8426,-0.01084113565424194
VRT,2026-05-27,319.7135,-0.012750329944238303
VRT,2026-05-28,314.1146,-0.01751224142865415
VRT,2026-05-29,315.6443,0.004869878700321406
VRT,2026-06-01,323.3228,0.024326433266813163
VRT,2026-06-02,334.4204,0.03432359239744298
VRT,2026-06-03,331.3711,-0.009118163844071603
VRT,2026-06-04,323.8526,-0.0226890637113496
VRT,2026-06-05,300.4475,-0.07227084173478926
VRT,2026-06-08,300.5075,0.00019970211101782986
VRT,2026-06-09,289.4598,-0.03676347512125333
VRT,2026-06-10,280.9216,-0.029497014784090836
VRT,2026-06-11,297.8181,0.06014667437462973
VRT,2026-06-12,302.807,0.016751500328556324
VRT,2026-06-15,311.93,0.030128101397919993
VRT,2026-06-16,299.6,-0.03952809925303746
VRT,2026-06-17,317.58,0.060013351134846404
VRT,2026-06-18,333.05,0.04871213552490716
VRT,2026-06-19,333.05,0.0
VRT,2026-06-22,357.96,0.07479357453835744
VRT,2026-06-23,318.32,-0.11073863001452677
VRT,2026-06-24,316.43,-0.00593742146267906
VRT,2026-06-25,325.57,0.028884745441329684
VRT,2026-06-26,303.95,-0.06640660994563385
VRT,2026-06-29,306.97,0.009935844711301378
VRT,2026-06-30,334.82,0.09072547805974507
VRT,2026-07-01,311.42,-0.06988829819007225
VRT,2026-07-02,300.53,-0.03496885235373459
VRT,2026-07-03,300.53,0.0
VRT,2026-07-06,318.47,0.05969453964662441
VRT,2026-07-07,305.58,-0.0404747699940341
VRT,2026-07-08,317.81,0.04002225276523341
VRT,2026-07-09,323.92,0.01922532330637816
VRT,2026-07-10,318.86,-0.015621141022474694
VRT,2026-07-13,305.87,-0.04073888226808009
VRT,2026-07-14,303.58,-0.007486840814725282
VRT,2026-07-15,304.57,0.0032610843929112843
VRT,2026-07-16,294.11,-0.03434350067308001
VRT,2026-07-17,289.56,-0.015470402230458036
VRT,2026-07-20,291.67,0.007286918082608063
VRT,2026-07-21,304.5,0.04398806870778604
VRT,2026-07-22,301.16,-0.010968801313628873
VRT,2026-07-23,304.04,0.009563022977819191
VRT,2026-07-24,290.36,-0.04499407972635183
VRT,2026-07-27,287.6,-0.009505441520870628
VRT,2026-07-28,269.56,-0.06272600834492359
VRT,2026-07-29,223.04,-0.17257753375871798
VRT,2026-07-30,227.5,0.019996413199426133
VRT,2026-07-31,241.57,0.061846153846153884
VRT,2026-08-03,263.05,0.08891832595107019
VRT,2026-08-04,269.93,0.026154723436609073
VRT,2026-08-05,277.94,0.029674360019264157
VRT,2026-08-06,275.17,-0.009966179751025317
VRT,2026-08-07,272.4,-0.01006650434277001
VRT,2026-08-10,270.1,-0.00844346549192343
VRT,2026-08-11,281.81,0.043354313217326856
VRT,2026-08-12,288.36,0.023242610269330388
VRT,2026-08-13,287.07,-0.004473574698293903
VRT,2026-08-14,293.84,0.02358309819904547
VRT,2026-08-17,292.43,-0.004798529812142571
VRT,2026-08-18,272.54,-0.0680162773997195
VRT,2026-08-19,261.0,-0.04234240845380499
VRT,2026-08-20,264.63,0.013908045977011563
VRT,2026-08-21,261.95,-0.010127347617428173
VRT,2026-08-24,254.97,-0.026646306547050913
VRT,2026-08-25,255.75,0.003059183433345103
VRT,2026-08-26,263.81,0.031515151515151496
VRT,2026-08-27,269.28,0.020734619612599925
VRT,2026-08-28,257.08,-0.04530600118835404
VRT,2026-08-31,258.72,0.006379337171308785
VRT,2026-09-01,255.97,-0.010629251700680409
VRT,2026-09-02,256.7,0.0028518967066453182
VRT,2026-09-03,268.83,0.04725360342812612
VRT,2026-09-04,268.83,0.0
